FECHA,OPEN,MAX,MIN,CLOSE,FECHA.year,FECHA.month,FECHA.day-of-month,FECHA.day-of-week,1,2,31,42,45,46,47,48,60,68,75,76,77,88,93,139,171,173,179,187,191,218,221,223,225,231,237,39,41,43,168,172,CLASIFICADOR
2021-08-12,443.6199951171875,445.260009765625,442.6600036621094,445.1099853515625,2021,8,12,3,0.0029969502364324274,0.007583247717951602,0.00836392283529519,0.014957200945800997,0.03138287456234434,0.008624092819590645,0.016788741568126042,3.5436006780244043,3.4198428096175215,0.12375786840688274,62.469857701854025,98.38161706610482,96.43971432788209,2.7085680280412947,0.8315759642245741,0.04510942456513715,0.006707063273406935,4.459991455078125,0.010121392299680565,1.4332054146012354,-0.34977025613447577,0.005841266628655959,0.022828019929873156,0.0,0.3795870479257619,114.66630603538665,-1.6183829338951805,bull,low,neutral,low,end_week,1
2021-08-13,445.5899963378906,445.94000244140625,445.07000732421875,445.9200134277344,2021,8,13,4,0.0018198380239258238,0.0077516401931321255,0.008506021130544328,0.015116833730126622,0.03196140117746338,0.008836233144279948,0.01723466041940891,3.649329760996636,3.4657401998933444,0.18358956110329183,61.97466708033029,99.7991056366971,98.97107352515718,2.644282749720982,0.8387139072309786,0.04463009462383282,0.00636042818764718,7.410003662109375,0.016898140286626173,1.6563131148529298,-0.31970331568430443,0.0019510115962276518,0.023257550828130302,0.0,0.3820976728928931,133.24024438034652,-0.20089436330288735,bull,low,neutral,low,end_week,1
2021-08-16,444.5299987792969,447.1099853515625,442.8699951171875,446.9700012207031,2021,8,16,0,0.002354655008411921,0.010946998132763008,0.00874075224514237,0.014965508056717702,0.03322588154893924,0.00947048295726316,0.01814944016283304,3.774337843550825,3.527459728624841,0.246878114925984,70.41026644234907,98.72857043863904,98.96976438048033,2.587853567940848,0.9242194099983069,0.03527775416211488,0.005046174491736878,9.3800048828125,0.02143560173064296,2.075641091851176,0.3578386317243878,0.00948607338925503,0.02427296532761325,0.0,0.38535203610048474,130.70384852010267,-1.271429561360959,bull,low,overbought,normal,start_week,0
2021-08-17,444.239990234375,444.9599914550781,440.8500061035156,444.0400085449219,2021,8,17,1,-0.00655523338877162,0.0030722325192968913,0.001475028430458103,0.006828378919975675,0.025416989750273622,0.0024131601124883773,0.010616191755589588,3.595534642429243,3.5410747113857215,0.054459931043521426,61.707946661985005,72.11641604878386,90.21469737470666,2.811425345284598,0.7293555036177847,0.029772029937223728,0.004620695229464836,2.8900146484375,0.006551093026005317,1.3336732315913147,0.7174497935329349,0.009255889722708866,0.023906698260203196,-0.00655523338877162,0.3762707301782362,70.43613057431314,-27.88358395121613,bull,low,neutral,high,start_week,0
2021-08-18,442.9599914550781,444.6300048828125,438.9200134277344,439.17999267578125,2021,8,18,2,-0.01094499544098837,-0.01036551019912757,-0.00953078461366108,-0.004713788725483892,0.013402804437418814,-0.00725114115565062,-0.0004120486339120877,3.0267783369759513,3.438215436503768,-0.4114370995278165,47.09370448448838,27.974499341694962,66.27316194303928,3.007138933454241,0.3235989328504531,0.026721996650324657,0.005123208602612528,0.199981689453125,0.00045555989896617355,0.6531221051484982,0.618941521035238,0.013001483560963237,0.02315426738642712,-0.01742848183020529,0.36120745331086956,-3.310185173147634,-72.02550065830503,bull,low,neutral,high,mid_week,1
2021-08-19,436.2699890136719,441.1400146484375,436.1199951171875,439.8599853515625,2021,8,19,3,0.0015483234371362897,-0.011794837619410803,-0.00757195584822179,-0.003669505826342623,0.014119626865315427,-0.004839215085947424,0.001051427125480231,2.600922774509627,3.27075690410494,-0.669834129595313,52.83251799298209,34.15064791074769,44.74718776707551,3.159997122628348,0.34660971913084565,0.023922674927968877,0.005115957122903103,-1.9000244140625,-0.004301033076920091,1.2777151724791966,0.6158607923919674,0.01141276701320694,0.021857083585416825,-0.01590714331996046,0.36331504271363535,-73.6749917949356,-65.8493520892523,bull,low,neutral,high,end_week,1
2021-08-20,440.2300109863281,443.7099914550781,439.7099914550781,443.3599853515625,2021,8,20,4,0.00795707751684338,-0.005741002868414058,0.000128554342737619,0.003869542771980372,0.02125900228764932,0.002604375464160258,0.00834338188301853,2.516837387682642,3.1199730008204805,-0.6031356131378383,60.923895396469376,65.93999029866261,42.68837918370176,3.179997035435268,0.6614628759905281,0.023965526120117354,0.004903757108585232,0.8699951171875,0.001966135136134195,1.7072448396027646,0.24474106420627217,0.009022014011544588,0.02112773188322592,-0.008076640175585514,0.37416304618838647,30.25747671121567,-34.0600097013374,bull,low,neutral,normal,end_week,1
2021-08-23,445.1600036621094,448.2300109863281,443.44000244140625,447.260009765625,2021,8,23,0,0.008796518727259395,0.0006488322351161369,0.00776000070302052,0.011985190650933397,0.02915441607481295,0.009649336589684143,0.015917938253737995,2.733389674479156,3.042656335552216,-0.3092666610730599,61.42060343873603,91.99009125021105,64.02690981987378,3.1578565325055803,0.9533022675531038,0.02643973240113841,0.005237389273749932,5.1300048828125,0.01160293313314531,1.9666683004309984,-0.05889156418597319,0.010709673210962802,0.02122967309366075,0.0,0.3862508971584906,144.99153708853393,-8.009908749788949,bull,low,neutral,low,start_week,1
2021-08-24,447.9700012207031,448.5400085449219,447.4200134277344,447.9700012207031,2021,8,24,1,0.0015874244054374653,0.008850537339325504,0.008158082270973477,0.012565245222096566,0.029711945190035394,0.009504536375557704,0.016211014849120353,2.928540902152463,3.0198332488722657,-0.0912923467198028,67.77381978081385,95.4105740099612,84.4468851862783,3.0764290945870534,0.9447754066066244,0.028250764398063552,0.005089918875197345,5.290008544921875,0.011949960767249523,2.0823560328914734,-0.3200347873914221,0.002500156515247787,0.021379447626417747,0.0,0.38845146566469935,173.36333242144232,-4.589425990038798,bull,low,neutral,low,start_week,1
2021-08-25,448.1700134277344,449.4599914550781,447.7699890136719,448.9100036621094,2021,8,25,2,0.0020983602447592897,0.022154950472689672,0.009108535795947281,0.013535338113909612,0.030715051130151494,0.009817156898362933,0.01696157501656792,3.123049427397291,3.0404764845772707,0.08257294282002015,65.24520144870766,95.87715184443809,94.42593903487011,2.9921439034598216,0.9509916140167289,0.03001239422914754,0.005083648612266382,5.1300048828125,0.011559792908476307,2.179385462983143,-0.28117519945629277,0.003764679841437216,0.02141148802904702,0.0,0.3913649370220278,167.47272694919909,-4.12284815556191,bull,low,neutral,low,mid_week,0
2021-08-26,448.6099853515625,448.8599853515625,446.1600036621094,446.260009765625,2021,8,26,3,-0.005903174076911433,0.014550140106395881,0.0028923297903795664,0.0069145773845931124,0.023495516363838842,0.0032608605256827516,0.010138320306041226,3.02845631523536,3.0380724507088885,-0.009616135473528686,57.43007539779917,76.01212467829568,89.09995017756499,3.1042872837611606,0.7281115682701179,0.030312260956468447,0.005265114070581514,1.1500244140625,0.002583685947090464,1.7286294715336483,0.01628394076621098,0.006050243423942806,0.020543767223512033,-0.005903174076911433,0.383151467594276,106.94584043759606,-23.98787532170432,bull,low,neutral,low,end_week,1
2021-08-27,447.1199951171875,450.6499938964844,447.05999755859375,450.25,2021,8,27,4,0.008940954033659798,0.01554045217448774,0.010875471472759024,0.014573581224188281,0.0313087277664259,0.010329844566494994,0.017724757426056614,3.238122399158499,3.0780824403988105,0.16003995875968835,63.99999158135776,97.24711679223051,89.7121311049881,3.311429704938616,0.9595129481701473,0.03171527871460969,0.005408183347459452,4.329986572265625,0.009710231525563273,2.086263789163924,0.34750325338698573,0.007973340006420044,0.020213425758463854,0.0,0.3955181612876253,143.42611351685844,-2.7528832077694863,bull,low,neutral,normal,end_week,1
2021-08-30,450.9700012207031,453.07000732421875,450.7099914550781,452.2300109863281,2021,8,30,0,0.004397581313332788,0.011112107302657215,0.014123252521824003,0.01735716281845967,0.034076559073963564,0.012471760567119183,0.02052207142130391,3.52343861311698,3.1671536749424445,0.35628493817453544,65.69176968723266,95.04427296198538,89.4345048108372,3.401430402483259,1.0239162354679965,0.03312965249674926,0.005386113731001885,5.260009765625,0.011768149431191421,2.2999057532083107,-0.14857579055669423,0.005218618428249277,0.019675425548641767,0.0,0.40165506587612043,176.90548782020156,-4.955727038014612,bull,low,neutral,low,start_week,0
2021-08-31,452.1300048828125,452.489990234375,450.9200134277344,451.55999755859375,2021,8,31,1,-0.0014815766566952382,0.008013921307471472,0.010915989667868553,0.014661761298085274,0.03109685290212094,0.009268107119872804,0.017577183551578557,3.6533754461926264,3.264398029192481,0.38897741700014565,62.96665144180151,91.09139422921115,94.4609279944757,3.4235709054129466,0.9172254454439435,0.03514110047263425,0.005203837985706304,7.519989013671875,0.016935386156563093,1.882129350007804,0.04294876676560877,0.003476784513971274,0.01996294790122244,-0.0014815766566952382,0.3995784064497798,146.20836127374443,-8.908605770788848,bull,low,neutral,low,start_week,1
2021-09-01,452.55999755859375,453.1099853515625,451.54998779296875,451.79998779296875,2021,9,1,2,0.0005314692082392103,0.0064377806404034565,0.008603690299305633,0.013740897759433324,0.030294934994877343,0.008283622221257891,0.016753436479680195,3.732688420191323,3.3580561073922497,0.3746323127990734,61.570381411217284,92.28959204494834,92.80841974538163,3.3492845807756697,0.8909889527003036,0.035143953977558866,0.005006627866280556,12.6199951171875,0.02873535982433517,2.0811552845334567,-0.1446033519278439,0.0034528499352430215,0.0215062119087972,-0.000950894860828666,0.40032223927732447,138.55866172374138,-7.710407955051659,bull,low,neutral,low,mid_week,1
2021-09-02,453.32000732421875,454.04998779296875,451.9100036621094,453.19000244140625,2021,9,2,3,0.0030766150641741152,0.015529047022207587,0.008705062064943148,0.015557517680607535,0.03202491353326198,0.00961722712779789,0.01838181355231061,3.8631748142800006,3.4590798487698002,0.4040949655102004,62.3261849742686,95.20364917536126,92.86154514984025,3.4478563581194197,0.9190643156593876,0.037124415272935224,0.004891174136650986,13.33001708984375,0.03030513693849546,2.2484929417355897,-0.2561202578454056,0.004722046204309323,0.02311860259784959,0.0,0.40463049177338295,137.1112036768807,-4.796350824638742,bull,low,neutral,low,end_week,0
2021-09-03,451.9800109863281,453.6300048828125,451.54998779296875,453.0799865722656,2021,9,3,4,-0.0002427588175996087,0.00628536717882433,0.006283130053164276,0.014107681654153215,0.030461216547949643,0.007918849004330042,0.01676876371463254,3.912606765223927,3.549785232060626,0.36282153316330135,60.70048143935831,94.59006348611986,94.02776823547647,3.293572562081473,0.8656409751474372,0.03858342640199067,0.0049021173050370305,9.720001220703125,0.021923496801353526,1.8971195401192515,-0.17456540463015424,0.004590838596910725,0.024027120968934446,-0.0002427588175996087,0.4042895053360358,115.26961445890068,-5.409936513880142,bull,low,neutral,low,end_week,0
2021-09-07,452.7099914550781,452.80999755859375,450.739990234375,451.4599914550781,2021,9,7,1,-0.003575516829695813,-0.0017027165657815813,0.0017507057500176781,0.009427735096843026,0.025617477532731137,0.003648747026507193,0.012148634967111605,3.7775170107152007,3.595331587791541,0.1821854229236597,63.619619942594795,85.55495038551223,91.78288768233112,3.0235726492745534,0.7460059797115076,0.03832319485851144,0.004999603328177434,4.199981689453125,0.009390469967690551,1.5294873395996245,-0.10399409870570187,0.004585140130683591,0.023825061111231394,-0.003817407659057581,0.3992684445759416,85.53469218078912,-14.44504961448777,bull,low,neutral,low,start_week,0
2021-09-08,450.8900146484375,451.6700134277344,448.8599853515625,450.9100036621094,2021,9,8,2,-0.0012182425981892564,-0.001439440827351035,-0.00012195121043423462,0.007271235419437971,0.023278224822370852,0.002052053558026179,0.010098864423415232,3.5847551624648304,3.593216302726199,-0.008461140261368794,75.57784370171326,82.48753255152928,87.5441821410538,2.816432407924107,0.6929100106726217,0.03769236958769169,0.005024996266461917,2.94000244140625,0.006562944914603408,1.1414140750109782,-0.03651010999928228,0.0062319044894767455,0.02340303006064892,-0.0050309997286218655,0.397563796150457,57.427148373843075,-17.512467448470716,bull,low,overbought,low,mid_week,0
2021-09-09,450.70001220703125,452.57000732421875,448.7200012207031,448.9800109863281,2021,9,9,3,-0.004280217028024724,-0.00624164870038213,-0.00441710158325348,0.0023777091593961686,0.01791522808764845,-0.0018934526812193209,0.00534532624325168,3.2389194820073044,3.5223569385824205,-0.2834374565751161,68.85859571315524,64.64450417435458,77.56232903713205,2.7328600202287947,0.5645284658223221,0.03684744599295415,0.0051414125081753,0.07000732421875,0.00015594957485376426,0.7456388147935454,-0.017578062772888425,0.008575005588907746,0.022431411494127307,-0.00928968298594024,0.39158191979242307,45.21190306957925,-35.35549582564541,bull,low,neutral,low,end_week,0
2021-09-10,451.0400085449219,451.489990234375,445.30999755859375,445.44000244140625,2021,9,10,4,-0.007884557125706126,-0.01710099507546403,-0.012087198553127454,-0.005562229495751914,0.009094181021102932,-0.00827349523742893,-0.0023906204628488803,2.6486609939399273,3.3476177496539217,-0.6989567557139944,54.29400157753748,18.85016740108379,55.32740137565589,2.888573782784598,0.3486319975330986,0.036746402179471296,0.005440906960940797,-0.82000732421875,-0.001837510209909743,0.14908789380672088,0.4611568175091514,0.013873905895091167,0.021440535584930753,-0.01710099507546403,0.38060991265071986,-9.224181999849353,-81.1498325989162,bull,low,neutral,high,end_week,1
2021-09-13,448.6400146484375,448.9200134277344,444.1099853515625,446.5799865722656,2021,9,13,0,0.0025592316015876637,-0.014346252742645116,-0.008752075902236478,-0.00309067422194631,0.010936964081907474,-0.004857348440420628,0.00015045465877494557,2.2469624967028494,3.127486699063707,-0.8805242023608577,48.41560236689083,24.849100744825215,36.1145907734212,2.8842882428850447,0.41559106448373917,0.03661548629944379,0.005456048392123431,-3.670013427734375,-0.008151057029948672,0.6609817373812842,0.3130730334995244,0.010770809755921554,0.01986288143005699,-0.01458552888089193,0.38414321316864086,-28.10775798546731,-75.15089925517479,bull,low,neutral,high,start_week,0
2021-09-14,448.1199951171875,448.3399963378906,443.2200012207031,444.1700134277344,2021,9,14,1,-0.005396509510041114,-0.016147561611933314,-0.01233439003720238,-0.0081605318332717,0.005005944393331241,-0.008667799986443181,-0.004860098893127773,1.71438647170595,2.844866653592156,-1.130480181886206,41.7962171863182,8.772053415690507,17.490440520533173,3.158573695591518,0.28160336180544776,0.0373656476616739,0.005560861405228469,-8.05999755859375,-0.01782278345706123,0.1438601699048329,0.22190892065657386,0.011527106653768993,0.017556887934152776,-0.01990332744561829,0.3766736711555174,-53.64161885358181,-91.22794658430949,bull,low,neutral,normal,start_week,1
2021-09-15,444.6199951171875,448.4100036621094,443.44000244140625,447.8800048828125,2021,9,15,2,0.008352638275707758,-0.006719741754870001,-0.0032691608166871555,-0.0003046638818109404,0.012715257140326619,-0.00032795553851638903,0.0031954280548680547,1.5735426198006053,2.590601846833846,-1.0170592270332408,48.01388298792594,43.0287113563291,25.54995517228161,3.392859322684152,0.4916517161883245,0.03649419314001115,0.0056761380608887895,-3.67999267578125,-0.008149509911589803,0.6256747575890899,0.24470778974330343,0.011096724940876792,0.016036844982252996,-0.011716934464546802,0.3881725283543702,-31.682486446655606,-56.9712886436709,bull,low,neutral,normal,mid_week,0
2021-09-16,447.32000732421875,448.3599853515625,444.0199890136719,447.1700134277344,2021,9,16,3,-0.0015852269521696716,-0.004031354435172996,-0.003822770487636684,-0.0027786406762002613,0.010529041299314201,-0.0016188831868210185,0.0014860599979580336,1.3886252679619702,2.3502065310594706,-0.9615812630975005,51.89663441050346,36.47291878594555,29.42456118598839,3.5064304896763394,0.41178134061067145,0.031497199066894147,0.005037461936528633,-4.629974365234375,-0.010247840837383948,0.1071692812381724,0.24015231610542176,0.009705472655965552,0.014406886005591701,-0.01328358741640645,0.38597195984816124,-42.77496286344324,-63.52708121405445,bull,low,neutral,normal,end_week,0
2021-09-17,444.9200134277344,445.3699951171875,441.0199890136719,441.3999938964844,2021,9,17,4,-0.012903413372959749,-0.009069703041440058,-0.014087353616583198,-0.01581520087141597,-0.0029824798391535623,-0.012297858026830477,-0.0105983567539637,0.7676357531400981,2.0336923754755962,-1.266056622335498,32.82885161724285,2.9163846386254675,27.47267159363338,3.632147652762277,-0.02987706399887207,0.029846924779234615,0.0059036922078871045,-11.790008544921875,-0.026015597169856464,-0.6819882434403397,0.8502707910557981,0.009855020760457404,0.011263547351953784,-0.026015597169856464,0.36808819072690935,-148.00768689958002,-97.08361536137453,bull,low,neutral,high,end_week,0
2021-09-20,434.8800048828125,436.55999755859375,428.8599853515625,434.0400085449219,2021,9,20,0,-0.016674185440266553,-0.02808002688072664,-0.026386081537052686,-0.03121908578551824,-0.01954138289250207,-0.024449502364539244,-0.025139182013804273,-0.3147638178921852,1.5640011368020401,-1.8787649546942253,20.802529973881235,20.563805840862777,19.984369755144602,4.326433454241071,-0.2708348985498466,0.040500353375606035,0.006712212214957677,-19.03997802734375,-0.0420234364607206,-1.7107431883098334,1.4218714362551514,0.017740328208094947,0.0070301980228018035,-0.04225599371857347,0.34527643453609014,-318.2586226061828,-79.43619415913722,bull,low,oversold,high,start_week,0
2021-09-21,436.5299987792969,437.9100036621094,433.07000732421875,433.6300048828125,2021,9,21,1,-0.0009446218183523092,-0.023729671581345313,-0.023399845253982976,-0.03065974011982875,-0.020314847681430992,-0.02155191566802639,-0.024176351648267036,-1.1919174626253835,1.0128174169165554,-2.204734879541939,20.977630947182476,18.936161448754945,14.138783976081067,4.560006277901786,-0.11616786475881467,0.04975874574671282,0.00630173368831333,-17.829986572265625,-0.039494056859387894,-2.1544991850870643,0.31050042179128434,0.011161580802506097,0.003158915711368282,-0.043160699603303154,0.34400565706431196,-224.77435027083482,-81.06383855124506,bull,low,oversold,high,start_week,1
2021-09-22,436.04998779296875,440.0299987792969,433.75,437.8599853515625,2021,9,22,2,0.00975481498309394,-0.022372107310018707,-0.010966461635747882,-0.02009671369072996,-0.010859656543170337,-0.010178856451880658,-0.013586392377399337,-1.528128657286743,0.5046282020758958,-2.032756859362639,30.017166165330636,35.728460213271696,25.076142500963144,4.905720302036831,0.12274670857633892,0.053271142088356295,0.006762023114019588,-13.050018310546875,-0.028941514281253244,-1.4814202536059353,0.38716015456486375,0.01434248159090079,0.00010798935368172558,-0.033826909259380256,0.35711618358520614,-151.266073061275,-64.27153978672831,bull,medium,neutral,high,mid_week,1
2021-09-23,439.8500061035156,444.8900146484375,439.6000061035156,443.17999267578125,2021,9,23,3,0.012150019417616509,-0.008922827184604909,0.0023635135512618533,-0.00755454315700832,0.0008445990591705588,0.0015628162854075534,-0.0014829980430655088,-1.3497393661887713,0.13375468842296234,-1.4834940546117337,37.103805542712095,57.811853180626464,37.492158280884375,5.247150966099331,0.35905798736829575,0.05360036383721239,0.007360764330141297,-5.800018310546875,-0.012918210540832975,-0.9971436614195788,0.01083362084278705,0.011936478704696187,-0.001515332982053419,-0.022087887446103127,0.36995360950782463,-61.19713426121019,-42.188146819373536,bull,medium,neutral,normal,end_week,1
2021-09-24,441.44000244140625,444.6700134277344,441.2099914550781,443.9100036621094,2021,9,24,4,0.0016472110618543923,0.0056864744003908285,0.004362175216394704,-0.005658137781407446,0.0020786160136259113,0.0027170123564772553,0.0001497854347611849,-1.1363595367474773,-0.12026815661112558,-1.0160913801363516,38.37179963468623,62.83929285901778,52.12653541763865,5.345722743443081,0.39497640399302736,0.05387491950886748,0.007268384018774509,-1.529998779296875,-0.003434803275213505,-0.6253642271528879,-0.18070454358485766,0.00779442216690821,-0.002273641181555708,-0.020477059796782937,0.359435266876466,-45.97406399133214,-37.16070714098222,bull,medium,neutral,normal,end_week,0
2021-09-27,442.80999755859375,444.04998779296875,441.8999938964844,442.6400146484375,2021,9,27,0,-0.002860915508086981,0.01981385571423777,0.002382336249999728,-0.007657087826389297,-0.0012977554403866831,-0.00012834447476806066,-0.0025112067958787954,-1.0575413063755832,-0.30772278656401714,-0.7498185198115661,38.71546364863799,58.119006860334906,59.590050966659724,5.332151140485491,0.3576795038667281,0.05380172241121896,0.006956260997983425,-3.939971923828125,-0.008822544767555396,-0.9857825185730844,-0.18168904381005258,0.004857206364842516,-0.0036713453113649264,-0.023279392166937307,0.35554603743921875,-46.08020828364907,-41.880993139665094,bull,medium,neutral,normal,start_week,0
2021-09-28,439.69000244140625,440.0400085449219,432.94000244140625,433.7200012207031,2021,9,28,1,-0.02015184604315312,0.0002075417680447167,-0.015487707358218361,-0.025632959083077056,-0.0218096799913704,-0.017211666789967994,-0.020972580273831976,-1.695305401528799,-0.5852393095569736,-1.1100660919718255,31.886174783257445,20.497728238065207,47.1520093191393,5.824292864118304,0.055035734956722565,0.05760678125598238,0.008063327631849361,-10.45001220703125,-0.02352705471129568,-1.7595344361247902,0.6489794153643376,0.016370022326691616,-0.006421425796714009,-0.04296211548316409,0.32822928238833726,-128.7069220466178,-79.5022717619348,bull,medium,neutral,high,start_week,1
2021-09-29,435.19000244140625,437.0400085449219,433.8500061035156,434.45001220703125,2021,9,29,2,0.001683138855191224,-0.007787816330814823,-0.010815097476597146,-0.022113555487927927,-0.020313057095323717,-0.013195619599884911,-0.0179189291452172,-2.1174239113403246,-0.8916762299136438,-1.2257476814266808,34.29188284673435,24.70183671818108,34.439523938860404,5.786435808454241,0.13036757751538308,0.05982580028906474,0.008106140053830743,-13.42999267578125,-0.029985693778169842,-1.269437467971957,0.025874774524663913,0.007342622515305852,-0.009601804065647701,-0.0413512878338439,0.3304648767021279,-117.51664563006787,-75.29816328181892,bull,medium,neutral,high,mid_week,0
2021-09-30,436.0199890136719,436.7699890136719,428.7799987792969,429.1400146484375,2021,9,30,3,-0.01222234413487222,-0.03168008091379482,-0.018877560809691163,-0.0315959747771839,-0.032050957851563644,-0.02145440305580304,-0.02776734342542997,-2.8476029033444092,-1.282861564599797,-1.5647413387446123,33.027903080867205,1.7875650808851606,15.662376679043822,5.915721348353794,0.014007984998504556,0.06501336195222611,0.008401233414098687,-18.029998779296875,-0.040320232211211615,-1.9997560161689345,0.6560919008070423,0.018618609222261887,-0.013426863473578354,-0.0530682222983907,0.3142034771197142,-142.10711531433378,-98.21243491911484,bull,medium,neutral,high,end_week,1
2021-10-01,430.9800109863281,436.0299987792969,427.2300109863281,434.239990234375,2021,10,1,4,0.0118841762871158,-0.021783724962176954,-0.005589921607644488,-0.01798760612718886,-0.02049377308010014,-0.008326211903835312,-0.015030235324433372,-2.9803934867674684,-1.6223679490333314,-1.358025537734137,38.13004211288931,33.09717503378836,19.862192277618206,6.200718470982143,0.2181836045028329,0.06382739405724054,0.00892539898959841,-7.160003662109375,-0.01622112315612878,-1.2318213023789424,0.44922342306105834,0.02026526342776279,-0.014987631155700343,-0.04181471812031279,0.3298217029189454,-116.08695622175784,-66.90282496621164,bull,medium,neutral,high,end_week,0
2021-10-04,433.0,433.9599914550781,426.3599853515625,428.6400146484375,2021,10,4,0,-0.01289603839322806,-0.031628410303391474,-0.017198540634214998,-0.0279654681853565,-0.03263237541195996,-0.017924660042558438,-0.025731046303999694,-3.4971887941762816,-1.9973321180619217,-1.49985667611436,35.92531069377351,10.340260333409454,15.075000149360996,6.397862025669643,0.07100859823326065,0.06518887807584194,0.009230404588230373,-5.399993896484375,-0.012441235347375845,-1.8483244748621066,0.37878390766040626,0.017730510087232542,-0.015703919271451428,-0.05417151230325934,0.31267227118195473,-127.93920553429164,-89.65973966659054,bull,medium,neutral,high,start_week,1
2021-10-05,430.239990234375,435.489990234375,429.3900146484375,433.1000061035156,2021,10,5,1,0.010404981575824479,-0.0014294824205536294,-0.006851822137430297,-0.015802600910355236,-0.022217394306127014,-0.0065283572241099375,-0.014455397177618678,-3.5064486050553114,-2.2991554154606,-1.2072931895947114,36.784682258368186,30.636457963423297,24.69129777687371,6.532145908900669,0.24967480378132856,0.06312828732011004,0.009681220489581463,-0.529998779296875,-0.0012222373298178546,-1.303566556554752,-0.04744662754666806,0.014084450473269075,-0.015471580687754116,-0.04433018431488478,0.3263306019786987,-84.2846718243806,-69.3635420365767,bull,medium,neutral,high,start_week,1
2021-10-06,429.2699890136719,435.1199951171875,427.5400085449219,434.8999938964844,2021,10,6,2,0.004156055801436631,0.0010357502055695633,-0.0020468721065367568,-0.009911154919900245,-0.01797143186688155,-0.0020310397481279052,-0.009599420710226458,-3.3301551445664472,-2.5053553612817696,-0.8247997832846776,39.23870323997298,44.92374622744494,28.633488174759236,6.763573782784598,0.3335458597727375,0.05954285610660291,0.009779002830979128,-2.959991455078125,-0.00676013235761086,-0.6884273490555234,0.15289681488747076,0.017429263459750304,-0.015957222153268114,-0.040358367233148784,0.3318429059716752,-77.45213023322562,-55.07625377255506,bull,medium,neutral,high,mid_week,1
2021-10-07,438.3900146484375,441.67999267578125,438.20001220703125,438.6600036621094,2021,10,7,3,0.008645688246479821,0.02218387633106378,0.007626218879618785,-0.000176641816825307,-0.009473515123411436,0.005576492242461484,-0.0009600052625483579,-2.854139202543081,-2.5751121295340322,-0.2790270730090487,47.509097022701766,66.37883898338582,47.31301439141802,6.808571951729911,0.4968366227033708,0.05583962969370672,0.010027676875828031,-4.519989013671875,-0.01019899157988069,-0.30786090606966243,-0.26656903449654257,0.007933206674184401,-0.01697031466890897,-0.03206160484790366,0.343357604529992,7.619078938405602,-33.62116101661419,bull,medium,neutral,normal,end_week,0
2021-10-08,439.4800109863281,439.8900146484375,437.19000244140625,437.8599853515625,2021,10,8,4,-0.001823777649815339,0.008336392774957568,0.007188244938017396,-0.001137235489227062,-0.011155419899330887,0.003164945962847332,-0.0025764865793396208,-2.5124855610293935,-2.5625868158331047,0.05010125480371119,53.94300064071831,62.06142373417305,57.78800298166794,6.105715070452009,0.47894503759208906,0.05401270575528275,0.009903108195710079,-6.050018310546875,-0.013628929874605733,-0.6897510734400585,-0.23917697630059764,0.0061663826276872075,-0.018212747149841113,-0.033826909259380256,0.34090761895514077,-1.6942797582334563,-37.93857626582695,bull,medium,neutral,normal,end_week,0
2021-10-11,437.1600036621094,440.260009765625,434.6199951171875,434.69000244140625,2021,10,11,0,-0.007239718211772717,0.01411437940046456,0.0017283495316873232,-0.007022049616495218,-0.01814496784849695,-0.0034694595948752127,-0.009078395776387804,-2.469052022066478,-2.5438798570797796,0.07482783501330159,51.0351548530148,44.95414959353878,57.79813743703255,6.162859235491071,0.3637549719285191,0.05153985958893894,0.009969763679147352,-7.95001220703125,-0.017960446285782528,-1.0163230085740669,-0.32797986781868904,0.01297479725036405,-0.0198390286043868,-0.04082173018013979,0.33119982564588635,-20.52030803726413,-55.04585040646122,bull,medium,neutral,normal,start_week,0
2021-10-12,435.6700134277344,436.1000061035156,432.7799987792969,433.6199951171875,2021,10,12,1,-0.0024615411401438525,0.0012006211183188675,-0.0007144164094647909,-0.008271283254813522,-0.02038615593069204,-0.005015882956150075,-0.0106735414350283,-2.4922422607418184,-2.533552337812188,0.04131007707036938,45.58701896994869,39.17969933727717,48.731757554996335,5.942860194614956,0.33565993099255914,0.050330289531757444,0.009927819728725777,-0.100006103515625,-0.0002305775690172318,-1.3612586956856687,-0.26404621356195834,0.007656490386983896,-0.019685803382196942,-0.04318278695203337,0.3279230225093068,-49.76191414250626,-60.82030066272283,bull,medium,neutral,normal,start_week,1
2021-10-13,434.7099914550781,436.04998779296875,431.5400085449219,435.17999267578125,2021,10,13,2,0.00359761444619755,0.0006438233691112849,0.0027119462265987604,-0.0032558495201990834,-0.01659661692880532,-0.0012156109961388717,-0.006590812417487157,-2.357565380263509,-2.498354946302452,0.1407895660389431,40.966569857598316,48.17036482700343,44.1014045859398,5.762856619698661,0.42761406641267535,0.044979036103351196,0.009743389961174097,0.72998046875,0.0016802404148676953,-0.9676617705083733,-0.24323399401112222,0.010363480224163038,-0.019256340994107113,-0.03974052752400148,0.33270037755852466,-43.30038310593374,-51.82963517299657,bull,medium,neutral,normal,mid_week,1
2021-10-14,439.0799865722656,442.6600036621094,438.5799865722656,442.5,2021,10,14,3,0.01682064306130071,0.008753924009102354,0.016449253600108404,0.014052357632532653,-0.0002141923378904398,0.013155414494489204,0.00936239806984518,-1.6412502556746063,-2.326934008176883,0.6856837525022765,48.614109845360296,91.2380577780998,59.52937398079347,6.049998692103794,0.8428049528412653,0.040992282976260154,0.010559264842606147,13.3599853515625,0.031131996307795617,-0.6108603423976415,-0.2687570818309454,0.009220377604166666,-0.016393780485331133,-0.02358834569124979,0.3551172549170971,88.93511021927748,-8.761942221900197,bull,medium,neutral,normal,end_week,1
2021-10-15,444.75,446.260009765625,444.0899963378906,445.8699951171875,2021,10,15,4,0.007615808174435079,0.018293541391305013,0.02146151962510734,0.02125211838649066,0.0072129227274890795,0.01760389947185903,0.015766669772632858,-0.7924994762846609,-2.0200471017984385,1.2275476255137776,53.048878851427645,98.04012979922832,79.14951746811052,6.164999825613839,0.9798832998544867,0.04428601368902569,0.010280978587744578,11.6300048828125,0.02678243631254551,-0.27611908301729227,-0.290902589134137,0.004866919621186963,-0.013949225324560222,-0.016152181832751578,0.36543756798441285,156.967278148368,-1.9598702007716797,bull,medium,neutral,normal,end_week,1
2021-10-18,443.9700012207031,447.54998779296875,443.2699890136719,447.19000244140625,2021,10,18,0,0.0029605206420579844,0.028756124893129842,0.02015025380563662,0.022735333596191065,0.009980333110209072,0.01738960601025208,0.01735907056861108,-0.013192731795982127,-1.6186762277979474,1.6054834960019653,64.84462390435621,98.30115474239365,95.85978077324059,5.777856009347098,0.9656999824088656,0.04881970035427311,0.009453394375292582,18.54998779296875,0.04327637915042315,0.03765039587144972,-0.29488594763315557,0.009570873132070229,-0.00996904196954207,-0.01323948005842368,0.3694799740898722,142.19658967541065,-1.6988452576063506,bull,medium,neutral,normal,start_week,1
2021-10-19,448.9200134277344,450.7099914550781,448.2699890136719,450.6400146484375,2021,10,19,1,0.007714868821297793,0.03925100254348335,0.02392354689686349,0.02862480687866298,0.01738111983521562,0.021273165823324947,0.023297111769711387,0.8727402239260869,-1.1203929374531405,1.9931331613792274,66.83303592052859,99.71262098932073,98.6846351769809,5.792140415736607,1.0191697472813965,0.05513573745110387,0.009531781598402853,17.540008544921875,0.040498749244371135,0.26461597837821504,-0.4532390723115549,0.005414526810961948,-0.006389565980268519,-0.0056267520890389555,0.3800453324433697,168.9779741041634,-0.28737901067926974,bull,medium,neutral,low,start_week,1
2021-10-20,451.1300048828125,452.7300109863281,451.010009765625,452.4100036621094,2021,10,20,2,0.003927722696912994,0.03959283808151737,0.023871715970250396,0.030952976112521347,0.020928579601352304,0.021311628802123783,0.025241831395648395,1.698097187774124,-0.5566949124076876,2.2547921001818114,76.11673549968387,98.78647321526734,98.93341631566057,5.3707122802734375,0.9969913111629708,0.06228071883206691,0.00936893496451508,17.510009765625,0.04026215224503482,0.5034079639944962,-0.4050171149578574,0.003801863811101178,-0.002874516722154996,-0.0017211297140159454,0.3854657678183764,164.57893524869652,-1.2135267847326618,bull,medium,overbought,low,mid_week,1
2021-10-21,451.7699890136719,453.8299865722656,451.30999755859375,453.5899963378906,2021,10,21,3,0.0026082373648450563,0.025062138616702034,0.023085332491511457,0.03241737834495284,0.023138405503148052,0.020212366940291604,0.025794721119102526,2.4195233166316825,0.038548733400186386,2.380974583231496,73.81247638698086,99.12635521037353,99.20848313832055,4.922140938895089,0.9721423724208024,0.06866017590994888,0.009044929949256824,14.92999267578125,0.03403545468276037,0.6967227168506792,-0.4935673065275422,0.005555653859250175,5.187544963369817e-05,0.0,0.3890793914017141,152.65272435729568,-0.873644789626468,bull,medium,overbought,low,end_week,0
2021-10-22,453.1300048828125,454.6700134277344,451.04998779296875,453.1199951171875,2021,10,22,4,-0.001036180745822679,0.016260345121663855,0.018519548746405157,0.030267738095887342,0.021709049605185715,0.016160657322946026,0.022857950829451967,2.9196773279981016,0.6147744523197695,2.3049028756783323,84.47884573063381,94.28670095253521,97.39984312605868,4.617856706891741,0.9110914333754337,0.07362775197566586,0.009057848265335657,15.260009765625,0.03485134580948879,0.3870294018203554,-0.2770782980797244,0.00798911033230701,0.003131506766567149,-0.001036180745822679,0.3876400540819245,134.93407177796792,-5.713299047464781,bull,low,overbought,low,end_week,1
2021-10-25,454.2799987792969,455.8999938964844,452.3900146484375,455.54998779296875,2021,10,25,0,0.005362801690428132,0.0186944817771455,0.019202736521421793,0.03427487218107239,0.026742379650667836,0.018224899601503086,0.026188845222023582,3.4721087773874615,1.186241317333308,2.2858674600541535,83.53746768847817,98.76584525987302,97.39296714092727,4.379285539899554,0.9281060495679417,0.08006163943645192,0.009056844512257543,20.8599853515625,0.04798818752307121,0.6101084438066579,-0.43896455647464583,0.007704926664693569,0.007397589173454344,0.0,0.39508169250966096,131.71808057138892,-1.2341547401269772,bull,low,overbought,low,start_week,1
2021-10-26,457.20001220703125,458.489990234375,455.55999755859375,455.9599914550781,2021,10,26,1,0.0009000190387353779,0.011805380422754919,0.015046701947454055,0.03259876865635514,0.02725018221629738,0.016148946999689606,0.025053789981881014,3.898064093659684,1.7286058725985833,2.1694582210611006,82.82416823471887,90.61224304917806,94.5549297538621,4.047858101981027,0.8865093715911856,0.08434147022658763,0.007500338001744679,22.339996337890625,0.05151975598323855,0.8881575401395512,-0.27054982363467694,0.006425986338035795,0.012022580089595891,0.0,0.3963372925935109,128.5312060564761,-9.387756950821936,bull,low,overbought,low,start_week,0
2021-10-27,456.45001220703125,457.1600036621094,453.8599853515625,453.94000244140625,2021,10,27,2,-0.004430189164679965,0.0033818853847440433,0.006347039523212583,0.025760390173726,0.02224326557016476,0.009837707738592494,0.0189643399471342,4.026228661230675,2.1881304303250015,1.8380982309056737,75.18127986754928,83.11691694117407,90.8316684167417,3.799288068498884,0.7986271714539843,0.08626271363152063,0.007659553337571259,18.760009765625,0.04310862190670983,0.510358127951063,-0.05159230252422331,0.0072697235158799105,0.015795968411139283,-0.004430189164679965,0.3901512542496246,100.11357694395194,-16.883083058825928,bull,low,overbought,normal,mid_week,1
2021-10-28,455.4599914550781,458.3999938964844,455.45001220703125,458.32000732421875,2021,10,28,3,0.00964886297584644,0.010427943791786465,0.01250611982752936,0.03225459591638691,0.031217798454881596,0.016519191278629552,0.026606383563266167,4.430161647429657,2.6365366737459324,1.7936249736837242,80.15924569721724,99.36926521095644,91.0328084004362,3.9250008719308034,0.8722644583413836,0.08664430673853918,0.007023270304082152,15.82000732421875,0.03575142898128525,0.7466328852662651,-0.2848411556793633,0.006436510827174707,0.018480558547675496,0.0,0.4035646332175802,106.35650553446668,-0.6307347890435592,bull,low,overbought,low,end_week,1
2021-10-29,455.8699951171875,459.55999755859375,455.55999755859375,459.25,2021,10,29,4,0.0020291339259019825,0.013528436063006133,0.011570560766959392,0.03144416895164359,0.03240944986626748,0.015678279285326502,0.026508023368819522,4.770334637563167,3.0632962665093793,1.7070383710537875,88.76263137107573,98.89365567401724,93.79327927538259,3.807856968470982,0.8534229206833623,0.08897037263696608,0.006730239862631756,13.3800048828125,0.030008758224010723,1.0696506910859054,0.017270165665391968,0.008709853021230268,0.02060052942180146,0.0,0.4064126538320383,101.71723529130087,-1.1063443259827546,bull,low,overbought,normal,end_week,1
2021-11-01,460.29998779296875,460.70001220703125,458.20001220703125,460.0400085449219,2021,11,1,0,0.0017202145779464662,0.00985626357648739,0.010450682884115103,0.02958803132328769,0.0334104146111609,0.014705200973074595,0.026124764488392405,5.045509774299035,3.4597389680673105,1.5857708062317242,92.07009325357294,97.73661323998053,98.66651137498474,3.7492850167410716,0.8436904348449641,0.08608919051423301,0.0056382441533155015,12.850006103515625,0.028735003093454337,1.276087711596939,-0.2544597671017996,0.005434309959056269,0.022722268504497656,0.0,0.39321620695907966,104.038571128188,-2.263386760019466,bull,low,overbought,low,start_week,1
2021-11-02,460.2200012207031,462.2300109863281,460.0799865722656,461.8999938964844,2021,11,2,1,0.004043094767878008,0.013027464147567613,0.012033082801825357,0.030429907995281225,0.036906585997407815,0.015868335193227834,0.027968285517600666,5.351979043099391,3.8381869830737267,1.513792060025664,92.14513667935826,98.60458034179652,98.4116164185981,3.5835723876953125,0.8548385118445201,0.08575706125330236,0.005406196744695924,11.259979248046875,0.0249866387405282,1.474964873239674,-0.22214183437711177,0.0046547400789625,0.02457775701039333,0.0,0.37457963745629264,107.71061687572359,-1.395419658203478,bull,low,overbought,low,start_week,1
2021-11-03,461.29998779296875,465.1499938964844,460.8299865722656,464.7200012207031,2021,11,3,2,0.006105233516956243,0.023747629028768813,0.015472900762765862,0.03328401478783505,0.04245318439340795,0.01861179946888969,0.031627432663239086,5.7560569286430905,4.2217609721875995,1.534295956455491,90.84561797576319,98.03476883079206,98.12532080418971,3.3578578404017856,0.884190701536393,0.08663409774034361,0.005441074594065462,12.30999755859375,0.027209826173047347,1.6752331391614634,-0.12263755770505436,0.009295935860025762,0.026569181324657798,0.0,0.3527390978100169,116.78033708040482,-1.9652311692079378,bull,low,overbought,low,mid_week,1
2021-11-04,465.3599853515625,467.0,464.989990234375,466.9100036621094,2021,11,4,3,0.004712520303954415,0.018742355124405474,0.01729739903257954,0.034903138634866826,0.04652065179517462,0.019739080537730214,0.03369503522246431,6.181747125706693,4.613758202891418,1.5679889228152746,90.43047161523909,99.62074885703814,98.75336600987556,3.252142769949777,0.8901614338152086,0.08945819758135798,0.0053085075033174525,13.32000732421875,0.029365743141954948,1.859052244942521,-0.10230984868547,0.004304919041913678,0.02872636142625118,0.0,0.3334190049662529,127.77368157992541,-0.3792511429618627,bull,low,overbought,low,end_week,1
2021-11-05,469.2799987792969,470.6499938964844,466.9200134277344,468.5299987792969,2021,11,5,4,0.0034696089278050124,0.020206856351218105,0.017411053948821476,0.034975969901062554,0.04910433976483297,0.01962579030365541,0.034424888593806324,6.574048205395854,5.005816203392305,1.5682320020035494,90.53954244463176,90.52728036348364,96.06093268377128,3.2135707310267856,0.8846637413235959,0.0909260898381355,0.005178427446698502,15.410003662109375,0.03400865957840593,2.0523471469024654,0.13562457504265613,0.007961028063236189,0.031150915544904123,0.0,0.33804544745038867,137.74067075145194,-9.472719636516361,bull,low,overbought,normal,end_week,1
2021-11-08,469.70001220703125,470.2300109863281,468.20001220703125,468.92999267578125,2021,11,8,0,0.0008537209944432522,0.019324371719272593,0.015329636626136622,0.03195691444499915,0.049122346798844196,0.017288479244096155,0.03260731011939644,6.838397017915838,5.3723323662970115,1.4660646516188267,89.29955016983384,91.24234923387453,93.79679281813212,3.107142857142857,0.8637406736894953,0.08785631290791238,0.004585186577103982,13.3800048828125,0.029371101396875154,2.1617189982460054,-0.12673425635276436,0.004329001793451967,0.03328250151842127,0.0,0.32762380459280016,131.41475778241784,-8.757650766125462,bull,low,overbought,low,start_week,0
2021-11-09,469.32000732421875,469.57000732421875,465.8800048828125,467.3800048828125,2021,11,9,1,-0.003305371414023428,0.011864063777312417,0.009477493190622965,0.024739293675972718,0.044946246965866576,0.01175831546945183,0.02697329852999575,6.843931710702748,5.666652235178159,1.177279475524589,82.47294787111363,83.31638777864798,88.36200579200205,3.221429007393973,0.8101460661974952,0.07976658862479045,0.004649348094478863,11.420013427734375,0.025046086590383432,1.8822943093497186,-0.09819752695493589,0.007895079812692147,0.03513575489745557,-0.003305371414023428,0.32323551482052215,110.64072678900818,-16.68361222135202,bull,low,overbought,low,start_week,0
2021-11-10,465.5799865722656,467.3800048828125,462.0400085449219,463.6199951171875,2021,11,10,2,-0.008044866546158214,-0.0023670298257578715,-0.0007328336337546482,0.013336062617323785,0.035981127038248406,0.0030604040748962724,0.017301422815214407,6.470330685734382,5.827387925289404,0.6429427604449778,69.56693096209649,64.13267045852646,79.56380249034966,3.422858101981027,0.6960300744961202,0.0680306970836134,0.005347905957441343,9.67999267578125,0.02132438785680879,1.551466284972898,0.2279417649240978,0.011518045800722753,0.036740885628725684,-0.01132364668827035,0.3125902616946541,74.1415778475811,-35.86732954147353,bull,low,neutral,normal,mid_week,1
2021-11-11,465.2099914550781,465.2900085449219,463.75,463.7699890136719,2021,11,11,3,0.0003235276693500655,-0.006725096108049611,-0.001582350604528715,0.011313112630032096,0.03576221372864308,0.002862673900853707,0.01630328990627672,6.115852692834949,5.885080878798513,0.23077181403643543,71.03913031420727,62.32194577357803,69.92366800358415,3.283571515764509,0.6842652445268994,0.06139580287687202,0.004304296865480006,5.449981689453125,0.011891214876853073,1.6509172599629254,-0.36375465542590923,0.0033206300135916636,0.03740375017988051,-0.011003782531941786,0.3130149209628317,66.04724648422078,-37.67805422642197,bull,low,overbought,low,end_week,1
2021-11-12,465.1199951171875,467.8599853515625,464.1099853515625,467.2699890136719,2021,11,12,4,0.007546844519723317,-0.002689283010496313,0.004218701508450273,0.01657338623678961,0.042923043635390234,0.008812192784876993,0.022158034212407918,6.047633721841578,5.917591447407126,0.1300422744344516,72.21382223204256,79.86895078838552,68.77452234016334,3.3250013078962053,0.7877469890136789,0.057597079620533086,0.00429988931612421,8.019989013671875,0.017463231385240974,1.813474271729908,-0.012298264432405448,0.00802533885798148,0.03854174600493088,-0.0035399818481158807,0.3150311166283748,81.35339929151033,-20.131049211614485,bull,low,overbought,low,end_week,1
2021-11-15,468.6400146484375,468.80999755859375,466.2300109863281,467.42999267578125,2021,11,15,0,0.00034242229518555156,-0.003198771721639737,0.002969656629670636,0.014687482169223331,0.042612297792365306,0.007737864403581929,0.020806092182967806,5.938030732179243,5.92167930436155,0.01635142781769261,71.94797641279708,80.82192029808697,74.33760562001684,3.299285888671875,0.7753451352769473,0.05334207976636426,0.0043203052364263325,7.389984130859375,0.01606378574383882,1.9182046098050363,-0.11973401185667065,0.005519514392939597,0.03952526469834372,-0.003198771721639737,0.31548141260157103,85.67101721509837,-19.178079701913028,bull,low,overbought,low,start_week,1
2021-11-16,467.1499938964844,470.489990234375,467.07000732421875,469.2799987792969,2021,11,16,1,0.003957824984497371,0.004065201499068749,0.005347231729327273,0.01664659398975088,0.04590732248202367,0.009904398102951406,0.022963536473793456,5.932068412556987,5.923757126000638,0.008311286556349273,79.54545721718625,90.9868633714335,83.89257815263534,3.307854788643973,0.8226718236567645,0.0515898593223879,0.0041472314326909225,7.3800048828125,0.015977495086233695,1.9987479917649758,-0.08615796079723803,0.0072877235745235185,0.040344360110215804,0.0,0.32068785780300746,95.16746890484995,-9.013136628566496,bull,low,overbought,low,start_week,0
2021-11-17,469.0,469.19000244140625,467.4800109863281,468.1400146484375,2021,11,17,2,-0.002429219514628267,0.009749405933425104,0.002170756344407332,0.012451847771687286,0.042565864862555314,0.006297573615898333,0.018932885250248388,5.768856255262335,5.892776951852978,-0.12392069659064298,71.61095947819172,83.36660134406809,85.05846167119618,3.117854527064732,0.7520778271902593,0.04939683870842452,0.004237301330592043,3.420013427734375,0.00735929897303933,1.7417764450024842,-0.10341062647895194,0.0036527350826061934,0.04030761051689047,-0.002429219514628267,0.31747961708609984,79.54996826233865,-16.63339865593192,bull,low,overbought,low,mid_week,1
2021-11-18,469.239990234375,470.010009765625,466.3399963378906,469.7300109863281,2021,11,18,3,0.0033964119454403807,0.012851245474791995,0.004967848936629826,0.014120596646673311,0.04514090684260608,0.008208432759336581,0.020700478160479818,5.7020788455297975,5.854637330588342,-0.1525584850585444,72.41236628965626,92.61056816705518,88.98801096085226,3.0942840576171875,0.7951486958395505,0.04784231421557623,0.004249654934903042,2.82000732421875,0.0060397235058160526,1.8219096345175545,-0.059775819782193707,0.007813027360181152,0.03997447077385008,0.0,0.3219543205954454,79.37925029390014,-7.389431832944815,bull,low,overbought,low,end_week,0
2021-11-19,469.6099853515625,470.94000244140625,468.5,468.8900146484375,2021,11,19,4,-0.0017882535035962377,0.0034670012473627665,0.0030934494902954413,0.010586740689860541,0.04218439262678508,0.005414702900296442,0.017452641829788895,5.517771151742011,5.7872640948190766,-0.26949294307706584,68.88608706185454,81.12352856873892,85.70023269328739,3.089998517717634,0.7389499455282464,0.044305265131810434,0.00427891060831304,0.360015869140625,0.0007683944893146499,1.549754910814943,0.06598561348303789,0.005203784182172669,0.03897039020278026,-0.0017882535035962377,0.3195903311500463,85.49998818636035,-18.87647143126108,bull,low,neutral,low,end_week,0
2021-11-22,470.8900146484375,473.5400085449219,467.3500061035156,467.57000732421875,2021,11,22,0,-0.0028151747381706116,0.00029954143001398315,0.000560670081137582,0.006438100870304719,0.038281667028919886,0.0021858334975140004,0.013493136540459805,5.205190224457795,5.670849320746821,-0.46565909628902613,62.38535901842389,53.029182533698936,75.58775975649768,3.3757128034319197,0.6560139825696188,0.041266178609547254,0.004303230203841375,-1.3599853515625,-0.002900188456281594,1.2608636935620172,0.31946494592083274,0.01323866446616202,0.03769985976434942,-0.004598393995678185,0.3080345171523289,81.38133838589981,-46.970817466301064,bull,low,neutral,normal,start_week,1
2021-11-23,467.2200012207031,469.1000061035156,464.45001220703125,468.19000244140625,2021,11,23,1,0.0013259941986774049,-0.002322699328174971,0.0017137779752027793,0.006447898288004739,0.03855052655591096,0.0029723917538666544,0.013722901851447533,4.950430530384494,5.526765562674356,-0.5763350322898617,58.385707901098726,53.478207795516305,62.5436396326514,3.3992832728794644,0.6704516455094289,0.03782831352982171,0.00430213877751595,0.80999755859375,0.001733059930103087,1.4368376544895682,0.3072204122557103,0.009931852180176188,0.03677372657803257,-0.003278497240762235,0.29312822625658064,39.33283619156757,-46.521792204483695,bull,low,neutral,normal,start_week,1
2021-11-24,466.05999755859375,469.57000732421875,465.19000244140625,469.44000244140625,2021,11,24,2,0.00266985624101701,0.002776920904625113,0.003139083911702256,0.007456562829501356,0.04032823498391336,0.004776772546378316,0.015193913076032572,4.794132416448065,5.380238933429098,-0.5861065169810331,56.40507009782637,64.34777301290761,56.95172111404096,3.549283708844866,0.7408147548498101,0.030963895190524726,0.004089204042087947,5.82000732421875,0.012553400167194306,1.563025420985441,0.11512169321516597,0.009330276201502867,0.03707277651588803,-0.0006173941160645402,0.29658069272188703,49.77667161773987,-35.65222698709239,bull,low,neutral,normal,mid_week,0
2021-11-26,462.3399963378906,463.8999938964844,457.7699890136719,458.9700012207031,2021,11,26,4,-0.022303172218498646,-0.0229067964872659,-0.018227093430602914,-0.015081609494805859,0.016593936375590035,-0.014960762287303475,-0.0069002250974471435,3.7818288689323367,5.060556920529746,-1.278728051597409,33.28670328779168,7.609452890361334,41.81181123292843,4.115713936941964,0.003217391572220952,0.030358569802868562,0.006402599002986766,-4.79998779296875,-0.010349931877172924,1.1644375301792627,0.924848304689859,0.013356003369520416,0.03546749922837833,-0.0229067964872659,0.2676628302369306,-127.76447205883389,-92.39054710963866,bull,low,neutral,high,end_week,1
2021-11-29,464.07000732421875,466.55999755859375,461.7300109863281,464.6000061035156,2021,11,29,0,0.012266607551340236,-0.009149285356691683,-0.005616147703550678,-0.0035719891248195967,0.0280075751939024,-0.002436032161339141,0.004888587482151374,3.3947329876679646,4.72739213395739,-1.3326591462894255,43.600372020520666,43.310137164442516,38.422454355903824,4.512856619698661,0.36924052450492584,0.02731724879818844,0.006951451370196821,-2.66998291015625,-0.005714004693072927,1.3685855040608448,0.4538151128264356,0.010396010565676737,0.03381362521103082,-0.010921177618693378,0.2832127526828683,-49.16097560307113,-56.689862835557484,bull,low,neutral,high,start_week,0
2021-11-30,462.0,464.0299987792969,455.29998779296875,455.55999755859375,2021,11,30,1,-0.019457616070086114,-0.025686014024627335,-0.022481064658823602,-0.02249049339314313,0.007045954696631274,-0.018547625343046215,-0.013592680419813985,2.3316260402144735,4.248238915208807,-1.9166128749943336,35.69699270443893,1.4254905142975696,17.448360189700477,4.913572038922991,-0.19835889154174505,0.032204778467832686,0.008261706797979829,-11.8699951171875,-0.025394166619985725,0.8797091252715192,1.3087657728593252,0.019163251894620703,0.030206084289456037,-0.03016629360764178,0.2492732764317951,-197.5080873408705,-98.57450948570244,bull,medium,neutral,high,start_week,0
2021-12-01,461.6400146484375,464.6700134277344,450.2900085449219,450.5,2021,12,1,2,-0.011107203410551714,-0.037783810737436974,-0.029427428033218295,-0.032164162837828414,-0.004881713696123446,-0.025031637366054738,-0.02277187883630427,1.0684897258235537,3.6122890773317566,-2.543799351508203,34.60816914559365,0.9031890540994624,15.212938910946521,5.559286934988839,-0.24052147579426486,0.043434476769670854,0.00851801412856658,-18.779998779296875,-0.04001874963379626,0.4454025765368289,0.926191834774543,0.03192009962888457,0.02528993199071672,-0.04093843385895102,0.2353973440351007,-233.15583998703988,-99.09681094590054,bull,medium,neutral,high,mid_week,1
2021-12-02,450.7300109863281,459.07000732421875,450.30999755859375,457.3999938964844,2021,12,2,3,0.015316301657013032,-0.02564759816442075,-0.01227638494157135,-0.016567223745639015,0.0094883811898403,-0.00855837410602489,-0.007230437461782091,0.6171033547146862,3.0132519328083425,-2.3961485780936562,43.54871810087553,30.580582157258064,10.969753908551704,6.065715244838169,0.14107149304725305,0.04615744758278583,0.009159442968122588,-10.740020751953125,-0.02294189861129181,0.8111643152943669,0.7665193826735979,0.019151748759330997,0.022035279707394828,-0.026249157604287365,0.25431906242261504,-183.52838924595986,-69.41941784274194,bull,medium,neutral,high,end_week,0
2021-12-03,459.1700134277344,460.29998779296875,448.9200134277344,453.4200134277344,2021,12,3,4,-0.008701312903057756,-0.0120922669852227,-0.017410165283012313,-0.02370855482001799,0.0002523953622972641,-0.014579885701884954,-0.014710658656027498,-0.06107077234747749,2.3983873917771787,-2.4594581641246562,36.108342659003696,18.27782653319252,16.587199248183353,6.586427961077009,0.03695442623538154,0.05120134207798263,0.009228979942491085,-16.30999755859375,-0.03472206837358849,0.35178394909222327,0.795699315594564,0.0250980857223412,0.017975517373835848,-0.03472206837358849,0.24340483978020577,-168.0804724231974,-81.72217346680748,bull,medium,neutral,high,end_week,1
2021-12-06,456.1300048828125,460.7900085449219,453.55999755859375,458.7900085449219,2021,12,6,0,0.01184331295081531,-0.012505375553738651,-0.0035921735089111673,-0.011109084728834429,0.011434679552923654,-0.0024627727331034688,-0.002816901910582592,-0.16333213579889616,1.886043486261964,-2.04937562206086,42.154023517283235,40.08934636342451,29.64925168462504,6.928571428571429,0.2848984658299468,0.05164577171286908,0.009643318258370354,-10.100006103515625,-0.02154024566099655,0.6394879383419458,0.26719739312809065,0.015758867568320654,0.015081026726529112,-0.023289979744821276,0.25813087242228105,-98.32255081770906,-59.91065363657549,bull,high,neutral,high,start_week,1
2021-12-07,464.4100036621094,468.8800048828125,458.6499938964844,468.2799987792969,2021,12,7,1,0.020684823247291373,0.027921681642091745,0.016861549128095232,0.009416659609775113,0.03119026366011135,0.015332689961915946,0.016468694516853066,0.5154461552454563,1.6119240200586624,-1.096477864813206,49.20255121311118,78.63521198689058,45.66746162783587,7.415002005440848,0.6831373841067828,0.05141855474076471,0.010795288163171032,0.709991455078125,0.0015184709112143757,0.9088039558613575,0.18819139243253424,0.021845927677875455,0.014091116479231891,-0.0030869056119845473,0.28415508714029647,18.83336209048917,-21.364788013109422,bull,high,neutral,high,start_week,1
2021-12-08,468.70001220703125,470.0,466.8299865722656,469.5199890136719,2021,12,8,2,0.0026479675356780863,0.042219731439893105,0.019259799008960465,0.011856181847786473,0.032293216523018975,0.015206596430561659,0.017715847579864885,1.1402950782617154,1.517598231699273,-0.3773031534375577,51.0987064522854,83.67172896617035,67.46542910549515,7.512860979352679,0.7274270760132152,0.05213179563148173,0.010781823112792459,1.329986572265625,0.00284069836034595,1.102884236803887,-0.11271838725781513,0.006751604834532546,0.012787139772147293,-0.00044711210215253594,0.28755548812181986,71.6518467595408,-16.328271033829648,bull,high,neutral,normal,mid_week,0
2021-12-09,468.1499938964844,469.6300048828125,466.1400146484375,466.3500061035156,2021,12,9,3,-0.006751539837133391,0.019567145444817635,0.013057778331934111,0.0047290328959115335,0.023887425030373777,0.007058335941554139,0.010033327610206477,1.3639781324840783,1.4868742118562341,-0.12289607937215585,47.37495508631486,70.79608502283241,77.70100865863111,7.500002179827009,0.5904211751875856,0.05230006009212801,0.01073300930989819,-3.089996337890625,-0.00658230300319651,0.8675285235349411,-0.24362294543465512,0.007483628580891082,0.01069005828697267,-0.00719563324411665,0.27886250595124573,46.73585435180883,-29.203914977167592,bull,high,neutral,normal,end_week,1
2021-12-10,469.2300109863281,470.8999938964844,466.510009765625,470.739990234375,2021,12,10,4,0.009413496458462456,0.03819852740002849,0.019986284030986567,0.013426138483093597,0.03164130358499895,0.013958410778763364,0.018067618168712718,1.8738826425845332,1.564275898001894,0.30960674458263915,51.361679263659916,88.6270557844581,81.03162325782029,7.650715419224331,0.7497319996646974,0.05376218706901903,0.010922684990560956,11.769989013671875,0.025644353623042404,1.0925213750827847,-0.07174589158370537,0.009325708930472769,0.011426643413234627,0.0,0.2909010736218782,70.30567277714262,-11.372944215541905,bull,high,neutral,normal,end_week,0
2021-12-13,470.19000244140625,470.55999755859375,466.2699890136719,466.57000732421875,2021,12,13,0,-0.008858357047762389,0.016957646492720135,0.010519536661954598,0.004524536117946454,0.02105577487398902,0.004207583024148143,0.00837328701523865,1.9193774808264834,1.6352962145668122,0.28408126625967123,49.29358483276966,80.30031656114629,79.90781912281227,7.527858189174107,0.5843462640188457,0.053642401007061434,0.011005259694833132,1.970001220703125,0.004240209201082479,0.7616149110174498,0.0340446134755128,0.009194779942082208,0.010426555677328864,-0.008858357047762389,0.27946581099839585,45.94407690004133,-19.699683438853715,bull,high,neutral,high,start_week,0
2021-12-14,463.0899963378906,465.739990234375,460.25,463.3599853515625,2021,12,14,1,-0.006880043556733884,-0.010506563253950163,0.001874592881097481,-0.001949354539076964,0.012492238437292302,-0.002286757899530145,0.0013291502084953333,1.6770782083445965,1.6436526133223692,0.033425595022227306,46.708449346265226,65.696017994002,78.2077967798688,7.647144862583706,0.4634681273392923,0.05336037813286339,0.011110824799591452,7.79998779296875,0.017121757473812282,0.38969240822063517,0.11349021939217274,0.011848218249164547,0.010597779035060206,-0.015677454722166417,0.2617361879784472,-17.999496092742913,-34.303982005998,bull,high,neutral,high,start_week,1
2021-12-15,463.4200134277344,470.8599853515625,460.739990234375,470.6000061035156,2021,12,15,2,0.015625045279773042,0.0023002579551778535,0.013125870505009019,0.013501151674112588,0.02663000139364402,0.011233020595637244,0.01569782030213096,2.0456821066032376,1.724058511978543,0.3216235946246946,50.7308494974172,98.63517716316784,81.5438372394387,8.057144165039062,0.7505072876183974,0.053895245134261756,0.011643974839419006,20.100006103515625,0.04461710566818122,0.7897950614001864,0.28810759388049356,0.021504451733817983,0.013329173878368739,-0.00029737038229893376,0.28145087304673866,45.32411269927053,-1.364822836832167,bull,high,neutral,high,mid_week,0
2021-12-16,472.57000732421875,472.8699951171875,464.79998779296875,466.45001220703125,2021,12,16,3,-0.00881851645274212,0.00021444430622219457,0.0022389183130082646,0.0047464213704091485,0.016177829392234333,0.0019585255005516444,0.006238433485252548,1.9801080738201904,1.7752684243468726,0.2048396494733178,55.12049312831723,73.19420535096516,79.17513350271167,7.800000871930804,0.5886592781375761,0.05353552916417707,0.011806561747970984,9.050018310546875,0.019785785813969614,0.3157646634198594,0.2376128404962572,0.01730090494806745,0.013907772712207445,-0.009113264469432059,0.2701503774393954,54.917658983989256,-26.80579464903484,bull,high,neutral,high,end_week,0
2021-12-17,461.54998779296875,464.739990234375,458.05999755859375,459.8699951171875,2021,12,17,4,-0.014106585738330457,-0.023091293161168425,-0.013266741684661687,-0.008374075363437372,0.0009180470048160139,-0.01032184021705207,-0.0073711545684441715,1.3812654247426508,1.6964678244260285,-0.3152023996833777,46.80361294665339,45.7202090232711,72.51653051246804,7.857145036969866,0.34203731800095644,0.05301299811741641,0.012175546929247173,6.449981689453125,0.014225180844341212,-0.24520243984245577,0.3766948660077518,0.014525828487851234,0.01437550479822236,-0.023091293161168425,0.25223289223947365,-43.5376712028853,-54.2797909767289,bull,high,neutral,high,end_week,0
2021-12-20,454.4800109863281,455.3999938964844,451.1400146484375,454.9800109863281,2021,12,20,0,-0.010633405490204417,-0.02484085165345129,-0.022960343617265844,-0.017444878811818887,-0.010462566206179469,-0.017695239631014825,-0.01662038405772237,0.5062615903854635,1.4584265776179157,-0.9521649872324522,49.58477440611051,25.302723138458166,48.07237917089814,7.816428048270089,0.18040861159389346,0.05458494641805413,0.012365244420752467,-3.80999755859375,-0.008304447541648496,-0.7197927565833078,0.06154442492691503,0.009363003088447517,0.012791474050660945,-0.03347915956789693,0.23891739212812002,-126.21640450551746,-74.69727686154184,bull,high,neutral,high,start_week,1
2021-12-21,458.6099853515625,463.2099914550781,456.30999755859375,463.05999755859375,2021,12,21,1,0.017758992432985066,-0.0006474184272540207,-0.0044931794935101355,0.0004915306018713483,0.005869338791650414,-0.00021196702047976412,0.0007809207475195645,0.4595052462648823,1.258642311347309,-0.7991370650824268,58.6192771104523,59.03964484902388,43.35419233691772,7.377140590122768,0.5091300265009849,0.05383671140694686,0.013079315409097028,-5.220001220703125,-0.011147179538546381,-0.4913289447805104,-0.3073104353939964,0.014900863673958962,0.010409289089439167,-0.01631472327634087,0.2609193167200168,-25.60361341964976,-40.96035515097612,bull,high,neutral,normal,start_week,1
2021-12-22,462.7900085449219,467.80999755859375,462.5799865722656,467.69000244140625,2021,12,22,2,0.009998714868965974,-0.006183603111703517,0.005856331934888104,0.01054974521334473,0.014425235234741374,0.008266856670431144,0.009980398871300977,0.7869813747564649,1.1643101240291402,-0.37732874927267535,57.28858051844913,78.3716215613544,54.237996516278805,7.124997820172991,0.6966315468286812,0.05365235326423174,0.013281866211846318,-1.829986572265625,-0.0038975690387749173,-0.3074509306093979,-0.4114506587652679,0.011182644399124949,0.008519013131199182,-0.006479134673581077,0.2723834728682737,48.60361774108502,-21.628378438645605,bull,high,neutral,low,mid_week,1
2021-12-23,468.75,472.19000244140625,468.6400146484375,470.6000061035156,2021,12,23,3,0.006222077972414919,0.00889697456936167,0.011190576429581434,0.016710047899982428,0.01917108253223443,0.012275930398832458,0.015041670326738865,1.266719586651618,1.1847920165536359,0.08192757009798224,62.35615861072945,89.55365368626835,75.65497336554887,6.633571079799107,0.8080037574246306,0.05425274042012763,0.013342632285098691,4.25,0.009113326781122977,-0.10039425783652244,-0.4344094058897193,0.007543535373834815,0.00789218796997826,-0.00029737038229893376,0.27606495620716465,107.81069643260489,-10.446346313731658,bull,medium,neutral,low,end_week,1
2021-12-27,472.05999755859375,477.30999755859375,472.010009765625,477.260009765625,2021,12,27,0,0.014152153794584565,0.03781506693865966,0.024066410876239397,0.029065522190154347,0.0320407242228582,0.022417482621478912,0.02716924031993595,2.159429650650509,1.3797195433730105,0.7797101072774983,63.04195016077656,99.80898805650595,89.24475443470958,6.586427961077009,0.9832133075754069,0.060150500274909216,0.012573425202301884,6.52001953125,0.013850574980901476,0.1435982195687727,-0.41431966490547567,0.011105032235094434,0.007786910362381327,0.0,0.29412402371928836,154.6078282884553,-0.19101194349404924,bull,medium,neutral,low,start_week,0
2021-12-28,477.7200012207031,478.80999755859375,476.05999755859375,476.8699951171875,2021,12,28,1,-0.0008171953242616103,0.048111968882776246,0.020973107041858174,0.026866211092562153,0.02981666422451612,0.0182012314924882,0.024332027540232337,2.8031252029036864,1.6644006752791456,1.1387245276245408,56.95997206882108,92.98878337689838,94.11714170655756,6.052141462053571,0.9123232099331886,0.06515813431146762,0.012351236906741227,10.29998779296875,0.022075974947552313,-0.16869159767641415,-0.5026145441577599,0.00576677087709032,0.0086618904275364,-0.0008171953242616103,0.2930664716180904,151.3831590913106,-7.011216623101611,bull,medium,neutral,low,start_week,1
2021-12-29,476.9800109863281,478.55999755859375,475.9200134277344,477.4800109863281,2021,12,29,2,0.0012792079086265673,0.031140702076969395,0.019198025679749042,0.025758924708060515,0.029786799713462653,0.016453779098388077,0.02369791438199509,3.324162867843654,1.9963531137920474,1.3278097540516067,56.51606069538889,95.1933957581974,95.99705573053392,6.0142822265625,0.8842237758376824,0.0670414647086871,0.011339158946687803,14.120025634765625,0.030473122585353174,0.10477058544579626,-0.3967128192853101,0.005528994031406619,0.010389319609063863,0.0,0.29472057247496397,137.0636286704899,-4.8066042418026,bull,medium,neutral,low,mid_week,0
2021-12-30,477.92999267578125,479.0,475.6700134277344,476.1600036621094,2021,12,30,3,-0.0027645289726202504,0.01811028924391911,0.015175611567596059,0.020111513602271147,0.025810726945990847,0.011520540606825946,0.019292282156254226,3.5892013331114754,2.3149227576559332,1.2742785754555421,58.281268516371696,89.80618151067569,92.66278688192382,6.0028533935546875,0.8214534808239219,0.06256430495237757,0.0109628037677198,5.55999755859375,0.011814699291293085,-0.28326532224792755,-0.36045350018173594,0.006993419326812329,0.01047613364349087,-0.0027645289726202504,0.29114127994090944,123.17962827163672,-10.193818489324318,bull,medium,neutral,low,end_week,0
2021-12-31,475.6400146484375,476.8599853515625,474.6700134277344,474.9599914550781,2021,12,31,4,-0.0025201869073463445,0.00926473713347864,0.010783282812751205,0.01563023969703048,0.022232284150927484,0.007580653898619616,0.01546554081950946,3.660222503536829,2.5839827068321126,1.0762397967047166,53.76516415158352,85.49888489192872,90.16615405360061,5.834280831473214,0.7548971884592537,0.06131978069867581,0.010613563664492351,8.509979248046875,0.0182441398335087,-0.7502736446527184,-0.2177098646772394,0.004610855573579934,0.011326860596978516,-0.005277748750244893,0.28788736259166803,99.72355834488548,-14.501115108071279,bull,medium,neutral,normal,end_week,1
2022-01-03,476.29998779296875,477.8500061035156,473.8500061035156,477.7099914550781,2022,1,3,0,0.005789961364061735,0.0009428439011140988,0.012790510194416127,0.018864684978148638,0.027084604304192572,0.0113273595866632,0.019732732757992144,3.8935271526902397,2.845891596003738,1.0476355566865019,60.197699060951805,95.3696725657125,90.22491298943896,5.800709315708706,0.8314411429104148,0.05691714918822725,0.010340083613003108,17.839996337890625,0.03879356454500682,-0.30825287121953665,-0.09345690336194601,0.008373281010548309,0.014113574293890707,0.0,0.2908638419772178,102.86509719816452,-4.630327434287492,bull,medium,neutral,normal,start_week,0
2022-01-04,479.2200012207031,479.9800109863281,475.5799865722656,477.54998779296875,2022,1,4,1,-0.00033493890638969237,0.0014259498033928342,0.007629729375764782,0.01648986472426106,0.025663136643623075,0.00928237635675222,0.017929047550023114,4.019181190773963,3.080549514957783,0.9386316758161803,63.757982966515335,91.5741210058104,90.81422615448388,5.663567679268973,0.7980956933068671,0.05531735310005287,0.01012742452788526,22.569976806640625,0.04960652393873821,-0.8627877566902409,-0.09636994462403614,0.009213746260150745,0.017896859076428795,-0.00033493890638969237,0.2904314814536879,105.95975405355269,-8.425878994189596,bull,medium,neutral,normal,start_week,0
2022-01-05,477.1600036621094,477.9800109863281,468.2799987792969,468.3800048828125,2022,1,5,2,-0.019202142486770768,-0.019058402224457094,-0.012827042356461926,-0.0030395295519370924,0.005414106997031043,-0.008557762829748738,-0.001497745236333059,3.3403168438381385,3.1325029807338542,0.2078138631042843,47.92523368750817,59.77805972091862,82.24061776414719,5.633568899972098,0.4450421772915529,0.055306586071683275,0.010192685277987333,5.32000732421875,0.011488807826777414,-1.6467656136187654,0.319561646954976,0.020709706020559458,0.018478169617851092,-0.01953064984855557,0.26565243227739943,24.696614241217866,-40.22194027908138,bull,medium,neutral,high,mid_week,0
2022-01-06,467.8900146484375,470.82000732421875,465.42999267578125,467.94000244140625,2022,1,6,3,-0.0009394133755055156,-0.017263107269581135,-0.013806369182447376,-0.0038085756038728213,0.003953253791846301,-0.008041008513377967,-0.002255732557654766,2.7352768690743687,3.053057758401957,-0.3177808893275884,51.496273413749144,58.25239225462922,69.86819099378609,5.442140851702009,0.4312890930018744,0.0554289816604613,0.010176297744331085,0.25,0.0005345421084370638,-2.2140100108238427,0.08636838060146257,0.011518602000931558,0.018008251543432552,-0.020451715870361098,0.2644634614537771,-19.19429644128633,-41.74760774537078,bull,medium,neutral,high,end_week,0
2022-01-07,467.95001220703125,469.20001220703125,464.6499938964844,466.0899963378906,2022,1,7,4,-0.003953511334494841,-0.018675246919248045,-0.016770743106053976,-0.0077195667711836835,-0.0005369568292784566,-0.010140973336132397,-0.005743680410291607,2.082492619972527,2.8589447307160714,-0.7764521107435445,56.90190562041873,51.837668473665886,56.62270681640458,5.167855398995536,0.36089163067257946,0.05549318713537727,0.01009926297429825,-4.510009765625,-0.009583531039379034,-2.714216517718866,0.048877693621573126,0.0097621024829899,0.016510682694754752,-0.024324371114352483,0.259464390826865,-36.480451664842256,-48.162331526334114,bull,medium,neutral,high,end_week,0
2022-01-10,462.70001220703125,465.739990234375,456.6000061035156,465.510009765625,2022,1,10,0,-0.001244366059822366,-0.025538468752333676,-0.01555410028975912,-0.00840228726291059,-0.0020883692995118386,-0.009639937543783006,-0.0064671397641041795,1.5010531242279512,2.5873664094184474,-1.0863132851904962,62.920234225045064,38.86779462596971,49.6526184514216,5.222141810825893,0.35008550716335773,0.05604719799883744,0.009855802513696853,-11.75,-0.02461970364072663,-3.201253206646491,0.43368288777523545,0.01963434499606394,0.013678487557529317,-0.025538468752333676,0.2578971560853651,-78.50787849024107,-61.13220537403029,bull,medium,neutral,high,start_week,1
2022-01-11,465.2300109863281,469.8500061035156,462.04998779296875,469.75,2022,1,11,1,0.009108268663244656,-0.016333343089415475,-0.005089451678906953,0.0002906624770235844,0.006547754275329387,-0.0005242185934558607,0.002390491323957633,1.366636180455373,2.3432203636258326,-0.9765841831704596,59.06257958044363,56.24461569788387,48.983359599173156,5.191430228097098,0.5052155805473132,0.055729649726765466,0.00987383724472506,-7.1199951171875,-0.014930683813389911,-2.543554627677751,-0.10027713456398502,0.016604615881951838,0.011696735926535418,-0.01666281132373315,0.2693544213337222,-23.207579160013278,-43.75538430211613,bull,medium,neutral,normal,start_week,1
2022-01-12,471.5899963378906,473.20001220703125,468.94000244140625,471.0199890136719,2022,1,12,2,0.002703542338843734,0.005636415097437508,-0.0010328768594904947,0.00217764994309233,0.008794317813470398,0.0018422266988833425,0.004720898280842656,1.3470592235424306,2.1439881356091526,-0.796928912066722,54.96271945583231,61.67656072970673,52.26299035118677,5.122144426618304,0.5401073213553191,0.054295571718689796,0.009734216183716173,-6.46002197265625,-0.013529408193050485,-2.031684398577868,-0.1664099410251315,0.009044222888598786,0.009837355449763496,-0.014004317600787242,0.2727861747547964,18.291997880929834,-38.32343927029327,bull,medium,neutral,normal,mid_week,0
2022-01-13,472.19000244140625,472.8800048828125,463.44000244140625,464.5299987792969,2022,1,13,3,-0.013778587715492119,-0.007287266838308715,-0.012361162144709725,-0.010992290720615916,-0.0052175102396879725,-0.010140136517448939,-0.008452690443782385,0.7986500309278313,1.8749205146728884,-1.0762704837450572,41.8260079100763,33.91784011820664,50.61300551526575,5.475001743861607,0.30120405243293963,0.055294340026261574,0.009607290827483043,-11.6300048828125,-0.02442457323875802,-2.3607684172269794,0.14230268338036178,0.020321620705256744,0.007233060944154879,-0.02758994559782124,0.2552489788028718,-31.870693649979394,-66.08215988179336,bull,medium,neutral,high,end_week,1
2022-01-14,461.19000244140625,465.0899963378906,459.8999938964844,464.7200012207031,2022,1,14,4,0.0004090208208415991,-0.002939336025127526,-0.009801408348651397,-0.010405518281576431,-0.004810623489167387,-0.008249886545648732,-0.007455487564552277,0.3750401741376095,1.5749444465658329,-1.1999042724282234,29.54989066028844,34.73051078426766,43.44163721072701,5.366431100027902,0.3134808863272291,0.05578794621462682,0.009411667286891067,-10.239990234375,-0.02155969011832759,-1.7513515868220637,0.21717844209222248,0.011168020373070693,0.005040185778451667,-0.027192209639175013,0.2557624017705422,-71.3447779377692,-65.26948921573235,bull,medium,oversold,high,end_week,0
2022-01-18,459.739990234375,459.9599914550781,455.30999755859375,456.489990234375,2022,1,18,1,-0.017709612163689825,-0.01937663926022004,-0.022919635480599054,-0.02758090217680731,-0.021998573657365794,-0.02192919188051634,-0.02322182501214387,-0.6176469453241111,1.1364261681878443,-1.7540731135119554,23.532461191152592,4.783105121680581,24.47715200805163,5.842145647321429,0.027513867032194668,0.05837399291184421,0.009722357661993307,-21.220001220703125,-0.04442025831628138,-2.157572844345348,0.4157625045690687,0.010186409331992002,0.0009426674168058202,-0.04442025831628138,0.23352333666544234,-135.2011594626015,-95.21689487831942,bull,medium,oversold,high,start_week,0
2022-01-19,458.1300048828125,459.6099853515625,451.4599914550781,451.75,2022,1,19,2,-0.010383557878106742,-0.0383182543906333,-0.027695869053422806,-0.03734689068096142,-0.03145732386902367,-0.027283561745191753,-0.030969369748996,-1.7664734314585075,0.555846248258574,-2.3223196797170815,19.821690759317605,1.0168595593144891,13.510158488420908,6.2357177734375,-0.10545574259842505,0.061683931711804904,0.009708564239812562,-25.79998779296875,-0.05402573228449914,-2.4686041178796723,0.4092053825971558,0.01804093834307554,-0.003868599027692099,-0.054342575871200505,0.2207149757051814,-170.0160259666768,-98.98314044068552,bull,medium,oversold,high,mid_week,0
2022-01-20,453.75,458.739990234375,444.5,446.75,2022,1,20,3,-0.011068068622025473,-0.0515264523369674,-0.03396005842893257,-0.0463443547376019,-0.041265397979432517,-0.03238543875770472,-0.03872577771737784,-3.045280810265126,-0.16437916344616604,-2.88090164681896,18.24657245376396,6.341598938250091,4.047187873081721,7.015003749302456,-0.12119320412941972,0.07460537950113585,0.008998510144099284,-21.6300048828125,-0.04618046171339929,-2.739238047087525,0.5253421106571232,0.03187462839255736,-0.007562150627663744,-0.06480917713438583,0.20720401858614235,-194.57265831461922,-93.65840106174991,bull,high,oversold,high,end_week,0
2022-01-21,445.55999755859375,448.05999755859375,437.95001220703125,437.9800109863281,2022,1,21,4,-0.01963064132886827,-0.05715451717378306,-0.04674843384193306,-0.062091094841633665,-0.05889843492588909,-0.04382206533285127,-0.05355832193543142,-4.712091631671342,-1.0739216570912014,-3.6381699745801406,15.682981618067686,0.07137468514905547,2.476611060904545,7.580718994140625,-0.1538998638043534,0.09495505088560675,0.009392390793818907,-29.959991455078125,-0.06402528379443173,-3.151677204522325,1.3143148626885561,0.023083211785841273,-0.012745849590286795,-0.08316757275210984,0.1835058294865095,-226.0418120866011,-99.92862531485095,sideways,high,oversold,high,end_week,1
2022-01-24,432.0299987792969,440.3800048828125,420.760009765625,439.8399963378906,2022,1,24,0,0.004246735706896265,-0.053537624413537044,-0.037199515162009145,-0.05499563464159796,-0.053935006694382004,-0.03385136084340956,-0.046038416817931416,-5.815923596105108,-2.0223220448939827,-3.7936015512111254,14.26679966412766,32.21882164635168,12.877265089916941,8.696432931082589,-0.008361103321564076,0.10818222378200028,0.009297627007558663,-26.25,-0.05631959537052611,-2.041643178226156,1.5912425529817171,0.044607119135466645,-0.017382097117648265,-0.07927402774607584,0.18853186595190974,-220.55345561632174,-67.78117835364833,sideways,high,oversold,high,start_week,0
2022-01-25,433.05999755859375,439.7200012207031,427.1499938964844,434.4700012207031,2022,1,25,1,-0.012208974085799573,-0.048237616343714707,-0.04244814671811503,-0.06222243357828572,-0.0643060995552136,-0.03889758535255805,-0.05364153271976502,-7.042846556549932,-3.026426947225173,-4.0164196093247595,12.989651800251167,23.960138347773448,18.750111559758057,9.28857421875,-0.013789818727664908,0.12110483958668489,0.008524836751262194,-31.040008544921875,-0.06667957271326974,-2.4374703063913543,0.6353813829085102,0.02893181874214926,-0.02282691298876749,-0.0905151472814466,0.1740211112003558,-177.53986739085468,-76.03986165222655,bear,high,oversold,high,start_week,0
2022-01-26,440.7200012207031,444.0400085449219,428.8599853515625,433.3800048828125,2022,1,26,2,-0.0025087953939929575,-0.04066407330866073,-0.03713231357066682,-0.06016397949277352,-0.06528912971062417,-0.03517715330034299,-0.05208254436728077,-8.010801899447529,-4.023301937669644,-3.9874999617778846,15.083752960732625,24.065588347918997,26.748182780681375,9.680003574916295,0.041862071491732857,0.13132285224380383,0.008493130564568923,-36.3699951171875,-0.07742415139369341,-2.7715687495600614,0.6993694664431671,0.035027050215351095,-0.029242663905747146,-0.0927968586908533,0.17107573244412588,-139.67898180168413,-75.934411652081,bear,high,oversold,high,mid_week,0
2022-01-27,438.260009765625,441.5899963378906,429.45001220703125,431.239990234375,2022,1,27,3,-0.004937963506221665,-0.03471742532876332,-0.033343440986348116,-0.060092300290985,-0.06845046826705103,-0.03400553884182311,-0.05278056128458952,-8.84859369960509,-4.988360290056733,-3.860233409548356,14.588913309258459,19.984706294512073,22.670144330068172,10.162144252232142,0.06960677540113812,0.1396218547515301,0.008374344663562539,-39.779998779296875,-0.08445501190426596,-2.9021279159054574,0.30953811172213297,0.02815134126188391,-0.03631799417626158,-0.09727659469536754,0.16529300321429496,-125.13837425102241,-80.01529370548792,bear,high,oversold,high,end_week,1
2022-01-28,432.67999267578125,442.0,427.82000732421875,441.95001220703125,2022,1,28,4,0.024835410015744186,0.009064343397231056,-0.004296402945642042,-0.033144760921858585,-0.04418648108326828,-0.00848702793537559,-0.027147700696555144,-8.549783884820272,-5.700645009009442,-2.84913887581083,30.108767975231856,40.40808820534069,28.152794282590587,10.849999564034599,0.26164903285611596,0.13905863827206663,0.010716663027195816,-22.579986572265625,-0.04860824194691804,-2.2519387353205866,0.37153338539004466,0.0320850600387327,-0.04006220149815187,-0.07485708879381814,0.17468037982512596,-96.49340612700502,-59.59191179465931,sideways,high,neutral,high,end_week,1
2022-01-31,441.239990234375,450.2799987792969,439.80999755859375,449.9100036621094,2022,1,31,0,0.018011067394991365,0.02289470582043851,0.017030767195587604,-0.01302626295653364,-0.026203393795659946,0.007918043576505385,-0.008918944794985784,-7.583255123147069,-6.077167031836967,-1.5060880913101018,38.53951391563674,55.58732368301293,38.66003939428857,10.920000348772321,0.4035316395259686,0.13503145375877132,0.011764380366104369,-14.80999755859375,-0.03186864675437162,-1.7309874002292989,0.22528064302136852,0.023271323454648694,-0.04251018001202034,-0.05819427747008499,0.1943456041483813,-44.79091910233423,-44.41267631698707,bull,high,neutral,high,start_week,1
2022-02-01,450.67999267578125,453.6300048828125,446.94000244140625,452.95001220703125,2022,2,1,1,0.006756925874457753,0.042534607531949264,0.024722771614845707,-0.003651455975653084,-0.01891087772819211,0.012434377169238564,-0.002058008747878093,-6.497076578387748,-6.161148941147124,-0.3359276372406246,37.43644071664746,61.38444115706077,52.45995101513813,10.840713500976562,0.47139502652025894,0.12765108760681568,0.011802772080363906,-3.53997802734375,-0.00775477689122217,-1.3362648207802594,-0.02861075343451691,0.0147698471378966,-0.04258093071775515,-0.051830566014810286,0.20241570886409632,-17.404743141471197,-38.61555884293923,bull,high,neutral,high,start_week,1
2022-02-02,455.5,458.1199951171875,453.04998779296875,457.3500061035156,2022,2,2,2,0.00971408274181318,0.05530943040896563,0.0333678328379059,0.008267205831177238,-0.008885025693664672,0.018778873114904115,0.007066449562431076,-5.221044569202775,-5.973128066758255,0.7520834975554802,40.23433003463805,70.2033763733497,62.3917137378078,10.905711582728795,0.569472647123598,0.11899943608696958,0.012113691479115587,5.600006103515625,0.012396250367494366,-0.9765975302873319,-0.09087222498489733,0.011085617703197789,-0.04088849796643357,-0.04261996967981996,0.2140960745500582,15.630894329618485,-29.7966236266503,bull,high,neutral,high,mid_week,0
2022-02-03,450.95001220703125,452.9700012207031,445.7099914550781,446.6000061035156,2022,2,3,3,-0.02350497399483331,0.03561825483947478,0.009112748282041228,-0.013062655852938643,-0.03130073156820545,-0.004375977042241019,-0.015393582883844292,-5.019355165206548,-5.782373486447914,0.7630183212413657,37.925930858059765,58.290106395062665,63.29264130849105,11.062855311802455,0.38730167730621085,0.11590816562932349,0.01246668662447525,-0.149993896484375,-0.00033574459201879403,-1.2448972457111183,-0.09048385040966778,0.016256179279904064,-0.040048527698266057,-0.06512316239566862,0.18555877789052988,-23.08502649580754,-41.709893604937335,sideways,high,neutral,high,end_week,1
2022-02-04,446.3500061035156,452.7799987792969,443.8299865722656,448.70001220703125,2022,2,4,4,0.004702207959730531,0.01527322053073732,0.011407941229027552,-0.006309370312127527,-0.025922126629896902,0.0002586182847690299,-0.0099743960291514,-4.636613918316982,-5.553221572821728,0.9166076545047455,39.48267578560921,71.2755497253806,66.58967749793099,11.331427437918526,0.4435500457053292,0.11176927228660567,0.012562648514095031,10.720001220703125,0.024476005643640608,-0.8876598086530624,-0.09814934099777672,0.019946538808877264,-0.03690901201899033,-0.060727177088517825,0.19113352181265486,-18.270709854203773,-28.724450274619407,bull,high,neutral,high,end_week,0
2022-02-07,449.510009765625,450.989990234375,445.8500061035156,447.260009765625,2022,2,7,0,-0.0032092765817484104,-0.005890053288245101,0.006478683535724894,-0.00742884430586066,-0.02811227823468254,-0.0024985476837547926,-0.012189339649376851,-4.398778504617496,-5.322332959180882,0.9235544545633854,43.34728188090708,68.21111107619895,65.9255890655474,11.026426042829241,0.4312335001765591,0.10802999025592905,0.01255772763705641,7.420013427734375,0.016869801494892256,-1.0757865771456399,-0.3567105345523759,0.011492161200713764,-0.03436830042827188,-0.06374156336296033,0.1873108448953662,-15.977870101667374,-31.788888923801053,sideways,high,neutral,high,start_week,1
2022-02-08,446.7300109863281,451.9200134277344,445.2200012207031,450.94000244140625,2022,2,8,1,0.00822785984758534,-0.0044375973318360185,0.01101275344617103,0.0023584120517321505,-0.019773642119338852,0.00482624579967883,-0.003762031871585747,-3.868751018270757,-5.031616570998857,1.1628655527280998,49.40711639032122,79.46289677693069,72.98318585950341,10.922855922154017,0.5227565434267412,0.10363665551073448,0.01276405199643491,16.470001220703125,0.03790825873921877,-0.8193751733973399,-0.37392423657892393,0.014857879475666674,-0.030451045706961,-0.056038160165191364,0.1970798721226834,-2.439966414171514,-20.53710322306931,bull,high,neutral,high,start_week,1
2022-02-09,455.2200012207031,457.8800048828125,455.010009765625,457.5400085449219,2022,2,9,2,0.014636106949445393,0.0004154420878332843,0.020283473674557184,0.01841105193356185,-0.005121584295371684,0.016478395961026182,0.010009583399577693,-2.8829027740630977,-4.601873811611705,1.7189710375486076,57.717070504725186,98.44757280601726,82.0405268863823,10.40142822265625,0.6905437291635526,0.0966237619804265,0.013062470823661434,24.160003662109375,0.05574785036204499,-0.5345035217541062,-0.2894688253822668,0.006272664824033022,-0.02489999948586097,-0.04222223372117384,0.2146004611580996,60.219564308527275,-1.5524271939827416,bull,high,neutral,high,mid_week,0
2022-02-10,451.3399963378906,457.7099914550781,447.20001220703125,449.32000732421875,2022,2,10,3,-0.017965644680657644,0.006090463912964417,-0.002069953527680135,0.0025357997151458367,-0.022730018929781326,-0.0015093549412702467,-0.007537774092450489,-2.733387548781991,-4.228176559045762,1.494789010263771,58.17473597417095,76.44541958418966,84.78529638904587,10.429999215262276,0.5296808902334219,0.08543543320982963,0.0135432669464066,18.08001708984375,0.04192565044818175,-0.8906305512350118,0.046051675454650054,0.023390855240646165,-0.020702919483318927,-0.059429328753173194,0.19277938084397017,28.55002669614813,-23.554580415810335,bull,high,neutral,high,end_week,0
2022-02-11,449.4100036621094,451.6099853515625,438.94000244140625,440.4599914550781,2022,2,11,4,-0.019718721011119933,-0.018364208887409528,-0.02142401716545017,-0.014586808924087258,-0.04158195362847317,-0.017995723493109073,-0.025150371907149638,-3.2918781675526816,-4.040916880747146,0.749038713194464,50.405968269091666,42.97706501120883,72.62335246713859,9.933569771902901,0.31682786793302026,0.07963443324857604,0.013870163585578093,-1.490020751953125,-0.0033714689688821853,-1.265770489669559,0.11804618010168144,0.028765343404517692,-0.020599255261337435,-0.0779761794107311,0.16925929700529152,-31.798785173328017,-57.02293498879117,sideways,high,neutral,high,end_week,0
2022-02-14,439.9200134277344,441.6000061035156,435.3399963378906,439.0199890136719,2022,2,14,0,-0.003269314964678527,-0.018423334463260166,-0.022257692193117795,-0.014976640284893428,-0.04395060053461042,-0.018002444578350096,-0.02629358320239006,-3.8067997511740828,-3.9940934548325333,0.18729370365845055,53.140952933106604,36.9636508304209,52.12871180860646,9.47428458077567,0.29176487001780144,0.07192177557251618,0.013853024686410581,-10.8900146484375,-0.024204873329769505,-1.5338151730144176,-0.11118492635279753,0.014259054080177776,-0.0221867338339391,-0.0809905656851736,0.16543662008800264,-69.51410854886298,-63.0363491695791,bear,high,neutral,high,start_week,1
2022-02-15,443.7300109863281,446.2799987792969,443.17999267578125,446.1000061035156,2022,2,15,1,0.01612686726577106,-0.010733127049467162,-0.004971790322092384,0.002076714814999603,-0.028222702444476666,-0.0018332957912512438,-0.009813948173943876,-3.60205832090503,-3.915686428047033,0.31362810714200284,58.11016905290136,60.33005327988558,46.75692304050511,8.9085693359375,0.5303975376713211,0.0683185209754341,0.013995243677149756,-6.850006103515625,-0.01512309508534615,-1.2375671973395792,-0.3557034596241262,0.006949128135174877,-0.023367088386278656,-0.06616982252198711,0.1842314617668308,-0.0436499932616142,-39.66994672011442,sideways,high,neutral,high,start_week,1
2022-02-16,443.92999267578125,448.05999755859375,441.94000244140625,446.6000061035156,2022,2,16,2,0.0011208249118113134,-0.023910482661828603,-0.0014622514209430282,0.0037804769502784996,-0.026616555808300135,-0.0006046651239145495,-0.008064572761459887,-3.3607132308548557,-3.804691788608598,0.4439785577537423,60.00260738677443,61.98021896119331,53.09130769049994,8.478570120675224,0.55640658108584,0.0670219126474866,0.013827167645296738,-10.75,-0.02350497399483331,-0.9678625358392874,-0.3764960594400487,0.013703526720886275,-0.025191140167862835,-0.06512316239566862,0.18555877789052988,8.637989143091453,-38.01978103880669,sideways,high,neutral,high,mid_week,0
2022-02-17,443.2200012207031,446.57000732421875,436.4200134277344,437.05999755859375,2022,2,17,3,-0.02136141606480546,-0.027285697422279376,-0.020703574792699464,-0.01659079727963997,-0.046111251589904256,-0.0186387052825302,-0.02714559898910307,-3.894352793734015,-3.8226239896336818,-0.07172880410033322,46.76629305090834,7.550488642985846,43.28692029468825,8.192855834960938,0.25878402457987243,0.06877984449721315,0.014420752301300877,-9.540008544921875,-0.02136141606480546,-1.1987161000112416,-0.24309443423771737,0.023223342225740146,-0.02594482747328164,-0.08509345549308434,0.1602335635667278,-46.77353806402047,-92.44951135701416,bear,high,neutral,high,end_week,0
2022-02-18,437.3299865722656,438.6600036621094,431.82000732421875,434.2300109863281,2022,2,18,4,-0.006475052825868022,-0.01414425961406618,-0.023879780227174074,-0.02254605028041723,-0.05082560810537706,-0.0212296133127039,-0.031044393254275326,-4.493820294133684,-3.9568632505336825,-0.5369570436000015,38.876288704432575,9.16351627643601,26.231407960205058,7.933569771902902,0.1810930187975237,0.0706978887555383,0.013813311135354868,-14.470001220703125,-0.032248720363365235,-1.5023251535176523,0.00777073473913914,0.015752011986352517,-0.027605029926000446,-0.09101752369949889,0.15272098995228833,-94.1502316050005,-90.83648372356399,bear,high,neutral,high,end_week,0
2022-02-22,431.8900146484375,435.5,425.8599853515625,429.57000732421875,2022,2,22,1,-0.010731648076383382,-0.02152517408303889,-0.030499849417761293,-0.031916744461762736,-0.05949955216259295,-0.026983099375836095,-0.038491202539190805,-5.284015120265963,-4.222293624480138,-1.0617214957858243,33.786412616070436,11.500374611198984,9.404793176873612,8.144284929547991,0.08182562365167674,0.07632400803816176,0.013956890821581623,-17.69000244140625,-0.039551943064787376,-1.7594491287277125,-0.006855940147469264,0.022441079414470575,-0.029912014688616262,-0.10077240374275542,0.1403503939578601,-136.3655037013753,-88.49962538880102,bear,high,neutral,high,start_week,0
2022-02-23,432.6600036621094,433.260009765625,421.3500061035156,421.95001220703125,2022,2,23,2,-0.01773865723226875,-0.05413582955854179,-0.041425744410583,-0.04774584075053345,-0.07420488441063511,-0.037693042637921836,-0.05164497752665498,-6.450759792592407,-4.6679868581025925,-1.7827729344898149,26.500281392025485,1.6425023913651875,7.435464426333393,8.625714983258929,-0.05223343858215235,0.08645952493047127,0.014240676436061181,-28.989990234375,-0.06428790987142874,-2.019071109738174,0.07368390448798623,0.02822610100142784,-0.034195723293128255,-0.11672349384655967,0.12012210919475885,-168.28977734745078,-98.35749760863482,bear,high,oversold,high,mid_week,1
2022-02-24,411.0199890136719,428.760009765625,410.6400146484375,428.29998779296875,2022,2,24,3,0.01504911814725074,-0.04097630555406928,-0.020493512482073317,-0.03286086460830184,-0.05869169334538793,-0.019710607658491308,-0.0347007598742759,-6.784812297757981,-5.0913519460336705,-1.69346035172431,37.098128281381314,37.38352412207034,16.842133708211502,9.088570731026786,0.13291218874466085,0.08951772192034027,0.014700204204916715,-29.240020751953125,-0.06390702497240153,-1.3932462034571502,0.7135015952432353,0.04230678410840004,-0.03899737403486625,-0.10343096134876573,0.1369789591553785,-171.374290625456,-62.61647587792966,bear,high,neutral,high,end_week,1
2022-02-25,429.6099853515625,437.8399963378906,427.8599853515625,437.75,2022,2,25,4,0.0220640029800776,0.0015787362038635067,0.0037743270923511485,-0.012247910322703337,-0.036838431864658294,0.001622867509706749,-0.012421956741402895,-6.215367420073164,-5.316155040841569,-0.8992123792315949,43.00497669950155,57.38778779813432,32.13793810385661,9.162142072405134,0.3588180048695087,0.08675263663318306,0.015488678975698812,-11.57000732421875,-0.025750038136784115,-1.0251134773039785,-0.013356816409619054,0.02279842601102941,-0.04046004949603854,-0.08364905940811962,0.1620652662984683,-70.36646253037254,-42.61221220186568,bear,high,neutral,high,end_week,0
2022-02-28,432.0299987792969,438.20001220703125,430.70001220703125,436.6300048828125,2022,2,28,0,-0.0025585268239577408,0.005527010652794262,0.0020862035131721246,-0.01418340245588745,-0.037864455164383304,-0.0007953400805247313,-0.013856734139442328,-5.787735090265869,-5.4104710507264295,-0.37726403953943954,43.18152455539086,55.01692550195096,49.92941247405187,9.330714634486608,0.33843404131665694,0.08778707205077663,0.014432456345432488,-3.829986572265625,-0.008695424434834842,-1.3766914489905977,0.18858399417359983,0.017177014671753792,-0.03986748698614362,-0.08599356786978285,0.1590920911434539,-62.563109979115424,-44.98307449804904,bear,high,neutral,high,start_week,0
2022-03-01,435.0400085449219,437.1700134277344,427.1099853515625,429.9800109863281,2022,3,1,1,-0.015230272363598085,0.0009544513236929841,-0.011124204801830295,-0.0270085420151589,-0.05099273199461318,-0.013583348080462243,-0.026794316302309884,-5.9172222641789745,-5.511821293416939,-0.4054009707620354,37.04894465088266,40.93988216749787,51.11486515586105,9.570715767996651,0.20111465945858428,0.0903642245090851,0.01409792696551131,-9.03997802734375,-0.020591267490242315,-1.6827764197096586,0.1313581258588179,0.02339650174224436,-0.04031702200253895,-0.09991413477320654,0.14143880290084687,-83.1609636056442,-59.06011783250213,bear,high,neutral,high,start_week,1
2022-03-02,432.3699951171875,439.7200012207031,431.57000732421875,437.8900146484375,2022,3,2,2,0.018396212521518462,0.0377769924878808,0.008972454474966307,-0.007417878662041355,-0.03259597983981899,0.0038582765091115245,-0.008237849210111281,-5.320242153724109,-5.4735054654783735,0.1532633117542641,38.05181121783417,57.892529057196334,51.283112242215054,9.770714896065849,0.41539840000361383,0.08768012262602916,0.014712587961025732,-8.209991455078125,-0.018403925897219175,-1.304728915203791,-0.031190017199706932,0.018611965616589007,-0.041198780135594526,-0.08335596390887945,0.16243695369931843,-38.55684622994942,-42.107470942803666,bear,high,neutral,high,mid_week,0
2022-03-03,440.4700012207031,441.1099853515625,433.79998779296875,435.7099914550781,2022,3,3,3,-0.004978472037343917,0.017300966316373678,0.006474803240411164,-0.009931165666166142,-0.03659188771076283,-0.0009642799813880387,-0.012211278087795985,-4.965798137838249,-5.371963999950348,0.4061658621120996,41.06837512692287,61.191102596342354,53.341171273678846,9.542144775390625,0.3778829540872437,0.08132497467438933,0.014483673100737005,-10.8900146484375,-0.024384268919856122,-1.5202611198692966,-0.12753453336336884,0.01677720892785038,-0.04278963647427425,-0.08791945061075723,0.14143872488137976,-29.039424227509475,-38.808897403657646,bear,high,neutral,high,end_week,0
2022-03-04,431.75,433.3699951171875,427.8800048828125,432.1700134277344,2022,3,4,4,-0.008124619808514866,-0.01274697103887068,-0.000573500502474511,-0.016362452378993364,-0.043112074057226724,-0.007694728605033063,-0.018765802329880676,-4.913900952213339,-5.280351390402947,0.36645043818960765,44.151277974807385,57.53609997895901,58.87324387749923,9.19643075125558,0.2997663554460125,0.08171679847030737,0.013686048495058941,-4.889984130859375,-0.011188358939675846,-1.7376469246448973,-0.05585698898446534,0.01270331134460585,-0.04256298344714593,-0.09532975830928614,0.1321649692070026,-72.67812573158679,-42.46390002104099,bear,high,neutral,high,end_week,0
2022-03-07,431.54998779296875,432.29998779296875,419.3599853515625,419.42999267578125,2022,3,7,0,-0.029479187255280204,-0.039392648271269315,-0.026704562535034282,-0.04216876040669937,-0.06933142516829127,-0.031441634610584024,-0.044315618773539955,-5.833539844518157,-5.39098908122599,-0.442550763292167,38.079595267974895,23.4900642484207,47.40575560790736,9.673573085239955,0.025421251100165815,0.08885513838210161,0.014940672536167003,-14.800018310546875,-0.03408336120511224,-1.989386421591849,0.1331473578197806,0.030851399917432354,-0.04379642705845044,-0.12199870176836625,0.08332251499138432,-125.72243172674682,-76.50993575157929,bear,high,neutral,high,start_week,0
2022-03-08,419.6199951171875,427.2099914550781,415.1199951171875,416.25,2022,3,8,1,-0.007581700715998618,-0.031931742489221704,-0.031088957603784162,-0.046053014518543045,-0.0741543986203187,-0.03301503617139778,-0.0479250166160643,-6.7412501890412955,-5.661041302789051,-1.0802088862522448,30.931384762107513,14.991950597710936,32.006038275030214,10.018572126116071,0.02558387397868611,0.09707303776700468,0.014971833512020775,-13.32000732421875,-0.03100776845941544,-2.2688752490509607,0.3107529860964773,0.029045036247184686,-0.04444725999822363,-0.12865544483981672,0.07413813945301939,-146.54037216915629,-85.00804940228906,bear,high,neutral,high,start_week,1
2022-03-09,425.1400146484375,429.510009765625,422.82000732421875,427.4100036621094,2022,3,9,2,0.026810819608671155,-0.023932975486417707,-0.006374486875721841,-0.017828724035520938,-0.047218849642417404,-0.006005253166543545,-0.02077438165624479,-6.485339196017435,-5.825900881434728,-0.6594383145827072,39.21061282925734,46.674067442757234,28.38536076296296,10.528573172433036,0.3094993928605576,0.0935888042733148,0.01625801698292409,5.459991455078125,0.01293990116630006,-1.8891432721407042,-0.08247813440117224,0.0156524236309056,-0.04110639494176016,-0.10529398315441918,0.10293666334468798,-79.12012403922449,-53.325932557242766,bear,high,neutral,high,mid_week,0
2022-03-10,422.5199890136719,426.42999267578125,420.44000244140625,425.4800109863281,2022,3,10,3,-0.004515553354495161,-0.023478875098976726,-0.010212374072395947,-0.018648835963018584,-0.0493430689321126,-0.008893633718516814,-0.023373370977954777,-6.364891660565206,-5.933699037260824,-0.43119262330438257,42.87998655004535,48.70367773727014,36.78989859257944,10.299288068498884,0.2733820658081305,0.08229196876902621,0.01574848907681425,-2.819976806640625,-0.006584116009836882,-2.021484384427939,-0.26340123271909544,0.01407819422700794,-0.03953443530175915,-0.10933407591007338,0.09795629399472605,-92.97800875150845,-51.29632226272986,bear,high,neutral,high,end_week,0
2022-03-11,428.1199951171875,428.7699890136719,419.5299987792969,420.07000732421875,2022,3,11,4,-0.012715059514942118,-0.02799825468580075,-0.018761878213049865,-0.02784751673532515,-0.05901669013514643,-0.018248942768038234,-0.03322812847660428,-6.62955679916189,-6.072870589641036,-0.5566862095208531,41.561379802017655,30.948479628220024,42.108741602749134,10.470716203962054,0.14990193503977856,0.07954204699328808,0.015537140178004335,-17.67999267578125,-0.04038833278305254,-2.1498613384117444,-0.23706498297529688,0.021996310313207826,-0.04102450875918673,-0.1206589461428077,0.08399571437177777,-96.45793885427607,-69.05152037177997,bear,high,neutral,high,end_week,0
2022-03-14,420.8900146484375,424.54998779296875,415.7900085449219,417.0,2022,3,14,0,-0.007308323066848366,-0.005793559636207535,-0.021446064358667583,-0.03232544322377007,-0.06341132546689354,-0.02159700178491797,-0.037420587490038626,-7.006265890317309,-6.259549649776291,-0.7467162405410175,42.36422810286771,20.872961820439887,33.508373061976684,10.40785653250558,0.11237003334562073,0.0833925289697538,0.015085878439986752,-19.6300048828125,-0.044957984250489136,-2.2540885831613755,-0.21840232523373215,0.021007144479728717,-0.04288497504301836,-0.12708545465033894,0.07607352348806984,-120.91504694692757,-79.12703817956012,bear,high,neutral,high,start_week,1
2022-03-15,419.7699890136719,426.8399963378906,418.4200134277344,426.1700134277344,2022,3,15,1,0.02199043987466287,0.023831864090653188,0.000967706214293429,-0.009569162725150404,-0.040712895984476694,-6.895350094182628e-05,-0.015067253603759045,-6.490053812054953,-6.305650482232024,-0.18440332982292862,52.516098510694434,50.96821040823685,34.26321728563226,10.259998866489955,0.38346675547021836,0.0821153033519539,0.0160553200088393,-3.80999755859375,-0.00886087134574931,-1.9096151670199584,-0.12677139195973408,0.019757333094445946,-0.0416403066152935,-0.10788967982510866,0.09973685360705065,-66.59647372166906,-49.03178959176315,bear,high,neutral,high,start_week,1
2022-03-16,429.8900146484375,435.67999267578125,424.79998779296875,435.6199951171875,2022,3,16,2,0.02217420604853415,0.01920870214719761,0.02370918274580225,0.013627241573498594,-0.017579928412868817,0.01863976482501739,0.00626801099619545,-5.257808729220017,-6.096082131629624,0.838273402409607,54.208834794522275,78.87652059555681,50.239230941411186,9.742856706891741,0.6801187881758715,0.0756569690008838,0.016454013805633105,-2.27001953125,-0.0051839947368347294,-1.5191317598560614,0.16464062465413942,0.024975907912320773,-0.04033285219531302,-0.08810784176752684,0.12412264519810012,24.615321789069387,-21.12347940444319,bear,high,neutral,high,mid_week,1
2022-03-17,433.5899963378906,441.07000732421875,433.19000244140625,441.07000732421875,2022,3,17,3,0.01251093216133281,0.03664096064525002,0.03521277821315394,0.0269693916802507,-0.0036495329689436584,0.02642800372908871,0.017436164641351448,-3.7976976907773974,-5.636405243459179,1.8387075526817815,52.000968204488316,99.84617913672444,76.56363671350603,9.592856270926339,0.8808767857632808,0.07080870425380163,0.01672828708079123,5.360015869140625,0.012301797007777004,-1.234594499085158,-0.18090304097730436,0.017865655682681954,-0.037540409083025916,-0.07669922083742908,0.1381864673531914,104.70138838290777,-0.15382086327556244,bear,high,neutral,high,end_week,1
2022-03-18,438.0,444.8599853515625,437.2200012207031,444.5199890136719,2022,3,18,4,0.00782184603841607,0.05820454034601452,0.04029465572790758,0.034104092557273535,0.005227368565466017,0.029001816538205105,0.023469180394998235,-2.3352452302659685,-4.976173240820537,2.6409280105545685,54.62538594230751,98.85677051266265,92.52649008164796,9.602855137416295,0.9493200355963654,0.07590156203920098,0.016071831961396166,12.3499755859375,0.02857666011573623,-0.9388551776401408,-0.15301760698831857,0.017187042921987465,-0.033708994821188054,-0.06947730429566978,0.14708918666383686,144.66448818568108,-1.1432294873373559,sideways,high,neutral,high,end_week,0
2022-03-21,444.3399963378906,446.4599914550781,440.67999267578125,444.3900146484375,2022,3,21,0,-0.0002923926222593298,0.06568348836555749,0.03395085681445131,0.03258144350402459,0.006004951531377367,0.024178652590646,0.021416877186605454,-1.1732049871459367,-4.215579590085617,3.04237460293968,59.14688693152431,93.39509556949761,97.36601507296156,9.29713875906808,0.9011396505210051,0.08122219646376842,0.01598031269378313,24.96002197265625,0.05950938752238999,-1.1225481979898253,-0.283708996452953,0.013006590132025141,-0.027028272280922305,-0.06974938226673855,0.14675378624858304,148.12497578684034,-6.604904430502391,sideways,high,neutral,high,start_week,1
2022-03-22,445.8599853515625,450.5799865722656,445.8599853515625,449.5899963378906,2022,3,22,1,0.011701391836103525,0.054954553751416224,0.037997636771056165,0.042239921975788075,0.018537508272465253,0.03043013564617114,0.030820925483884043,0.16540861431076337,-3.339381949206341,3.5047905635171044,57.691287640937226,97.20814869448247,96.48667159221424,9.043566022600446,0.9680341099490427,0.09024966573565948,0.01587995056591228,33.339996337890625,0.0800960872982357,-0.8960421904719708,-0.3823213711316428,0.0104984569477738,-0.018747757999841075,-0.05886415528286426,0.16017240164101287,167.7637498502574,-2.791851305517521,sideways,high,neutral,normal,start_week,0
2022-03-23,446.9100036621094,448.489990234375,443.7099914550781,443.79998779296875,2022,3,23,2,-0.012878419431224142,0.01877781728908179,0.02076722124997299,0.026218485722694362,0.006410333467431917,0.014481620130929018,0.016224821604597706,0.7504139325031929,-2.5214227728644345,3.2718367053676274,55.07719415848695,80.87986347124195,90.494369245074,8.941423688616071,0.7879110668144673,0.09106452910193183,0.015590093183452015,16.389984130859375,0.03834721693555987,-1.0601429581937252,-0.32802944328190187,0.010770614940906057,-0.014064800949388334,-0.07098449743289104,0.13882466998024223,120.35683139851412,-19.12013652875805,sideways,high,neutral,normal,mid_week,1
2022-03-24,445.94000244140625,450.5,444.760009765625,450.489990234375,2022,3,24,3,0.015074363734608909,0.021357115092234924,0.0302283020834051,0.039022416054963927,0.02247448378737782,0.02507874863087145,0.02913910337142589,1.7338751152161649,-1.6703631952483147,3.4042383104644793,61.06011949835013,99.74620315968029,92.61140510846825,8.860711233956474,0.899972220911842,0.09756281565255226,0.015591151535472162,25.009979248046875,0.058780620951075724,-0.8569485480581853,-0.4154073633663745,0.012741659878810345,-0.007526310702537509,-0.056980179832103794,0.14126105868848704,131.567339556698,-0.2537968403197031,sideways,high,neutral,normal,end_week,1
2022-03-25,451.1600036621094,452.9800109863281,448.42999267578125,452.69000244140625,2022,3,25,4,0.004883598425542424,0.018379406167678747,0.027593790303863885,0.042300802692866846,0.028323474915616487,0.02533910711518117,0.03155440829051015,2.6601334245668795,-0.8042638712852759,3.464397295852155,73.0077645062002,99.23399782524059,93.28668815205428,8.261426653180804,0.9035084333392969,0.10483251203153279,0.014923876997145417,32.6199951171875,0.07765371140151567,-0.6222748063958855,-0.2894106834703307,0.010051068691617074,0.0007100905227706011,-0.05237484972307649,0.14683451939783132,133.67700248730947,-0.7660021747594102,bull,high,overbought,normal,end_week,1
2022-03-28,452.05999755859375,455.9100036621094,450.05999755859375,455.9100036621094,2022,3,28,0,0.007113038068738753,0.02592315001223744,0.025842388844258046,0.047389970862079744,0.03604371531298867,0.027474086580641544,0.03590756759393643,3.6123856626091992,0.07906603549361912,3.53331962711558,77.4198122104954,100.0,99.66006699497363,7.815713065011161,0.9171327663043279,0.11360884277190862,0.014932415380468288,38.910003662109375,0.09330936130002243,-0.4056030197695357,-0.3451465306998458,0.01283149318182381,0.009944340943274677,-0.04563435595426257,0.1549919969928517,132.08207742013298,-0.0,bull,high,overbought,normal,start_week,1
2022-03-29,460.0199890136719,462.07000732421875,457.17999267578125,461.54998779296875,2022,3,29,1,0.012370827763277914,0.02660199638002969,0.030330608631063516,0.05651572214069689,0.0490115705093892,0.03379359459984799,0.04495128722064479,4.767198706698252,1.0166925697345457,3.7505061369637067,75.55389668148537,98.8763622623892,99.37012002920993,7.308569771902902,0.9537320366993963,0.12455748673118114,0.014499209864486948,35.379974365234375,0.08301845097140736,-0.1277742971057967,-0.1519004427908085,0.010594767149318934,0.01813103650598724,-0.03382806294858287,0.1645598451552217,151.04801749434895,-1.123637737610806,bull,high,overbought,high,start_week,0
2022-03-30,460.3399963378906,461.20001220703125,456.4700012207031,458.70001220703125,2022,3,30,2,-0.006174792896356585,0.033573737773542556,0.018719866652570083,0.04749706254172725,0.04242942007425099,0.02309579600917222,0.03554578838091493,5.3902912306055555,1.8914123019087479,3.498878928696808,74.5274886020891,92.71824717788228,97.19820314675717,7.1735687255859375,0.8597046612790197,0.13204461230176884,0.014222183731669055,23.08001708984375,0.05298199657624747,-0.3271823606090825,-0.2048089421002125,0.01031177427611069,0.023273869684693915,-0.03979397456214706,0.14500394143818163,122.14190459383418,-7.281752822117728,bull,high,overbought,normal,mid_week,0
2022-03-31,457.8900146484375,458.760009765625,451.1600036621094,451.6400146484375,2022,3,31,3,-0.015391317572948426,0.0025528301160790967,0.0006913259770990887,0.02950213404266866,0.026390188742501097,0.0062113650821313815,0.018128646183820818,5.253850625225084,2.5638999665720155,2.6899506586530686,72.75482003982202,77.46328230145275,89.68596391390808,7.056427001953125,0.7191548635788045,0.13461774729019532,0.014690181170805136,10.57000732421875,0.02396446629491411,-0.6595722894365194,0.20499997178099627,0.016827574743198008,0.025681108747803938,-0.054572810435119634,0.11403273369854672,83.82755807905421,-22.53671769854725,sideways,high,overbought,high,end_week,1
2022-04-01,453.30999755859375,453.4599914550781,449.1400146484375,452.9200134277344,2022,4,1,4,0.0028341128726010467,0.0005080982241438825,0.0016631232297312781,0.029983993149172106,0.029010521186157767,0.007658083587327669,0.019427294313822285,5.189187938158909,3.088957560889394,2.100230377269515,76.57594924990708,79.03781173902678,83.07311373945394,6.739283970424107,0.7196282662814248,0.13652155825312332,0.014499750922227914,8.4000244140625,0.018896842935457236,-0.3621847733861828,-0.10727393575694266,0.009538056783904734,0.02730199138034406,-0.05189336306706682,0.11719002820962054,66.20102874247739,-20.96218826097322,bull,medium,overbought,high,end_week,1
2022-04-04,453.1300048828125,456.9100036621094,452.260009765625,456.79998779296875,2022,4,4,0,0.008566577431344813,0.001952104853393255,0.00747887263357927,0.03441205931512803,0.036938870839239524,0.013749610833450943,0.026020072710927655,5.38890386844588,3.5489468224006915,1.8399570460451882,74.58663524593176,85.8598959766275,80.786996672369,6.368569510323661,0.7589761721126063,0.13287731853633736,0.012440115394746345,12.40997314453125,0.027925859572585088,-0.16361419057468346,-0.3780842226788427,0.010179496542788545,0.029241306200944006,-0.04377133414860901,0.12676052309180452,78.29638300210225,-14.140104023372507,bull,medium,overbought,low,start_week,0
2022-04-05,455.2200012207031,457.8299865722656,449.82000732421875,451.0299987792969,2022,4,5,1,-0.01263132479829876,-0.022792740313949844,-0.005562748122737271,0.017339860077687064,0.023321083882098526,0.0007991694443261199,0.0120809792949359,5.023680429620583,3.84389354384467,1.179786885775913,63.146247726537844,61.772830061077414,75.55684592557724,6.163567679268973,0.6421217998820767,0.12200703968057339,0.012742583384564575,1.44000244140625,0.0032029236707571407,-0.3644370698892379,-0.18719466202939739,0.01775930485716186,0.02904540427292912,-0.05584976900842176,0.11252804495473101,60.49150659805245,-38.227169938922586,sideways,medium,neutral,normal,start_week,0
2022-04-06,446.8900146484375,448.92999267578125,443.4700012207031,446.5199890136719,2022,4,6,2,-0.00999935653466788,-0.026553352668894248,-0.016096537181354287,0.005001120665734771,0.012534884336506957,-0.007802588941223432,0.0018153110935539285,4.32051393152102,3.9392176213799406,0.3812963101410798,54.72515342163181,37.42448896884997,61.685738335518295,6.140710013253348,0.5427211522093669,0.11706427395088613,0.011921130520349633,2.720001220703125,0.006128889805134374,-0.6718066940912,0.1772652069112597,0.01222787689110811,0.02909982798092714,-0.06529066379039561,0.10140348037841163,16.98088775142655,-62.57551103115003,sideways,medium,neutral,high,mid_week,1
2022-04-07,445.5899963378906,450.69000244140625,443.5299987792969,448.7699890136719,2022,4,7,3,0.005038968143330047,-0.006354675276059596,-0.010763757465665935,0.007424842750336724,0.01692722984577233,-0.002372739771462018,0.006351795301132723,3.8998505619955495,3.9313442095030626,-0.031493647507513156,53.76306605145034,37.82136885297357,45.672895960966976,6.106425694056919,0.5674999633452594,0.10999773010777836,0.011826522606281408,-1.720001220703125,-0.003818067566403127,-0.40859202854330096,-0.1323323392942165,0.015954729231885522,0.027992289526813652,-0.060580693221962134,0.10695341742899145,20.409713772589328,-62.17863114702643,sideways,medium,neutral,normal,end_week,0
2022-04-08,447.9700012207031,450.6300048828125,445.94000244140625,447.57000732421875,2022,4,8,4,-0.002673934796955768,-0.011812253698012531,-0.01229417121269083,0.001639314793898894,0.013457985781561543,-0.004268204346441373,0.0033887812453747834,3.430103222473633,3.8310960120971767,-0.40099278962354346,52.763292720958404,22.043036333954078,32.4296313852592,6.028568812779018,0.5171236646184351,0.0957338765052651,0.011339237553269427,-5.1199951171875,-0.011310157258995757,-0.6453520448972399,-0.11119310833168938,0.010478813067580783,0.026072699222470463,-0.06309263919528807,0.10399349616751885,16.48063317250042,-77.95696366604592,sideways,medium,neutral,normal,end_week,0
2022-04-11,444.1099853515625,445.0,439.3900146484375,439.9200134277344,2022,4,11,0,-0.017092284494708676,-0.03695265940524661,-0.02573844267084391,-0.017999518356295874,-0.00377274046117948,-0.018071714985212872,-0.012755062490374502,2.4127221388270073,3.5474212374431433,-1.134699098616136,41.94032811903853,2.3368560425631544,20.733753743163597,6.170713152204241,0.25669792249325274,0.07398012602583207,0.012009356394338812,-15.989990234375,-0.03507269001762403,-0.8951565583573773,0.009881870240858293,0.012752284916185228,0.022546001168188612,-0.07910652635134885,0.08512372525071554,-59.9514245447658,-97.66314395743684,bear,medium,neutral,high,start_week,0
2022-04-12,443.0799865722656,445.75,436.6499938964844,438.2900085449219,2022,4,12,1,-0.003705230116974989,-0.028246436531617625,-0.024322363384015278,-0.02295972570137006,-0.0069413602612168335,-0.01843154884167264,-0.015215751013454626,1.4581044086934867,3.129557871693212,-1.6714534629997253,45.06538904087874,6.451667120868514,10.277186499128577,6.400713239397321,0.1289835505823949,0.061883309317984775,0.011188793148891858,-23.259979248046875,-0.050395363152907935,-1.1131056885453257,-0.039131346199152706,0.020762522362138068,0.017814288726635485,-0.08251864858443758,0.08110309214327249,-94.82802147606058,-93.54833287913148,bear,medium,neutral,high,start_week,1
2022-04-13,438.0299987792969,444.1099853515625,437.8399963378906,443.30999755859375,2022,4,13,2,0.01145357848867623,-0.007188908747778,-0.009754810668135439,-0.012615436492520282,0.00487168155820461,-0.006089801006990969,-0.003645921742209013,1.0940229242527266,2.722450882205115,-1.6284279579523884,43.37148788085052,26.19984321032267,11.662788791251442,6.369997297014509,0.2778330553726213,0.05678358908738239,0.010371250513810668,-15.3900146484375,-0.033551371787387985,-0.8474216249603729,-0.12087917304931806,0.014143576838334556,0.014770576402606705,-0.07201020391410262,0.09348559126348621,-90.22794715304902,-73.80015678967733,bear,medium,neutral,normal,mid_week,0
2022-04-14,443.54998779296875,444.7300109863281,437.67999267578125,437.7900085449219,2022,4,14,3,-0.01245175846263713,-0.024466833205318173,-0.01905029167511707,-0.02455380238952609,-0.006759980947464883,-0.015669363894729504,-0.014880918411036781,0.3559653963295659,2.249153785030005,-1.8931883887004393,37.0389503376956,4.484713006460071,12.378741112550413,6.5485687255859375,0.08414596202505144,0.05904428031790635,0.01040575826314292,-13.850006103515625,-0.030666029701324482,-1.1212148897715417,0.16490902813870156,0.01610365283113461,0.012528991673426138,-0.08356530871075607,0.07986977279869922,-115.51045989838838,-95.51528699353993,bear,medium,neutral,high,end_week,1
2022-04-18,436.80999755859375,439.75,435.6099853515625,437.9700012207031,2022,4,18,0,0.0004111392957082405,-0.02144917207680852,-0.015348572268908178,-0.02344015646404607,-0.005962367713554628,-0.012946660670598797,-0.013417996526630116,-0.211982999232589,1.7569264281774863,-1.9689094274100754,33.52310629715127,8.919175772338594,13.201243996373774,6.426426478794643,0.12452472728978659,0.06242796308490014,0.010230993117440013,-14.95001220703125,-0.033008062712637454,-0.8740902865665433,-0.19506756084769106,0.009452735659744997,0.009532515051526413,-0.08318852639721686,0.08031374969654426,-137.39642922676074,-91.08082422766141,bear,medium,neutral,normal,start_week,1
2022-04-19,437.8599853515625,445.79998779296875,437.67999267578125,445.0400085449219,2022,4,19,1,0.01614267485104759,0.011638468269024482,0.0031986906404968263,-0.007747772902828687,0.010251900190541008,0.00252631789144675,0.002321861200919484,-0.09055186448767927,1.3874307696444534,-1.4779826341321327,35.22462167041286,36.85038412276664,16.751424300521766,6.566425868443081,0.37555436291958605,0.06225829273405718,0.010902770018199169,-11.759979248046875,-0.02574426349016612,-0.589408330668641,-0.04480268315921743,0.018245539639764493,0.007030720450343697,-0.06838873687913727,0.09775290329501174,-70.57746285408365,-63.14961587723336,sideways,medium,neutral,normal,start_week,0
2022-04-20,446.9200134277344,447.57000732421875,443.4800109863281,444.7099914550781,2022,4,20,2,-0.0007415447679024467,0.014647796630066878,0.0038849497042670045,-0.007943875938829836,0.00961963896663387,0.001508193791259771,0.0014614908341301636,-0.0207077305926191,1.105803069597039,-1.126510800189658,36.88843940323916,39.308840201428985,28.359466698844738,6.4957122802734375,0.37330125764622163,0.06269893284850701,0.010557233729260512,-6.32000732421875,-0.014012387959390082,-0.7817153147883249,-0.19475875410841936,0.00919699673152896,0.0057124965007755435,-0.06907956833702356,0.09693887037312354,-36.62036242293455,-60.691159798571015,sideways,medium,neutral,normal,mid_week,0
2022-04-21,448.5400085449219,450.010009765625,437.1000061035156,438.05999755859375,2022,4,21,3,-0.014953551807383003,-0.011842728629881782,-0.009234579625424622,-0.022152584858799784,-0.004895797459635087,-0.011419585807610932,-0.012525423011818249,-0.4962344011283335,0.7853955754519644,-1.2816299765802979,37.17412908938306,11.0261569416499,29.06179375528184,6.874997820172991,0.16150265377873688,0.06544389522132174,0.010694671525333212,-8.459991455078125,-0.01894650108221496,-1.0591909229831067,0.050651244163778086,0.029470857266264232,0.004379222444147457,-0.08300013524044725,0.08053573814546677,-76.15227775550059,-88.9738430583501,bear,high,neutral,high,end_week,0
2022-04-22,436.9100036621094,438.0799865722656,425.44000244140625,426.0400085449219,2022,4,22,4,-0.027439138658316153,-0.02683935167696805,-0.03144109758157687,-0.04638155578316994,-0.030813579299316052,-0.032809886823887746,-0.036793981138069864,-1.822002461457771,0.26391596807001727,-2.0859184295277884,28.894445871496316,1.8524433389393746,17.39581349400608,7.4692840576171875,-0.08974071955995175,0.07864736865682014,0.011602498481941573,-22.72998046875,-0.05064951094146697,-1.5457868906575485,0.5642679621798752,0.02966853787753271,0.0006478886113110427,-0.10816182167924171,0.050886768201227284,-181.00746481753572,-98.14755666106062,bear,high,oversold,high,end_week,1
2022-04-25,423.6700134277344,428.69000244140625,418.8399963378906,428.510009765625,2022,4,25,0,0.005797580441186945,-0.02159963337377302,-0.0215862368904296,-0.03825024566666524,-0.02427082116270407,-0.023114253834941922,-0.028964847720143516,-2.6429089360020726,-0.3174490127444006,-2.325459923257672,27.28440911911126,24.801271735659316,12.559957338749527,7.8407135009765625,0.0541128597315446,0.08578459034193253,0.011635783689123972,-19.05999755859375,-0.042585511197551607,-1.0669252509771041,0.3782161635092258,0.02298664180307741,-0.002743812866800255,-0.10299131809990558,0.056979368774452865,-190.7941531615509,-75.19872826434069,bear,high,oversold,high,start_week,0
2022-04-26,425.8299865722656,426.0400085449219,416.07000732421875,416.1000061035156,2022,4,26,1,-0.028960825603343676,-0.0650278669012857,-0.044726360390033304,-0.06191241878531051,-0.05147648282364048,-0.043843848628431936,-0.0530826416558271,-4.245922461058399,-1.1031437024072004,-3.1427787586511986,24.6553429918487,0.08665159886744686,8.913455557822042,8.157143729073661,-0.1088699388363599,0.10168414440633121,0.012778307461955003,-23.82000732421875,-0.05414622339779429,-1.452852880993423,0.1739483687040193,0.02396058897971472,-0.00706616633571433,-0.1289694301010994,0.02636837360904365,-205.49825632486048,-99.91334840113255,bear,high,oversold,high,start_week,1
2022-04-27,417.239990234375,422.9200134277344,415.010009765625,417.2699890136719,2022,4,27,2,0.002811782968023202,-0.06170313905388847,-0.03739506493704525,-0.05455561930190678,-0.047865296999634266,-0.035045648231563864,-0.046860307151512126,-5.360126187730373,-1.954540199471835,-3.4055859882585375,27.69557422614581,6.3340238564031335,10.40731573030996,8.182144165039062,-0.006329336919369155,0.1077473006676573,0.012284069716336443,-21.02001953125,-0.04795915745611978,-0.9090182727053405,0.3504988977326049,0.018956560189738934,-0.010876977336402582,-0.12652028118003011,0.02925429872087526,-188.14689098584932,-93.66597614359686,bear,high,oversold,high,mid_week,1
2022-04-28,422.2900085449219,429.6400146484375,417.6000061035156,427.80999755859375,2022,4,28,3,0.02525944549675363,-0.02339862132384951,-0.00953859249182798,-0.027270142874939673,-0.022999409858240116,-0.009044525869468356,-0.02113245042615497,-5.331195363873007,-2.6298712323520697,-2.7013241315209378,35.81099087984141,35.93483870746644,14.118504720912336,8.554288591657366,0.23964047328217108,0.10474033049113043,0.014009907417726118,-15.5,-0.03496424643107965,-0.42822317060907533,0.15058422790338422,0.028143354792153612,-0.013590451141632265,-0.10445666782997731,0.05525269158171464,-118.211795374474,-64.06516129253356,bear,high,neutral,high,end_week,0
2022-04-29,423.5899963378906,425.8699951171875,411.2099914550781,412.0,2022,4,29,4,-0.03695565238965315,-0.03295467154099796,-0.04041215913575957,-0.058977234081181384,-0.05761581822880091,-0.03891379386750027,-0.05328837376341222,-6.508970787304236,-3.405691143342503,-3.103279643961733,29.897129477085755,2.0361035363406765,14.768322033403413,9.405003138950892,-0.007492298509591179,0.11621306225609003,0.015709209486612447,-25.790008544921875,-0.05890954119907821,-1.067817506195403,0.5671524992979697,0.035582533160459645,-0.0179281753690701,-0.13755205591352426,0.016255139928375018,-152.13289723828177,-97.96389646365932,bear,high,oversold,high,end_week,1
2022-05-02,412.07000732421875,415.9200134277344,405.0199890136719,414.4800109863281,2022,5,2,0,0.0060194441415730715,-0.03274135599999317,-0.029325368287550724,-0.049138597314939414,-0.05096286976562492,-0.02817548527922309,-0.04422041750855599,-7.159717370430087,-4.15649638876002,-3.003220981670067,34.72988825362492,21.026934005682953,19.66595874983002,9.599291120256696,0.09473514347148485,0.12125057606982984,0.01580296709107811,-23.489990234375,-0.05363378808800623,-0.2803333960064237,0.6439331843249276,0.026298070172609708,-0.022291199101290626,-0.13236059868908123,0.02237243097676056,-151.04334375270474,-78.97306599431704,bear,high,neutral,high,start_week,1
2022-05-03,415.010009765625,418.92999267578125,413.3599853515625,416.3800048828125,2022,5,3,1,0.00458404228460374,0.0006729122210760163,-0.018286579481775478,-0.04033040801276988,-0.04583248293700193,-0.020144792296979297,-0.03699722066359301,-7.436402874066346,-4.812477685821285,-2.6239251882450603,36.891223080746165,25.25007919372311,16.104372245248907,9.34714835030692,0.1618387492639893,0.11926383618758934,0.015656652845385033,-28.660003662109375,-0.06439871272655806,0.2663302849043326,0.017348892416851225,0.013377220949373861,-0.028059006711638523,-0.12838330298568357,0.02705902943097116,-107.40253437464482,-74.74992080627689,bear,high,neutral,high,start_week,1
2022-05-04,417.0799865722656,429.6600036621094,413.7099914550781,429.05999755859375,2022,5,4,2,0.030452933683378758,0.028255107856643757,0.015355988289747602,-0.00859560112926172,-0.016752299845010254,0.00819096842007272,-0.007106779772153238,-6.556924546664163,-5.161367057989861,-1.395557488674302,42.1900673842185,53.434090811967984,33.23703467045801,10.038578578404017,0.42452276523038973,0.11388336039998463,0.01735182615157777,-15.649993896484375,-0.0351914600463058,1.0348246900752782,0.41663831302780663,0.03717431664053712,-0.03162269047020716,-0.10184001751418092,0.058335989943147926,-53.43027175311924,-46.565909188032016,bear,high,neutral,high,mid_week,0
2022-05-05,424.54998779296875,425.0,409.44000244140625,413.80999755859375,2022,5,5,3,-0.03554281472701826,-0.03272480792850696,-0.01508048298814224,-0.04020578856719803,-0.05134576828775039,-0.02349010870920809,-0.03938015516301685,-7.009676004720404,-5.53102884733597,-1.478647157384434,38.124003062639936,19.537685019939182,32.74061834187675,10.936434064592634,0.15524647481077927,0.11662183452694418,0.018822235052501704,-24.25,-0.055357713863741664,0.134979739732248,0.644975478865099,0.03760179224860443,-0.036820557084332295,-0.13376315136689632,0.0207197499336631,-91.53258895662033,-80.46231498006082,bear,high,neutral,high,end_week,0
2022-05-06,411.1000061035156,414.79998779296875,405.7300109863281,411.3399963378906,2022,5,6,4,-0.0059689259207744705,-0.0016019506361878433,-0.01752191341648579,-0.04177529492183607,-0.056274363349386736,-0.02492064237496794,-0.0419123059969253,-7.481550594823773,-5.921133196833531,-1.5604173979902418,37.104113858202176,14.047575925922157,29.0064505859431,11.28857421875,0.14402505934742693,0.117354594807302,0.01871612782846265,-14.70001220703125,-0.034503830420145376,-0.6380493023975101,0.3948327220499126,0.022049829550711122,-0.039443576871683095,-0.13893365494623255,0.014627149360437741,-112.28279153343131,-85.95242407407784,bear,high,neutral,high,end_week,0
2022-05-09,405.1000061035156,406.4100036621094,396.5,398.1700134277344,2022,5,9,0,-0.03201726802014637,-0.03935050455094624,-0.04203614615124085,-0.06708713224932539,-0.08482779483152847,-0.04791694857338513,-0.06757412990827527,-8.816590000474775,-6.50022455756178,-2.3163654429129954,28.568813177121996,3.1209365033739855,12.235399149745104,11.76857430594308,-0.025589658167508474,0.12764165201276526,0.019715485325990913,-30.339996337890625,-0.07080347167265755,-1.4793964874594532,0.38145273087260656,0.02488887492254106,-0.044669377146502987,-0.16650264689894678,0.0,-154.69627055560923,-96.87906349662602,bear,high,oversold,high,start_week,1
2022-05-10,404.489990234375,406.0799865722656,394.82000732421875,399.0899963378906,2022,5,10,1,0.0023105278627999493,-0.04152458893838584,-0.035877103295352986,-0.06043745869596273,-0.08112759016767801,-0.03895773443477646,-0.0608687921951484,-9.688698134570927,-7.137919272963609,-2.550778861607318,29.25231060992995,7.736888611674203,8.301800346990111,12.280715942382812,0.05970483352655232,0.13726577827332892,0.019599579049277456,-17.010009765625,-0.04087961912068161,-0.689808962601266,0.1545457496242746,0.02821413553677147,-0.04693435559614889,-0.16457682804103668,0.0023105278627999493,-141.73068432929077,-92.2631113883258,bear,high,oversold,high,start_week,0
2022-05-11,398.07000732421875,404.0400085449219,391.9599914550781,392.75,2022,5,11,2,-0.015886131940332726,-0.08462685350580867,-0.04553949534042345,-0.07038010041070475,-0.0941719835047985,-0.04626866151466569,-0.07057020759820443,-10.76731591747432,-7.863798601865752,-2.9035173156085685,29.335026559186545,1.7129415189973929,4.190255544681856,12.221431187220983,0.03108495265350971,0.15009136688825336,0.01975649743874494,-24.519989013671875,-0.058762886522539914,-1.4727593216435426,0.20992311866286917,0.0307575228258275,-0.05095285548952144,-0.177848470776788,0.0,-143.46939251033805,-98.2870584810026,bear,high,oversold,high,mid_week,0
2022-05-12,389.3699951171875,395.79998779296875,385.1499938964844,392.3399963378906,2022,5,12,3,-0.0010439303936584654,-0.051883718004331336,-0.038245645100351444,-0.06571478783609819,-0.09321234729393169,-0.04028579663936993,-0.06659407528716454,-11.522389219946092,-8.59551672548182,-2.9268724944642717,32.80961718200777,16.153675272745225,8.534501801138935,12.079289027622767,0.07973108884725032,0.1563636664340696,0.019393560814468556,-35.470001220703125,-0.08291064122652969,-2.118285806046809,0.04058310546894095,0.027144808064157696,-0.05715253787368135,-0.178706739746337,0.0,-152.61755867252648,-83.84632472725478,bear,high,neutral,high,end_week,1
2022-05-13,396.7099914550781,403.17999267578125,395.6099853515625,401.7200012207031,2022,5,13,4,0.02390784770955201,-0.023386967479051668,-0.012764368454864727,-0.039251911659785144,-0.0700719281671911,-0.014712485620612337,-0.04113338338052819,-11.234399090547868,-9.12329319849503,-2.111105892052837,37.23433803181473,37.22759759315024,18.364738128297617,12.150002615792411,0.24876956675092035,0.15623868156478168,0.020424701634751474,-10.279998779296875,-0.024951453347807906,-1.4460285438564404,-0.1356791224174143,0.01884398909990997,-0.05804851231173003,-0.15907138555531086,0.02390784770955201,-97.08675051153826,-62.77240240684976,bear,high,neutral,high,end_week,0
2022-05-16,399.9800109863281,403.9700012207031,397.6000061035156,400.0899963378906,2022,5,16,0,-0.004057564666582247,0.004822017845160342,-0.013280729174694805,-0.03879627809725639,-0.07246758270717513,-0.015877541268965123,-0.04182843473699471,-11.01076733776165,-9.500788026348355,-1.5099793114132947,41.49760170315056,33.56548902162764,28.982253962507695,11.7164306640625,0.2493306396635633,0.15477072285653845,0.02039728710814126,-14.3900146484375,-0.03471823554094666,-1.804040263216956,-0.35107789217021623,0.015921405622468517,-0.05998347785685343,-0.1624835077883996,0.019753275404849502,-86.97813827764458,-66.43451097837236,bear,high,neutral,normal,start_week,1
2022-05-17,406.5299987792969,408.57000732421875,402.5799865722656,408.32000732421875,2022,5,17,1,0.020570399314302268,0.023127643065534276,0.00902220599520942,-0.014677743444768576,-0.05289999307772941,0.003692039750169851,-0.02051366804869348,-10.05355335205104,-9.611341091488892,-0.44221226056214746,45.578508820729645,52.05573656294395,40.94960772590727,11.757145472935267,0.3964089280020659,0.1416892707226868,0.02065342475190411,-8.05999755859375,-0.019357311744261585,-1.277268520924804,-0.3161714787542531,0.014669917330788209,-0.061368519647062025,-0.14525545911129334,0.040730007481994956,-47.732448843967106,-47.94426343705605,bear,high,neutral,high,start_week,0
2022-05-18,403.5,403.79998779296875,390.54998779296875,391.8599853515625,2022,5,18,2,-0.04031157346543268,-0.002266109862348875,-0.022668752619441568,-0.04832916074725879,-0.09004951667998351,-0.031288683819256424,-0.055801986331005526,-10.502079151924931,-9.789488703576101,-0.7125904483488306,33.22131495916746,15.075241480311332,33.565489021627634,12.142859322684151,0.13573038483100955,0.13267414775958758,0.022156150283947903,-37.20001220703125,-0.08670118962080842,-1.8603660837530762,-0.051328792295507464,0.033813097778056064,-0.06894363015726324,-0.17971155646550596,0.0,-102.28442681686076,-84.92475851968867,bear,high,neutral,high,mid_week,0
2022-05-19,388.6199951171875,394.1400146484375,387.1099853515625,389.4599914550781,2022,5,19,3,-0.006124621002910446,-0.007340584466775102,-0.022719420130940304,-0.048542762160807995,-0.094025840418413,-0.03167665574522882,-0.05728432314118015,-10.925258945256019,-10.016642751912086,-0.9086161933439332,37.97481420649902,9.683209644951265,25.604729229402178,11.45928955078125,0.1190989553186958,0.12744192445421948,0.022057596303343734,-24.350006103515625,-0.05884344565664523,-2.228813162912782,-0.20999351503192987,0.01805070983186182,-0.07296412284896381,-0.184735512295222,0.0,-121.59518278183711,-90.31679035504874,bear,high,neutral,high,end_week,1
2022-05-20,393.25,397.0299987792969,380.5400085449219,389.6300048828125,2022,5,20,4,0.0004365363104414932,-0.030095579759914504,-0.016937335583499413,-0.04387503907001433,-0.09211608260850546,-0.026573420807079695,-0.052882778542020725,-11.118743365223054,-10.23706287457428,-0.8816804906487743,36.40739245817563,18.50569470987174,14.421381945044772,11.858572823660714,0.15949245933897507,0.12885188675951198,0.021480112857630178,-21.709991455078125,-0.05277870289385789,-1.4972584078912465,0.05445998500450311,0.04232217752155569,-0.07647401304740686,-0.1843796197437254,0.0004365363104414932,-115.91066260114619,-81.49430529012825,bear,high,neutral,high,end_week,1
2022-05-23,392.8299865722656,397.7300109863281,390.3800048828125,396.9200134277344,2022,5,23,0,0.01871007995678986,-0.007923174633636898,0.001771787655921564,-0.02219591276985622,-0.07413063295491018,-0.007083406966010175,-0.03264255756794243,-10.562085253463067,-10.302067350352038,-0.260017903111029,39.94835342249215,33.346918792915346,20.511941049246108,12.03928702218192,0.3175291690364286,0.1216408817379007,0.021985666796148242,-1.25,-0.003139362477950325,-1.1054670270750084,-0.37611549148941303,0.01851760015838509,-0.07576817549278192,-0.16911929721474306,0.019154783896503824,-71.86237885586739,-66.65308120708465,bear,high,neutral,normal,start_week,0
2022-05-24,392.55999755859375,395.1499938964844,386.9599914550781,393.8900146484375,2022,5,24,1,-0.007633776773134482,-0.035339910895728854,-0.004569106857187921,-0.026998417971985433,-0.08020684443444581,-0.012435299758345675,-0.03717238955869473,-10.247300763640965,-10.291114033009823,0.04381326936885799,29.822161183192264,30.027010052407054,27.29320785173137,11.61143057686942,0.2792973205549496,0.1223293620171357,0.021193303189811215,-5.199981689453125,-0.013029596675358746,-1.5633780413177145,-0.2495281484799935,0.020792612497973966,-0.0759849207999278,-0.17546205502491086,0.011374783778965725,-83.21095863007818,-69.97298994759295,bear,high,oversold,high,start_week,1
2022-05-25,392.30999755859375,399.45001220703125,391.8900146484375,397.3699951171875,2022,5,25,2,0.008834904007038569,0.014061169733065704,0.0030543076155384874,-0.01598344306456334,-0.0708307824867127,-0.0031412441852836093,-0.026598980316670517,-9.606291103012381,-10.154149447010335,0.5478583439979534,39.09524981660305,49.124333819393904,37.49942088823877,10.750002179827009,0.3669069430786792,0.12009223797460855,0.02131555603526157,4.6199951171875,0.011763195715308816,-1.0950534067089326,-0.2397987437837733,0.019025084056394966,-0.07366010946893875,-0.16817734143089502,0.020310182908792385,-50.73479187395989,-50.875666180606096,bear,high,neutral,high,mid_week,1
2022-05-26,398.6700134277344,407.0400085449219,398.45001220703125,405.30999755859375,2022,5,26,3,0.01998138394687965,0.0406973924184042,0.019758104176553992,0.006482492563983477,-0.05091939685439806,0.014159690928265078,-0.006623026566910384,-8.36121164590611,-9.79556188678949,1.4343502408833793,46.27087302159482,88.36956864931132,55.840304173704084,10.792861938476562,0.5607263648407271,0.10674922796689311,0.020987546020470472,12.970001220703125,0.033058065305004325,-0.6692490964644002,-0.31045560006268713,0.021193645332296077,-0.06930810428618606,-0.1515563735143115,0.0406973924184042,7.990190745859032,-11.630431350688687,bear,high,neutral,high,end_week,1
2022-05-27,407.9100036621094,415.3800048828125,407.70001220703125,415.260009765625,2022,5,27,4,0.02454914082298898,0.0657803674296622,0.04124512140652703,0.03077354728422077,-0.026443504504202964,0.03285036946222042,0.01642609427571773,-6.496704412046597,-9.135790391840912,2.6390859797943147,61.0073351440238,99.65558229104347,79.04982825324954,10.4521484375,0.7838569309629195,0.10841217503419281,0.020160868410974628,13.540008544921875,0.033705089375131836,-0.23328418647967292,-0.2700348768854941,0.018494419147453856,-0.06500738828845165,-0.1307278114473468,0.06624561925900108,83.82835684221848,-0.34441770895652474,bear,high,neutral,high,end_week,0
2022-05-31,413.54998779296875,416.4599914550781,410.0299987792969,412.92999267578125,2022,5,31,1,-0.005610983564631744,0.04033553034977344,0.03207985957314663,0.02518711483808156,-0.03047002332677573,0.022797853724665806,0.009920772014187396,-5.147741937847343,-8.338180701042198,3.190438763194855,58.75505070492686,90.17260451340923,92.73258515125467,10.107149396623884,0.7340317630406059,0.10762263425632292,0.02016370830912432,12.839996337890625,0.03209277026523494,-0.6850521157521908,-0.1510622053534484,0.015571629065050415,-0.06060566178066118,-0.13560528341050726,0.06026293261347804,85.37081826896299,-9.827395486590781,bear,high,neutral,high,start_week,0
2022-06-01,415.1700134277344,416.239990234375,406.92999267578125,409.5899963378906,2022,6,1,2,-0.008088529283735268,0.03985879587088803,0.023406999647603177,0.017752704779987694,-0.03673797172686499,0.012262916985390948,0.0016220101247990115,-4.298637235011881,-7.530272007836135,3.231634772824254,61.073106870422016,80.87416930467127,90.2341187030413,9.909290858677455,0.6702745828909705,0.1042592762735176,0.02021136516894939,1.269989013671875,0.0031102786806709304,-1.0782481650874365,-0.22922592333581637,0.02273004136290839,-0.05876935705460118,-0.14259696538834743,0.05168696483457502,72.49482631652587,-19.125830695328734,bear,high,neutral,high,mid_week,1
2022-06-02,409.4200134277344,417.44000244140625,407.0400085449219,417.3900146484375,2022,6,2,3,0.019043478552421167,0.05038130653358963,0.03628579600507531,0.03864016396361647,-0.016905175610807732,0.026558757162042923,0.01913397876721956,-2.962173260894758,-6.616652258447861,3.6544789975531025,65.01258121826575,99.86453170396456,90.30376850734835,9.891433715820312,0.923186582102588,0.0913076302458226,0.01943403381086103,25.530029296875,0.0651508963691978,-0.6533951911949206,-0.2703345318965362,0.024916729033980754,-0.05132847697125298,-0.12626902908793958,0.07171474299326319,110.42652649501701,-0.13546829603544341,bear,high,neutral,normal,end_week,0
2022-06-03,412.3999938964844,414.0400085449219,409.510009765625,410.5400085449219,2022,6,3,4,-0.016411523666384986,0.012903730521900192,0.013971946754155695,0.022010306045652017,-0.031521876849614605,0.008205049048489954,0.0022296368150154233,-2.4277683747769174,-5.778875481713673,3.3511071069367553,55.45117305825041,81.30082645584999,87.3465091548286,9.680005754743304,0.7462506150288597,0.08938173024693763,0.018078049562436912,21.08001708984375,0.054126271125015446,-0.9750428492831571,-0.30924305227492865,0.011034244373289129,-0.04486694503669597,-0.1406082855951164,0.054126271125015446,92.73940211041315,-18.69917354415001,bear,high,neutral,normal,end_week,1
2022-06-06,414.7799987792969,416.6099853515625,410.54998779296875,411.7900085449219,2022,6,6,0,0.003044770239154948,-0.00835621330997327,0.011523003885764549,0.02506467496740883,-0.026796118312008566,0.009523697226765826,0.004888083881249283,-1.8816931121515381,-4.9994390078012465,3.1177458956497084,57.265276018559156,84.6883608915104,88.61790635044163,9.658575875418526,0.7796295674341341,0.08963528140961999,0.018040040148553663,22.160003662109375,0.0568744793378384,-0.6614999573949302,-0.42108092932029006,0.01471623262547583,-0.03788260084107853,-0.13799163527932012,0.05733584342364817,104.72491725796365,-15.311639108489596,bear,high,neutral,low,start_week,1
2022-06-07,408.1000061035156,416.2200012207031,407.6099853515625,415.739990234375,2022,6,7,1,0.009592223238758413,0.006805021694803459,0.016526409247270557,0.0326391094944507,-0.015741906752462453,0.01620442516801246,0.013436647193150408,-1.1173143173502353,-4.223014069711045,3.1056997523608096,54.86619748190122,95.39292008611086,87.1273691444904,9.667861938476562,0.8464643429568445,0.09420625861783478,0.016457707472964263,18.819976806640625,0.047415036203678707,-0.3400404600693042,-0.37292963147222,0.020710097828901895,-0.031743706514843484,-0.12972305861124223,0.06747804487210884,93.2354716471796,-4.607079913889139,bear,high,neutral,low,start_week,0
2022-06-08,413.92999267578125,415.82000732421875,410.3800048828125,411.2200012207031,2022,6,8,2,-0.010872153557139663,0.003979601302244173,0.0012320002582202338,0.019875696079645122,-0.024378440076317176,0.0043593912204908936,0.0022388659121048704,-0.8662780396950325,-3.5516668637078426,2.68538882401281,65.0544404012752,83.14362534001467,87.74163543921198,8.787146432059151,0.7079980799481171,0.09555711324163631,0.016718782324764706,17.329986572265625,0.04399701928908595,-0.6338353283385224,-0.29375248620251915,0.013228934451771918,-0.02557892708975784,-0.1391848431552587,0.055872259649383915,77.85642758909174,-16.856374659985327,bear,high,neutral,normal,mid_week,0
2022-06-09,409.3399963378906,411.739990234375,401.44000244140625,401.44000244140625,2022,6,9,3,-0.023782886898168987,-0.03821368898933952,-0.023547811238342486,-0.005451630732667523,-0.04485725531002904,-0.016572781510930668,-0.020029513242178165,-1.4398959237587405,-3.1293126757180225,1.689416751959282,58.35658978095726,56.63955922354667,78.39203488322407,9.020714896065849,0.44101790323592754,0.09242856784956192,0.01723940046976479,4.07000732421875,0.01024236196549877,-1.0559260363527252,-0.022896202834943757,0.025657601958768733,-0.021823335865232107,-0.1596575126707267,0.03076056911922853,13.34789621515506,-43.36044077645333,bear,high,neutral,high,end_week,0
2022-06-10,394.8800048828125,395.7799987792969,389.75,389.79998779296875,2022,6,10,4,-0.028995652096570734,-0.05051887835600244,-0.04827016961401187,-0.03398526480627051,-0.06950144927811586,-0.038417784544407696,-0.0450174667239398,-2.801450751618347,-3.063740290898088,0.26228953927974086,50.102214588242205,9.317569928582085,49.700251497381124,8.677858625139509,0.13929092526289674,0.09421793679862386,0.01851950375265628,-15.510009765625,-0.038267029826676735,-1.7099145133202303,0.4982070294726295,0.015469468876688468,-0.022308095203334433,-0.1840237910752932,0.0008729942621843456,-96.91170402733117,-90.68243007141791,bear,high,neutral,high,end_week,0
2022-06-13,379.8500061035156,381.80999755859375,373.29998779296875,375.0,2022,6,13,0,-0.03796815868765324,-0.08934167362370204,-0.0753161191529228,-0.06757588590525265,-0.10154333534190452,-0.06413936735832937,-0.07571174193271502,-5.016896429276642,-3.454371518573799,-1.5625249107028427,37.910868882473,3.8514083435888216,23.269512498572514,9.277858189174108,-0.09344864739654116,0.11386981199082356,0.019432904069903213,-40.260009765625,-0.09695132885140556,-2.434068509124052,0.8480102150712086,0.022693359375,-0.028363440449460153,-0.21500490526109617,0.0,-183.8008799297051,-96.14859165641118,bear,high,neutral,high,start_week,0
2022-06-14,376.8500061035156,377.94000244140625,370.5899963378906,373.8699951171875,2022,6,14,1,-0.003013346354166613,-0.10071197407202304,-0.06913689774706455,-0.06734537727587264,-0.1008447916801759,-0.057247722014450386,-0.0731074439367615,-6.785614698101881,-4.120620154479416,-2.6649945436224654,38.722387714853895,7.001063718219545,6.723347330130141,9.091428484235491,-0.01579469968683823,0.13056624528472466,0.019432036278292854,-39.05999755859375,-0.09459229954570614,-2.7362675327268593,0.11525310344284079,0.019659256424714708,-0.03406289695699605,-0.2173703673678663,0.0,-166.5873293871411,-92.99893628178046,bear,high,neutral,high,start_week,1
2022-06-15,377.3599853515625,383.8999938964844,372.1199951171875,379.20001220703125,2022,6,15,2,0.014256338190961504,-0.07786583560775451,-0.04866793385625301,-0.05060079501167314,-0.08460938973656296,-0.037319425946068296,-0.05570393873296542,-7.668847138611625,-4.830265551305858,-2.838581587305767,39.973527420674884,18.37783297213814,9.743435011315492,9.392857142857142,0.13418148671392638,0.13832212743181443,0.019073463769030442,-30.389984130859375,-0.07419610928629516,-2.039589178596614,0.3173337207757949,0.031065396624685146,-0.0377801370934544,-0.2062129346467947,0.014256338190961504,-121.61175487635447,-81.62216702786186,bear,high,neutral,high,mid_week,0
2022-06-16,370.510009765625,370.94000244140625,364.0799865722656,366.6499938964844,2022,6,16,3,-0.03309603878307621,-0.08666303391127494,-0.06829300833114949,-0.07911592994769112,-0.11128467813375287,-0.059166931693696134,-0.08103716089566237,-9.274585159355354,-5.719129472915757,-3.555455686439597,29.69965428176853,4.81635412276001,10.065083604372555,9.782143729073661,-0.005618291156590726,0.1564736310601326,0.018397134580231338,-50.740020751953125,-0.1215650086758564,-2.5214544421708345,0.39734659257700566,0.018709984953872386,-0.04614290778863617,-0.23248414214722857,0.0,-158.7720253101821,-95.18364587724,bear,high,oversold,high,end_week,0
2022-06-17,365.510009765625,369.3800048828125,362.1700134277344,365.8599853515625,2022,6,17,4,-0.0021546667341413306,-0.06141611901260835,-0.059623686162667444,-0.07836868220136461,-0.10971838231057296,-0.052271745673656,-0.0773434133007801,-10.489969359711267,-6.673297450274859,-3.8166719094364083,21.29909901220418,6.676266794472049,9.95681796312339,9.577856881277901,0.044868690980588065,0.17218916969305256,0.018384847915847772,-44.680023193359375,-0.10883232392311504,-2.767787325947088,0.14710166973778227,0.019706969178796347,-0.05327090379753108,-0.2341378830340699,0.0,-145.99493765942057,-93.32373320552794,bear,high,oversold,high,end_week,1
2022-06-21,371.8900146484375,376.5299987792969,371.80999755859375,375.07000732421875,2022,6,21,1,0.025173624723693555,0.00018668619791673002,-0.02676541717949643,-0.053431978303177474,-0.08402131413080116,-0.02414816803645914,-0.05030982517476856,-10.58794703043668,-7.456227366307225,-3.131719664129456,29.63204245007323,23.339961028929036,11.610860648720356,9.880715506417411,0.20123480116345097,0.17884271163861193,0.019427823153939396,-36.720001220703125,-0.08917166628314965,-2.281365539739805,-0.18401442965894488,0.012584320602908278,-0.05883052037194669,-0.21485835751147608,0.025173624723693555,-96.60155794878861,-76.66003897107096,bear,high,oversold,normal,start_week,0
2022-06-22,370.6199951171875,378.7200012207031,370.17999267578125,374.3900146484375,2022,6,22,2,-0.0018129753446093355,0.0013909100437092814,-0.01799340420081963,-0.052454248648143076,-0.08240215780386173,-0.02201786823138485,-0.04836380156150033,-10.59829422772907,-8.084640738591595,-2.513653489137475,30.505118316382706,22.109650171416394,17.37529266493915,9.825716291155134,0.2180193017823144,0.18602070630965326,0.018824453433818875,-41.3499755859375,-0.0994611453245724,-2.468880906908495,-0.050167840658318474,0.02281046024408845,-0.06558892158012919,-0.2162817999513339,0.023315010218125654,-85.66465634326475,-77.89034982858361,bear,high,neutral,high,mid_week,1
2022-06-23,376.6400146484375,378.8299865722656,372.8900146484375,378.05999755859375,2022,6,23,3,0.0098025662185528,-0.003006367646990138,0.0003333860539849187,-0.04124527791376109,-0.07058911764062092,-0.010538806807469547,-0.03624863229712694,-10.192860554965876,-8.506284701866452,-1.6865758530994235,27.173531082932698,29.188082890807667,24.87923136371769,9.507143293108259,0.2833457619979902,0.19037374156225137,0.01898932374249083,-33.160003662109375,-0.0806381099257677,-2.0109143435147545,-0.15833198746798116,0.01571171761674552,-0.07089886700110437,-0.20859935039867183,0.03334612336822795,-69.77191792251689,-70.81191710919234,bear,high,oversold,normal,end_week,1
2022-06-24,381.3999938964844,390.0899963378906,381.3699951171875,390.0799865722656,2022,6,24,4,0.03179386629448655,0.06390288576520797,0.03524962604429294,-0.009847493330158552,-0.03876106978651517,0.017644741167472056,-0.005194055667421815,-8.800195613049766,-8.565066884103114,-0.23512872894665193,38.7976235590872,51.26742751370741,34.18838685864382,9.803571428571429,0.4483440997854619,0.19063637046803608,0.020318379186638102,-11.360015869140625,-0.028298166102165512,-1.5418456833823198,0.03716152659766414,0.02235439274218615,-0.07149067622811356,-0.18343766395987737,0.0662001918505235,-25.766800066236964,-48.73257248629259,bear,high,neutral,high,end_week,0
2022-06-27,391.04998779296875,391.3599853515625,387.44000244140625,388.5899963378906,2022,6,27,0,-0.0038197043828572808,0.062127622304708696,0.03162655928360203,-0.011532008955050133,-0.03984333782292604,0.011616492228365027,-0.00833325572602217,-7.727648846905538,-8.3975832766636,0.6699344297580616,37.33070509739561,48.88064547091937,43.11205195847814,9.650000435965401,0.4391159384321048,0.18940932418232598,0.019730055778928026,-1.209991455078125,-0.003104134153335991,-1.7083592779154178,-0.2957414987556709,0.010087709274810326,-0.06927884558939557,-0.18655669069372605,0.062127622304708696,-15.661522225944088,-51.11935452908063,bear,high,neutral,normal,start_week,0
2022-06-28,390.2300109863281,393.1600036621094,380.5299987792969,380.6499938964844,2022,6,28,1,-0.02043285343481205,0.01487718682726391,0.0090339771841621,-0.027448128584817266,-0.0567987468595238,-0.007671524911652239,-0.02653383105231677,-7.4326605628089055,-8.204598733892661,0.7719381710837556,31.637891358720253,34.44544747648326,44.86450682037,9.937142508370536,0.35119880126528963,0.18446174371049961,0.019108141627991574,5.649993896484375,0.015066650390624936,-1.9172742283384239,-0.07748312881195907,0.03318010005340276,-0.0652433174028495,-0.20317765861030956,0.04042532426909129,-28.809569104538767,-65.55455252351673,bear,high,neutral,high,start_week,0
2022-06-29,381.2300109863281,382.2699890136719,378.4200134277344,380.3399963378906,2022,6,29,2,-0.000814390026440015,0.015892468967262152,0.006486026148147861,-0.024177490006309088,-0.05486758865835184,-0.007184475730775519,-0.025353739570455613,-7.141570851306994,-7.9919931573755285,0.8504223060685341,33.096126667624446,36.65521769564781,39.99377021435014,9.823569161551339,0.3651024856489844,0.17922858047181695,0.019119170647777732,6.470001220703125,0.01730548400567722,-2.0256548809996966,-0.28849063508678496,0.01012245786140571,-0.06095823808036549,-0.20382658277798194,0.03957801226175084,-42.72731383291558,-63.34478230435219,bear,high,neutral,normal,mid_week,0
2022-06-30,376.239990234375,380.6600036621094,372.55999755859375,377.25,2022,6,30,3,-0.008124300277758567,-0.0021425106168980745,-0.001175547389376863,-0.028073162179923727,-0.05937705760089229,-0.01293453790871435,-0.03088357710128542,-7.078619123081012,-7.809318350516626,0.7306992274356139,35.71175696117834,44.8675785321774,38.65608123476948,9.666427612304688,0.33997817110414813,0.17543332915032966,0.019119582027619278,-1.95001220703125,-0.0051424370892863,-2.2625765706164658,0.20199499355270745,0.0214711891411945,-0.05827000936890803,-0.2102949346926627,0.031132168327981047,-53.618177039673114,-55.1324214678226,bear,high,neutral,high,end_week,1
2022-07-01,376.55999755859375,381.70001220703125,373.79998779296875,381.239990234375,2022,7,1,4,0.010576514869118592,-0.022662009439576636,0.005504356884088901,-0.01319827457143985,-0.046410356656027885,-0.0021118166400543315,-0.019134526050516687,-6.630340125026976,-7.573522705418696,0.9431825803917206,44.44156002688718,61.53592389805806,47.68624004196108,9.395714896065849,0.41836893988594265,0.16168201849882627,0.018672651915992468,14.589996337890625,0.03979270852520389,-1.8926609755492636,-0.1983992341275932,0.02072191956884114,-0.05163052072791907,-0.20194260732722136,0.04203795303832836,-39.214192602670494,-38.46407610194194,bear,high,neutral,normal,end_week,1
2022-07-05,375.8800048828125,381.9800109863281,372.8999938964844,381.9599914550781,2022,7,5,1,0.00188857737683934,-0.01706169727809337,0.0031436721178617066,-0.007664145182580184,-0.04192063522420231,-0.00019227622282502743,-0.016022442411603444,-6.146128959372618,-7.288043956209481,1.1419149968368636,55.53082483292212,63.85925867570016,56.75425370197852,8.865716116768974,0.44933551863048143,0.15127254785620273,0.018498211831353525,16.100006103515625,0.04400592234224465,-1.542953789496498,-0.132170327051626,0.023772168009673966,-0.0449230838957726,-0.2004354141900001,0.04400592234224465,-34.28817947038713,-36.14074132429984,bear,high,neutral,high,start_week,1
2022-07-06,382.1099853515625,385.8699951171875,379.6000061035156,383.25,2022,7,6,2,0.0033773394433473936,0.0068304377911607705,0.0043739161811369165,-0.0006075813871555535,-0.036616854616093986,0.002693184599565024,-0.011769604977446835,-5.593813216779381,-6.949197808323462,1.3553845915440812,57.43500502659402,68.02192066805846,64.47236774727222,8.788572038922991,0.4955568202925208,0.13674472498441564,0.01850449439686215,8.17999267578125,0.021809242317555544,-1.2584776275328573,-0.2546455665898941,0.016360049611668297,-0.04081226138676253,-0.19773501317684028,0.04753188472285941,-3.6843409879297986,-31.978079331941544,bear,high,neutral,normal,mid_week,1
2022-07-07,385.1199951171875,389.8299865722656,383.2699890136719,388.989990234375,2022,7,7,3,0.014977143468688947,0.022742793237027215,0.015530964206927012,0.01791069933940581,-0.020241498578299044,0.014945225180979405,0.0028060953220321316,-4.639449089592063,-6.487248064577183,1.8477989749851202,57.709859452808054,86.54399889707331,72.80839274694397,8.417142595563616,0.6583175453715608,0.11313148708420523,0.01874146971224087,14.5999755859375,0.038996701340037854,-1.0088547413094955,-0.31898452061004834,0.016864180887125674,-0.03522537868962217,-0.18571937536928407,0.06322092004837976,41.67694939013321,-13.456001102926695,bear,high,neutral,normal,end_week,0
2022-07-08,387.2699890136719,390.6400146484375,385.6600036621094,388.6700134277344,2022,7,8,4,-0.0008225836516971841,0.03027173870837485,0.011892720234428555,0.020083081984023865,-0.019692871230452158,0.011913662638277644,0.0018341784368058889,-3.864381907971108,-5.962674833255969,2.098292925284861,71.47877639034915,85.51148225469728,80.02580060660966,7.6928558349609375,0.7235512961175812,0.08983657143933871,0.018658126395272957,10.610015869140625,0.028064370569901964,-1.1921038232378875,-0.23913467856798487,0.01281295395651628,-0.031214367722265157,-0.18638918929899895,0.06234633190140548,71.5079655273513,-14.488517745302714,bear,high,overbought,normal,end_week,0
2022-07-11,385.8500061035156,386.8699951171875,383.5,384.2300109863281,2022,7,11,0,-0.0114235785834087,0.007842883298037506,0.001859142354810217,0.010712698912946239,-0.029273601518299608,0.00029951148322826526,-0.008904814167347785,-3.567285229286597,-5.483596912462095,1.9163116831754978,66.7274128836446,61.14017229541745,77.73188448239601,7.547143118722098,0.6425089663982542,0.07517210449066467,0.018118203523484512,-5.8499755859375,-0.01499686163687286,-1.3192114003070692,-0.37745811511567606,0.008770775371076917,-0.031074971078203784,-0.19568353633135271,0.05021053509613371,57.368755241901916,-38.85982770458255,bear,high,neutral,low,start_week,0
2022-07-12,383.6499938964844,386.1600036621094,378.989990234375,380.8299865722656,2022,7,12,1,-0.008848929851508869,-0.0029584378157192504,-0.004992960659026102,0.0029522304447389125,-0.035574113214765335,-0.007245899294285207,-0.016387145644465972,-3.5650913718460515,-5.099895804338887,1.5348044324928356,55.865565877953166,46.344598802935955,64.33208445101688,7.297143118722098,0.5413383097447018,0.07141633179903584,0.017069885145984537,-7.760009765625,-0.019969659123384775,-1.4524560844226821,-0.3103769705064876,0.018827334192534247,-0.03073460925059801,-0.20280087629677035,0.04091729574175251,32.58947434135365,-53.655401197064045,bear,high,neutral,normal,start_week,0
2022-07-13,375.1000061035156,381.9200134277344,374.6600036621094,378.8299865722656,2022,7,13,2,-0.005251687289652196,-0.011532976980389797,-0.00974754232179198,-0.0028178717097802064,-0.039024522406141404,-0.010562929661799392,-0.019988182249659148,-3.6822888753117695,-4.816374418533464,1.134085543221694,54.40299099179801,30.436830854151204,45.97386731750152,7.205714634486607,0.4600130717024515,0.07046982175805128,0.014753663021363326,-1.82000732421875,-0.004781314471040576,-1.6313955200985066,-0.019880946825685086,0.019164295390961823,-0.029565167808816795,-0.2069875168020444,0.03545072361012647,-14.213168260610011,-69.56316914584879,bear,high,neutral,high,mid_week,0
2022-07-14,373.6099853515625,379.04998779296875,371.0400085449219,377.9100036621094,2022,7,14,3,-0.0024284849213771498,-0.028483988921128023,-0.011524481536983266,-0.00576816572893446,-0.03957632648936937,-0.010992957962566052,-0.020745601287041948,-3.805535825272443,-4.61420669988126,0.8086708746088167,49.842674589593535,31.057850966022283,35.946426874369806,7.353572300502232,0.41645678257357194,0.06904409366342801,0.01474667798260669,-2.42999267578125,-0.006389001154699647,-1.8149339010896797,0.05265480121026522,0.021195467625695946,-0.028378897027216188,-0.2089133356599545,0.03293614714101012,-48.59422429197449,-68.94214903397771,bear,high,neutral,high,end_week,1
2022-07-15,382.54998779296875,385.25,380.5400085449219,385.1300048828125,2022,7,15,4,0.019105080973613298,-0.009108005306872169,0.005288399734009852,0.012436960708037237,-0.01967021794812429,0.006678274879642121,-0.0018862722895203188,-3.2827743829886913,-4.3479202365027465,1.0651458535140552,44.22674856897569,63.69800835508562,41.73089672508636,7.018572126116071,0.6778200857053036,0.06994125921550136,0.015019631194618917,7.8800048828125,0.020888018244698436,-1.5218819001726234,-0.04617061033190106,0.012229614403871967,-0.02482732088496986,-0.19379956088059225,0.05267047587271145,48.35371778404398,-36.30199164491438,bear,high,neutral,normal,end_week,0
2022-07-18,388.3800048828125,389.0899963378906,380.6600036621094,381.95001220703125,2022,7,18,0,-0.008256933075751594,-0.005933942467024056,-0.0031969408050336323,0.002062140698538606,-0.025427394735775266,-0.0013827939485855367,-0.009384475871824782,-3.089467547552431,-4.096229698712683,1.0067621511602525,42.549383929360246,49.32190809405817,48.025922471722005,7.340715680803571,0.5337984001905959,0.06101296768218953,0.01294583882977477,0.71002197265625,0.0018624016127473109,-1.6809019826343812,-0.20322097224826696,0.02207093181400889,-0.02230175130952683,-0.20045630395204272,0.04397864620261083,45.10910868822206,-50.67809190594183,bear,high,neutral,normal,start_week,1
2022-07-19,386.0799865722656,392.8699951171875,385.3900146484375,392.2699890136719,2022,7,19,1,0.027019181769385003,0.030039657707561895,0.020988712469187654,0.02558401831550161,0.0020061821207795205,0.02157574219174352,0.016072959003369247,-2.079562702762928,-3.692896299522732,1.6133335967598041,62.37751344491486,97.25145912697026,70.09045852537135,7.218571254185268,0.9785626783193524,0.053460120219464925,0.014035928720838404,10.30999755859375,0.026992349432509277,-1.3926093728057216,0.010458020415612834,0.019068449481842206,-0.0185923018703118,-0.17885328749595697,0.07218609500771578,128.32882579150106,-2.7485408730297416,bear,high,neutral,normal,start_week,1
2022-07-20,392.4700012207031,396.260009765625,391.0299987792969,394.7699890136719,2022,7,20,2,0.006373161521445958,0.042076928982403894,0.024424017119772268,0.02946907485825201,0.009246478248797763,0.023663175091350963,0.02084347857501201,-1.0651977935658579,-3.167356598331357,2.1021588047654993,64.68553752119709,94.09190848599181,80.22175856900674,7.317145211356027,1.0144172069290256,0.05728633191369499,0.013113128241108692,11.519989013671875,0.030058679748654615,-1.1214014360367042,-0.07232577410506735,0.013248248681201034,-0.014815680438308276,-0.1736199868643643,0.0790193101722485,167.9551249283939,-5.908091514008197,bear,high,neutral,normal,mid_week,1
2022-07-21,394.1600036621094,398.8399963378906,391.6300048828125,398.7900085449219,2022,7,21,3,0.010183194374258298,0.05525126268285119,0.03223086530681152,0.036654266013585346,0.01949151252579484,0.028692660401997472,0.028858154003437164,0.06235687332429052,-2.521413904000228,2.5837707773245184,71.51420567983345,99.82018771612053,97.05451844302752,7.253572736467634,1.082614707059859,0.06291338953415654,0.013172762002712708,9.800018310546875,0.025193497407586696,-0.8750827972116197,-0.1481007989520563,0.01807966925095605,-0.0123415731976102,-0.16520479856360204,0.09000717354131038,179.8008948486618,-0.1798122838794665,bear,high,overbought,normal,end_week,0
2022-07-22,398.9200134277344,400.17999267578125,392.75,395.0899963378906,2022,7,22,4,-0.009278096561475047,0.02586137493522167,0.020957149165786948,0.02476779146693242,0.010239182877497255,0.01615485987640297,0.01785622325081282,0.6499003608017802,-1.8871510510398264,2.5370514118416065,63.91401362346194,82.53260429026695,92.14823349745974,7.219999040876116,0.8811645196893676,0.06497926797362195,0.013362325341696766,6.41998291015625,0.016517824088196464,-1.0712187277526015,-0.047937983367566606,0.018805823343162904,-0.010497958995680845,-0.17295010905158503,0.07989398173249374,151.03421515687376,-17.46739570973306,bear,high,neutral,normal,end_week,1
2022-07-25,395.75,396.4700012207031,393.2099914550781,395.57000732421875,2022,7,25,0,0.0012149408761987779,0.035659103761999544,0.01921087345887762,0.02528283341087323,0.011320716819026577,0.014674871709673631,0.01765360533297078,1.1411116577542089,-1.2814985092810194,2.422610167035228,63.73916434945431,84.17986320493392,88.84421840377378,6.804284232003348,0.8703581132508862,0.06826590941656067,0.011416479881877313,11.339996337890625,0.02951356222482615,-0.858822476301903,-0.27142616885757986,0.008241296623262484,-0.007741436875643104,-0.17194529233241607,0.08120598907286158,121.0945962779889,-15.820136795066079,bear,medium,neutral,low,start_week,0
2022-07-26,393.8399963378906,394.05999755859375,389.95001220703125,390.8900146484375,2022,7,26,1,-0.01183100990754693,-0.003517919810037462,0.004548759822629922,0.012850799276739266,-0.0005701299357520062,0.0022585087853259633,0.005195742633202327,1.139626942965151,-0.7972734188317853,1.9369003617969365,57.21845910401008,68.11948151507185,78.27731633675756,6.757856096540179,0.6863015635596538,0.06897848322472269,0.011722102204764738,10.060028076171875,0.026416060790588336,-0.9941998373303652,-0.2742938927164855,0.010514429116995938,-0.00509571059476055,-0.18174201578282212,0.06841423030404137,74.26729629516026,-31.880518484928142,bear,medium,neutral,low,start_week,1
2022-07-27,394.3599853515625,402.8800048828125,394.04998779296875,401.0400085449219,2022,7,27,2,0.025966367817333857,0.01588271577308986,0.024784024782075198,0.03641299533511266,0.025417089670521698,0.023828525488752472,0.028911700922846117,1.9351626260497596,-0.25078620985547634,2.185948835905236,60.50935036881404,94.22111636457392,82.17348702819322,7.144284929547991,0.9804831106376138,0.0757841316977651,0.011979004093014032,22.21002197265625,0.05862794065912591,-0.690609220599007,0.13187942176375134,0.02201779598469829,0.0006177544469248009,-0.16049482799516868,0.09615706718938988,140.42082309366683,-5.778883635426082,bear,high,neutral,high,mid_week,1
2022-07-28,401.8900146484375,406.79998779296875,398.1499938964844,406.07000732421875,2022,7,28,3,0.012542386475471679,0.018255218594517064,0.030224005727834458,0.04593464743698661,0.037960853309298326,0.030854209988146586,0.038599611506314524,2.937645897173354,0.38690021155028975,2.550745685623064,64.02320398125462,97.95866640837083,86.76642142933885,7.406426565987723,1.0369394885300947,0.08554902073366896,0.012145105054465836,28.160003662109375,0.07451510515526683,-0.4189228478850949,0.010988530349843817,0.0213017305894694,0.007509869250229562,-0.1499654296797267,0.10990549276389872,159.67532570383156,-2.041333591629167,bear,high,neutral,normal,end_week,1
2022-07-29,407.5799865722656,413.0299987792969,406.7699890136719,411.989990234375,2022,7,29,4,0.014578724858715253,0.042775048857554676,0.03816871615856399,0.056456375035467854,0.05289545704745824,0.03855173305265791,0.04956294834516495,4.161839166275001,1.1418880024952323,3.019951163779769,71.85137283483463,97.52319888831393,96.56766055375289,7.534282139369419,1.0830675315785492,0.09682647717087325,0.012077199031510128,26.8599853515625,0.06974264536915387,-0.09990084154968466,0.21027712498236828,0.01519456762059625,0.01418530597164036,-0.13757300955863128,0.1260864995620803,191.1767949019363,-2.4768011116860764,bear,high,overbought,high,end_week,0
2022-08-01,409.1499938964844,413.4100036621094,408.3999938964844,410.7699890136719,2022,8,1,0,-0.002961239956361772,0.03842551611096967,0.027631469169233425,0.04935493425385595,0.04876390783295048,0.02985548672890026,0.04286632629116749,4.976214545643018,1.9087533111247894,3.067461234518228,74.40497157196958,93.76914101326726,96.41700210331733,7.379996163504464,0.9700939654438718,0.10498950823002802,0.012097063607797708,28.819976806640625,0.0754548393390786,-0.316711767327692,-0.022999551540777707,0.012196630473552558,0.020564219078266666,-0.14012686282217113,0.12275188722525754,165.38249085614183,-6.230858986732739,bear,high,overbought,normal,start_week,0
2022-08-02,409.1199951171875,413.0,406.82000732421875,408.05999755859375,2022,8,2,1,-0.006597345296781021,0.04392535564153199,0.016835109268076298,0.03896830655631578,0.040856267805967184,0.019444315518714284,0.03323194978885646,5.341367281829491,2.5952761052657296,2.7460911765637617,73.55361088856134,87.37312551318803,92.88848847158972,7.302852085658482,0.8590640790512165,0.10852744351171192,0.01231472282577244,15.790008544921875,0.04025290995272024,-0.5131336209032916,-0.10332548450650636,0.015144813784139325,0.023623455090158396,-0.14579974281955954,0.11534470534261998,133.4898093373212,-12.626874486811968,bear,high,overbought,normal,start_week,1
2022-08-03,410.29998779296875,415.67999267578125,410.0,414.45001220703125,2022,8,3,2,0.015659497835290637,0.03343806946036221,0.027718286777237422,0.051063264762319704,0.05581868795014766,0.029798545041550994,0.045584859920018816,6.076330083767402,3.2914869009660643,2.784843182801338,77.05866001957067,96.49976942456884,92.54734531700804,7.274996076311384,0.9397848304232429,0.11610965460808909,0.012617016153414566,19.680023193359375,0.0498518725866921,-0.2544952682890186,-0.03957096873322774,0.013704892046049475,0.027342513541360303,-0.13242339574133777,0.13281044334153558,143.5517028203788,-3.5002305754311673,bear,high,overbought,normal,mid_week,0
2022-08-04,414.3699951171875,415.0899963378906,412.44000244140625,414.1700134277344,2022,8,4,3,-0.0006755911956808358,0.019947314397559923,0.023121982364441962,0.04701019595570921,0.05417887511419783,0.024515699403148572,0.04141645870717059,6.56057362900259,3.94530424657337,2.6152693824292204,73.96831873698103,95.68823608865961,93.18704367547214,6.939995901925223,0.8813769574930299,0.12326438457302016,0.012383308705997997,15.3800048828125,0.03856667557677795,-0.3851341614388924,-0.34468695814863004,0.006398323902188428,0.030355024410660292,-0.1330095228567535,0.13204512657963874,128.36290031488357,-4.311763911340395,bear,high,overbought,low,end_week,0
2022-08-05,409.6600036621094,414.1499938964844,409.6000061035156,413.4700012207031,2022,8,5,4,-0.00169015666112049,0.00359234695359012,0.016776172514520793,0.04197432473242779,0.05134923510731615,0.019211518957067852,0.036611252216002255,6.809360918537607,4.518115580966217,2.2912453375713895,77.12563313462768,92.70388557864554,94.96396369729132,6.664282662527902,0.8278372558305118,0.1280340290370414,0.012399699367149266,18.3800048828125,0.04652105862759792,-0.558837003267549,-0.17530829647265322,0.01100439640006687,0.034002628628968745,-0.13447487258682522,0.13013179296826127,104.05159645357445,-7.296114421354462,bear,medium,overbought,low,end_week,0
2022-08-08,415.25,417.6199951171875,411.8299865722656,412.989990234375,2022,8,8,0,-0.0011609330420851993,0.005404487377555833,0.011263713032810374,0.03700669372989451,0.049295177603135176,0.015212507548851395,0.03269925114460981,6.8883887058047435,4.992170205933923,1.8962184998708205,71.4670368063438,83.26704827449294,90.55305664726602,6.297855922154018,0.7871977086516402,0.12885441845492626,0.01196885700993242,17.41998291015625,0.04403767370532319,-0.7210965575759087,-0.21526906539776391,0.014019730942234219,0.037607860422745,-0.1354796893059942,0.12881978562789342,101.3675396934842,-16.732951725507064,bear,medium,overbought,low,start_week,0
2022-08-09,412.2200012207031,412.75,410.2200012207031,411.3500061035156,2022,8,9,1,-0.003971002129927292,0.008062560811169517,0.0022269111702375444,0.028946076720260283,0.04480775144599147,0.009444681378564246,0.026424023550619458,6.740979962246911,5.341932157196521,1.3990478050503903,67.48946049585244,77.34010521788042,84.43701302367295,6.122140066964286,0.7322294011851367,0.12464432398542057,0.011747700692909995,20.459991455078125,0.0523420673037136,-0.8565998582523747,-0.3373270084248866,0.006150477067600199,0.04248622722177253,-0.13891270130112554,0.124337239854861,76.26627614317754,-22.65989478211958,bear,medium,neutral,low,start_week,1
2022-08-10,418.7799987792969,420.1400146484375,416.7200012207031,419.989990234375,2022,8,10,2,0.021003972292843898,0.013367059631250067,0.018574859719619807,0.04517760622683875,0.06649660871109853,0.025810407678496405,0.04427135508216229,7.237898000243092,5.7211253258058345,1.5167726744372576,70.3767648661761,99.50306590947227,86.70340646728187,6.234998430524554,0.8716374495643243,0.12156365371627931,0.012128842334021886,18.949981689453125,0.04725209776004302,-0.5694773813484486,0.024464634473208013,0.008143083185925075,0.04704784192756328,-0.12082644753753469,0.14795278808858492,111.13833489619498,-0.4969340905277246,bear,medium,overbought,normal,mid_week,0
2022-08-11,422.989990234375,424.95001220703125,419.2099914550781,419.989990234375,2022,8,11,3,0.0,0.014052144331922145,0.015147797480646652,0.039733597273036825,0.06611434869478061,0.02175319743655124,0.04085800734635914,7.5447380812914275,6.085847876902953,1.4588902043884744,75.7657345285215,85.82850864955357,87.55722659230207,6.114286150251116,0.8496490422603213,0.11363851311068164,0.01205999391926021,13.91998291015625,0.03427976127043064,-0.5401387873857391,-0.09197074632169211,0.013667041799615063,0.05020604028361264,-0.12082644753753469,0.14795278808858492,117.50035860441535,-14.171491350446429,bear,medium,overbought,low,end_week,1
2022-08-12,422.0299987792969,427.2099914550781,421.0299987792969,427.1000061035156,2022,8,12,4,0.016929012677594724,0.032964918476726446,0.028576673586921286,0.05187070949256811,0.0831996930090837,0.032845378309559914,0.05391341003057071,8.266340686132082,6.521946438748779,1.744394247383303,78.68972637469378,99.70481639071696,95.01213031658092,6.397142682756696,0.9503989847099695,0.11516613325842613,0.011938678669982633,15.110015869140625,0.03667568685478195,-0.24633298323228803,-0.04566940851055701,0.014469661876528782,0.05310544252542426,-0.10594290732209155,0.1673864953914168,130.1489558876334,-0.2951836092830495,bear,medium,overbought,normal,end_week,1
2022-08-15,424.7699890136719,429.4100036621094,424.7099914550781,428.8599853515625,2022,8,15,0,0.004120766150540245,0.03842706964442688,0.028335174321922896,0.050139049855368656,0.08703087466068071,0.031215395606039698,0.05370928539054853,8.877892744627786,6.993135699924581,1.8847570447032052,86.48855839401074,98.44451905060686,94.65928136362578,6.331429617745536,0.9529056172359269,0.11070529476177893,0.011514811738778049,18.089996337890625,0.044039235634832474,0.04099376723871719,-0.15798347134218382,0.01095931625138299,0.05707837464322996,-0.10225870711793406,0.17219702214622346,138.32103075456465,-1.555480949393144,sideways,medium,overbought,low,start_week,1
2022-08-16,427.7300109863281,431.7300109863281,426.8800048828125,429.70001220703125,2022,8,16,1,0.0019587438421893033,0.04460922774095666,0.02503062080613261,0.04739610163902119,0.08810321857077597,0.02797910152707006,0.05142940853537081,9.322867095228673,7.459081978985401,1.8637851162432728,83.54401081830969,93.95474167310401,97.36802570480927,5.821430751255581,0.9194539397017616,0.11299477046924519,0.010402176877033669,21.6400146484375,0.053031453163526976,0.37770457876655467,-0.0623023530455602,0.011286958263289208,0.061532403505214495,-0.10050026188862227,0.17449305584518493,142.08397346321468,-6.045258326895988,sideways,medium,overbought,low,start_week,0
2022-08-17,425.9100036621094,429.5,424.5400085449219,426.6499938964844,2022,8,17,2,-0.0070980177423810575,0.015857529505388435,0.014801606489066366,0.0359366536115715,0.0795673809897608,0.017445057654142504,0.04057742652912166,9.321943919556418,7.831654367099604,1.4902895524568134,75.25770261331911,79.64738534521757,90.68221535630947,5.572145734514509,0.820648873856362,0.11207478504250039,0.01071403040874613,12.199981689453125,0.02943655767914133,0.12829940195992381,0.011926433890399046,0.011625434257668217,0.06382111940556157,-0.10688492698900398,0.16615648329649257,115.54165839360742,-20.35261465478243,bear,medium,overbought,normal,mid_week,1
2022-08-18,426.8599853515625,428.6099853515625,425.5,427.8900146484375,2022,8,18,3,0.002906412210693654,0.018810030233467945,0.014440564437331771,0.03528999383814502,0.08203973220015559,0.0172093599745875,0.04024204029792777,9.313906688976886,8.128104831475062,1.1858018575018239,72.04658704689172,84.58452118282244,86.06221606704798,5.297145298549107,0.8132542338945061,0.11265607937490633,0.010614117491073246,13.720001220703125,0.03312649582511851,0.515340723757684,-0.2095609471847203,0.0072681886585218,0.06663689340963819,-0.10428916643525021,0.1695458147391249,107.99540242400562,-15.41547881717756,sideways,medium,overbought,low,end_week,0
2022-08-19,424.9800109863281,425.260009765625,421.2200012207031,422.1400146484375,2022,8,19,4,-0.013438032679318979,-0.011613185165527673,-0.0012444476662842874,0.018046270409959986,0.06691000720029905,0.002993811100235444,0.024270592432025895,8.742778867993138,8.251039638778678,0.4917392292144598,64.00592456702918,61.501425419386926,75.24444398247563,5.415716988699777,0.6706202093711098,0.10576865704524051,0.01091583856427149,8.670013427734375,0.02096890560896214,0.19329173997513144,0.10039775157234865,0.009570304649480896,0.06823937519779699,-0.11632575788791344,0.15382941986069976,67.09456125915365,-38.498574580613074,bear,medium,neutral,normal,end_week,0
2022-08-22,417.04998779296875,417.2300109863281,412.3999938964844,413.3500061035156,2022,8,22,0,-0.020822495475209313,-0.03616560131002289,-0.02212432353383187,-0.005284604068233945,0.04406572671354536,-0.015180341276409437,0.0027241493911387415,7.494483980527946,8.099728507128532,-0.6052445266005861,55.667452436923135,16.94531935197392,54.343755318061085,5.670004708426339,0.4451828901456065,0.09640428111352485,0.012183750901334106,0.360015869140625,0.0008717302541312311,-0.3280040234941083,0.23298166768230755,0.011685053873288595,0.06768759244178546,-0.13472606079585137,0.12980381198648705,-7.750879868586561,-83.05468064802608,bear,medium,neutral,normal,start_week,0
2022-08-23,412.8999938964844,415.4200134277344,411.7699890136719,412.3500061035156,2022,8,23,1,-0.0024192572522898637,-0.040377020271426756,-0.02472078136178779,-0.010246761785628888,0.040354727023441006,-0.014901155490141038,0.00027619919390953207,6.351295860940866,7.750041977890999,-1.3987461169501332,47.456391641685116,12.426567524780875,30.291104098713898,5.386435372488839,0.3702257169315317,0.07895833861183986,0.011785661791049201,1.0,0.0024310197767405395,-0.7330363647670186,-0.2183481226582773,0.008851762725926101,0.06672500258550995,-0.13681938104848845,0.12707052592067392,-30.148956099166,-87.57343247521912,bear,medium,neutral,low,start_week,1
2022-08-24,412.1099853515625,415.1099853515625,411.3900146484375,413.6700134277344,2022,8,24,2,0.003201181774415529,-0.030423018057980422,-0.020134047323837834,-0.008581148660437687,0.041652535084468756,-0.009958338453995075,0.0032197862875191774,5.488555942843789,7.2977447708815575,-1.8091888280377688,49.409263714139016,18.391353033002552,15.921079969919106,5.462862287248884,0.3791877894907172,0.07102881922500978,0.010447973657332797,-6.319976806640625,-0.01504792245908948,-0.24338491185946712,-0.19596985978300185,0.008992604207157152,0.06305615807913112,-0.1340561829830721,0.13067848354673228,-37.99333631760681,-81.60864696699744,bear,medium,neutral,low,mid_week,1
2022-08-25,415.239990234375,419.55999755859375,414.0899963378906,419.510009765625,2022,8,25,3,0.014117523988503633,-0.01958448338575436,-0.006187776096574948,0.003798569402891472,0.05393561817431225,0.003398251581568479,0.016074455746622807,5.215941117239424,6.881384040153131,-1.6654429229137069,56.36325523045376,43.1892344361841,24.669051664655836,5.557146344866071,0.5572184207551871,0.06638717659027765,0.010540300991501914,-0.47998046875,-0.001142837876879299,0.26894186393539266,-0.15114431211550983,0.01303902432211128,0.06049774074496561,-0.12183120037363926,0.14664086416148803,0.06712722261972476,-56.8107655638159,bear,medium,neutral,low,end_week,0
2022-08-26,419.3900146484375,419.9599914550781,405.25,405.30999755859375,2022,8,26,4,-0.033849042636585946,-0.03986832924109307,-0.0348452233406511,-0.029403359695651332,0.016926776772577146,-0.025985580451702628,-0.0169847990480112,3.810148572205094,6.267136946563523,-2.4569883743584295,43.723450528445476,0.22657678890211674,20.60238808602958,6.194287981305804,0.0842473544475461,0.07072320527649323,0.01275216502566723,-21.790008544921875,-0.05101851611690367,-0.7156567761681123,0.6950338371255111,0.036293186804383155,0.053641137530733296,-0.1515563735143115,0.10782816866163403,-86.24019252251558,-99.77342321109788,bear,medium,neutral,high,end_week,0
2022-08-29,402.20001220703125,405.8399963378906,401.20001220703125,402.6300048828125,2022,8,29,0,-0.006612204712255654,-0.025934440697742533,-0.03520081036995071,-0.03488049757269529,0.008382031083423724,-0.027574913949236057,-0.021782983456389404,2.4515350705096353,5.5040165713527465,-3.052481500843111,42.99261290928559,4.6838936552823,16.03323496012283,6.327859061104911,0.04408322549870468,0.07650628255748933,0.01281163956432842,-26.22998046875,-0.06116210736529237,-1.3356520190980854,0.07897997119454181,0.011524188646124041,0.04517296648029534,-0.15716645645944338,0.10050298202444008,-152.54947778181807,-95.3161063447177,bear,medium,neutral,normal,start_week,0
2022-08-30,403.8500061035156,404.1000061035156,396.0,398.2099914550781,2022,8,30,1,-0.010977854044983193,-0.034291292443652366,-0.03853725536472219,-0.044347250354615064,-0.0043012739401039335,-0.03255701662131061,-0.030185408861435725,1.0065629074758249,4.604525838577362,-3.597962931101537,31.22416862092861,6.185252660358165,3.6985743681808536,6.278573172433036,-0.023160636367086686,0.0847679417598573,0.01295046554708477,-31.490020751953125,-0.07328373250494835,-2.073318954079991,0.38828418231866624,0.020341041855624516,0.03560822467188296,-0.16641896008464763,0.08842182091170714,-175.5679708781715,-93.81474733964184,bear,medium,neutral,high,start_week,0
2022-08-31,399.92999267578125,401.239990234375,395.0400085449219,395.17999267578125,2022,8,31,2,-0.00760904759879355,-0.04469751287685064,-0.03854765720137954,-0.04942085399822094,-0.012870324336265337,-0.03398577003368297,-0.03487925254373281,-0.37871789675358514,3.607877091511173,-3.986594988264758,29.673962938923935,0.38153208379565784,3.750226133145367,6.311427525111607,-0.010872569046976852,0.09673812412832146,0.012395011990937156,-31.470001220703125,-0.07376069769343185,-2.5729515485928003,0.22417191157621486,0.01568900704580911,0.026706818135542765,-0.17276171789481543,0.08013996746882435,-171.47138451399152,-99.61846791620434,bear,medium,oversold,normal,mid_week,1
2022-09-01,392.8900146484375,396.7799987792969,390.0400085449219,396.4200134277344,2022,9,1,3,0.0031378631887633013,-0.05504039427042684,-0.028089329470807667,-0.04439802645129198,-0.010861477832197819,-0.026317642035891486,-0.029561259020236985,-1.3608169523699871,2.6141382827349413,-3.9749552351049284,22.190047391791694,15.30344089516272,7.290075213105506,6.277141026088169,0.07922133010747007,0.1055139664342576,0.012450591736983027,-31.470001220703125,-0.0735469399690466,-1.7498043798363856,0.23492147734939817,0.01700214420582898,0.017725756245920765,-0.17016595734106166,0.08352929891145688,-167.4927930398783,-84.69655910483728,bear,medium,oversold,normal,end_week,0
2022-09-02,400.2799987792969,401.55999755859375,390.3299865722656,392.239990234375,2022,9,2,4,-0.010544430280438832,-0.032246940373902966,-0.031235905941729647,-0.052048657075077,-0.021983455950875697,-0.031131392507719347,-0.03695521321765827,-2.448209037552658,1.6016688186774215,-4.049877856230079,18.20084524689075,5.277000625138167,6.98732453469884,6.743569510323661,0.053392256489914365,0.11654221815771457,0.012591364295295917,-29.9000244140625,-0.07082963797915143,-2.4244306854516555,0.5118202642465912,0.028630459070779248,0.009550777168148672,-0.1789160845482135,0.07210409976227217,-143.6447456911053,-94.72299937486183,bear,medium,oversold,high,end_week,0
2022-09-06,393.1300048828125,394.1199951171875,388.4200134277344,390.760009765625,2022,9,6,1,-0.003773150381391921,-0.029481148879210606,-0.029476323250509417,-0.053081779521372274,-0.025706699274411493,-0.029593601850611884,-0.03769567423781783,-3.3903157053590576,0.6032719138701258,-3.9935876192291833,16.557935081844846,5.696195478969385,8.75887899975675,6.804282052176339,0.08230241577515139,0.12708184467927897,0.012589676041236387,-22.589996337890625,-0.05465101246964388,-2.803568110034115,0.14316536133208935,0.014586911523704619,0.0038841133569489372,-0.18201415763695528,0.06805888976936236,-142.66783384287126,-94.30380452103061,bear,medium,oversold,normal,start_week,1
2022-09-07,390.42999267578125,398.5899963378906,390.20001220703125,397.7799987792969,2022,9,7,2,0.017964962734754897,-0.0010798138796317414,-0.008452763034705435,-0.03448293384453027,-0.008657862769710034,-0.010308759440112003,-0.01892482423996722,-3.529798265024226,-0.22334212190874464,-3.3064561431154815,26.788900426136635,23.289355288185916,11.420850464097816,7.034994942801339,0.23743642127310777,0.1313317483396966,0.01340128121260637,-14.57000732421875,-0.035334078109752975,-2.099525458584447,0.03837995975052544,0.02109202110866929,-0.00020684817360028251,-0.16731907246134614,0.08724652792259247,-99.3843663371095,-76.71064471181408,bear,high,oversold,normal,mid_week,1
2022-09-08,395.3900146484375,400.8599853515625,394.1199951171875,400.3800048828125,2022,9,8,3,0.006536291697658347,0.013158591789583562,0.0013455403340127958,-0.025853631947508227,-0.00315847282428805,-0.0032510233607274674,-0.011596146487674153,-3.391445957187784,-0.8569628889645525,-2.5344830682232318,28.355634438592247,32.46469230176619,20.483414356307154,7.294281005859375,0.305047733430242,0.1326151903869107,0.012476021827415421,-13.290008544921875,-0.03212707741322318,-1.4136473962469107,0.17219428573832007,0.016833983096502865,-0.0044979609703943435,-0.16187642702787686,0.09435308837636058,-72.86911046110178,-67.53530769823381,bear,high,oversold,high,end_week,1
2022-09-09,402.739990234375,407.510009765625,402.4599914550781,406.6000061035156,2022,9,9,4,0.01553524437995768,0.02567981517319895,0.02019567158840596,-0.00910593492113787,0.011005701564876569,0.010332159226972726,0.0034795394165338944,-2.7482188840724575,-1.2352140879861335,-1.513004796086324,37.86317057463286,57.6411076127574,37.798385067569825,7.327137538364956,0.4307544704535779,0.13150213422850948,0.013095862541041323,-12.910003662109375,-0.030774006249152497,-0.8131333433748099,0.09879648201885338,0.012420113710625964,-0.0090080464752621,-0.14885597250115168,0.11135413104224878,-28.385855795208027,-42.3588923872426,bear,high,neutral,normal,end_week,1
2022-09-12,408.7799987792969,411.7300109863281,408.4599914550781,410.9700012207031,2022,9,12,0,0.010747651381183054,0.04775140590620652,0.02969805805829351,0.0035162206723946543,0.02016094375169275,0.017872458627463228,0.013194010282423063,-1.8643437161970837,-1.3610400136283236,-0.5033037025687601,48.00335283521439,71.4965234706851,53.86744112840288,6.997850690569196,0.5278971190746453,0.1260424297930629,0.012704209901338111,5.660003662109375,0.01396462879327598,-0.3068651726731109,-0.013274559766364713,0.007956832667924836,-0.009262049425037167,-0.13970817321841789,0.12329857780372855,4.605014615994065,-28.50347652931489,bear,high,neutral,normal,start_week,0
2022-09-13,401.8299865722656,403.1000061035156,391.9200134277344,393.1000061035156,2022,9,13,1,-0.043482480629019826,0.005988320911584966,-0.012718365655101205,-0.03590995809410902,-0.02477240671057801,-0.022418607385497946,-0.0286415684623349,-2.576129520330255,-1.6040579149687102,-0.972071605361545,37.41336994217347,14.838287685945456,47.9919729231293,8.097848074776786,0.20851299219087008,0.1231957416010232,0.01564616583012078,-9.529998779296875,-0.023669370547956592,-1.1933410809908396,0.6697292672825639,0.028440581282609304,-0.01220932369867811,-0.1771157959117522,0.07445476915377247,-76.29617968602098,-85.16171231405454,bear,high,neutral,high,start_week,1
2022-09-14,394.4700012207031,396.20001220703125,391.1199951171875,394.6000061035156,2022,9,14,2,0.003815822886568565,-0.007994350358338731,-0.008051716056899694,-0.028047690864837715,-0.021664686755495044,-0.0158587983219719,-0.023130720330640564,-2.984780739861037,-1.8802024799471757,-1.1045782599138614,37.56033838867239,19.59415656670234,35.30965590777762,8.194994245256696,0.257822362983619,0.11581453684322048,0.015690250150595497,-3.6099853515625,-0.009065531827494921,-0.5436766007478789,0.13486454628950018,0.012873839359523746,-0.01372346816759673,-0.17397581553279662,0.07855469825249206,-82.40415012799085,-80.40584343329766,bear,high,neutral,high,mid_week,0
2022-09-15,392.9599914550781,395.9599914550781,388.7799987792969,390.1199951171875,2022,9,15,3,-0.011353296799374357,-0.02562567970552876,-0.018064591475160152,-0.034739933489341124,-0.033101398522366154,-0.022968791313148662,-0.031767014956721185,-3.6283142727063478,-2.2298248384990105,-1.3984894342073373,30.482136140187038,5.389926676484419,13.274123643044057,8.287137712751116,0.18659917114003097,0.11084825019675772,0.015761261186966854,-5.05999755859375,-0.012804285774520863,-1.143920827489032,0.15120999232691323,0.01840457491450666,-0.015313438049653127,-0.18335391326251382,0.0663095466488719,-91.39048510467222,-94.61007332351558,bear,high,neutral,high,end_week,0
2022-09-16,384.1400146484375,386.25,382.1099853515625,385.55999755859375,2022,9,16,4,-0.011688705054002657,-0.051746208138436,-0.026882151140833144,-0.041000501443054005,-0.04424069068737946,-0.029253169697776582,-0.04002069088331095,-4.4549193897498185,-2.674843748749172,-1.7800756410006464,34.958116789542686,11.647566580705119,12.210549941297279,7.808567592075893,0.1058226009100405,0.10401535333510294,0.015745674623205783,-10.860015869140625,-0.02739522602614597,-1.811811328020983,0.30774643840272065,0.010737666445306842,-0.017838065108862766,-0.19289944850389373,0.053845768861825904,-132.59444774868467,-88.35243341929488,bear,high,neutral,high,end_week,1
2022-09-19,382.260009765625,388.54998779296875,382.17999267578125,388.54998779296875,2022,9,19,0,0.007754928554071894,-0.0545538928903333,-0.0184215255709822,-0.029509394820271817,-0.03682311405080618,-0.01844442191972484,-0.03023603494793714,-4.813258429822383,-3.1025266849638147,-1.7107317448585686,39.326855367270326,21.742055597168317,12.926516284785938,7.932139805385044,0.1964198239632592,0.09720461726295472,0.01586594715683614,-3.69000244140625,-0.00940751206729673,-1.2270108543778953,-0.07347219986706177,0.01639427439792284,-0.018746935633982997,-0.18664044139108948,0.0620182675063603,-113.1185854111418,-78.25794440283168,bear,high,neutral,normal,start_week,0
2022-09-20,385.05999755859375,386.1199951171875,381.20001220703125,384.0899963378906,2022,9,20,1,-0.011478552554876287,-0.022920400981251476,-0.02805087280852636,-0.03713073295678859,-0.047872381220506854,-0.025255739301888624,-0.03842099267232646,-5.394939236212281,-3.561009195213508,-1.8339300409987729,39.30303400213069,9.466047318741273,14.285223165538222,7.878566196986607,0.12494070856051182,0.0989996350024547,0.015477834241515791,-6.670013427734375,-0.01706933478616457,-1.6911186797204782,-0.022682088853900884,0.012809453401718008,-0.02039356573039619,-0.19597663183059288,0.049827835008549926,-125.9433769244883,-90.53395268125873,bear,high,neutral,normal,start_week,0
2022-09-21,386.1099853515625,389.30999755859375,377.3800048828125,377.3900146484375,2022,9,21,2,-0.017443780763191308,-0.043613763783276305,-0.04005226403818796,-0.049762842703127474,-0.06432150840774853,-0.035991580243471155,-0.05131588398010156,-6.323662746517243,-4.113539905474255,-2.2101228410429883,37.23268093069218,0.029140506103070327,10.412414474004207,8.287852696010045,0.02694831391704089,0.105195360606749,0.01578175275972669,-20.389984130859375,-0.051259450433485676,-2.259154368067852,0.30257562485505707,0.03161183977507934,-0.025281839271431017,-0.21000183919342263,0.031514868415564834,-136.36474396550327,-99.97085949389692,bear,high,neutral,high,mid_week,0
2022-09-22,376.5799865722656,378.29998779296875,373.44000244140625,374.2200012207031,2022,9,22,3,-0.008399833871300055,-0.040756675114045904,-0.041739219371732084,-0.05304151766671428,-0.07196890948825518,-0.03756092717527615,-0.05513534018507693,-7.232109157697835,-4.737253755918971,-2.494855401778864,34.49719289332312,2.0370817582393057,3.8440898610278693,8.153566632952009,0.01824750586606666,0.11010117915854133,0.01570454370693107,-26.160003662109375,-0.0653379373172398,-2.6016292126109595,0.06559215731718204,0.012986973800730214,-0.03154641275906489,-0.2166376925028305,0.022850314885098255,-172.55204174226898,-97.96291824176069,bear,high,neutral,high,end_week,0
2022-09-23,370.5799865722656,370.6199951171875,363.2900085449219,367.95001220703125,2022,9,23,4,-0.016754820675589754,-0.045673787382173425,-0.048376432570233274,-0.06279368499126858,-0.0870669176001605,-0.045805298373543635,-0.06605685498412184,-8.361607786833588,-5.462124562101894,-2.8994832247316937,33.51879675583268,9.620155712721495,3.895459325687943,8.132136753627233,-0.06451306087175766,0.11123513226478508,0.0152496161798753,-38.649993896484375,-0.09505655021226078,-3.0007984187389845,0.3976852215461464,0.019921147789339722,-0.0406573422035208,-0.22976278748896184,0.005712641281227837,-207.5856562219225,-90.3798442872785,bear,high,neutral,high,end_week,0
2022-09-26,366.4100036621094,370.2099914550781,363.0299987792969,364.30999755859375,2022,9,26,0,-0.009892687940418976,-0.062385770160648724,-0.04628144747219132,-0.06719447488788122,-0.09516345294566086,-0.04714634787859262,-0.07010961231027235,-9.441625171509543,-6.258024683983424,-3.1836004875261183,32.56425792974477,2.628333590257438,4.761857020406065,8.237851824079241,-0.03854879010291945,0.12476952157861125,0.013859549688224398,-46.660003662109375,-0.11353627642775699,-3.092968889718485,0.06402838245704512,0.019708470049950955,-0.05125412035228738,-0.23738250387243165,0.0,-182.87603680997995,-97.37166640974256,bear,high,neutral,high,start_week,0
2022-09-27,368.0199890136719,370.3999938964844,360.8699951171875,363.3800048828125,2022,9,27,1,-0.0025527509044867003,-0.05391963251461307,-0.04125671514618734,-0.06487676983848434,-0.09663997410440495,-0.04227368906823026,-0.06747654178013263,-10.254383220004513,-7.057296391187643,-3.19708682881687,25.344033737332637,4.935133665870426,5.727874322949773,8.319281441824776,0.024298312224720692,0.13638120592317934,0.013867901585636678,-29.720001220703125,-0.07560417389786789,-3.182021331199079,0.21465516999649492,0.026225985610766427,-0.057766515638920324,-0.23932927637544865,0.0,-157.5713966227032,-95.06486633412958,bear,high,oversold,high,start_week,1
2022-09-28,364.3800048828125,372.29998779296875,362.6000061035156,370.5299987792969,2022,9,28,2,0.019676354781243965,-0.01817752352438673,-0.016144026502751263,-0.043068757664166624,-0.07786840128094075,-0.019896361464306955,-0.04565492011762673,-10.203930517310823,-7.68662321641228,-2.517307300898543,29.915207009148702,18.993316256455582,8.852261170861135,8.530709402901786,0.19415674078935094,0.14081970541159797,0.014835350380877037,-24.07000732421875,-0.06099849709050553,-2.4622687782783896,0.22550178767076767,0.026178667642051942,-0.06273720589283183,-0.22436204934570647,0.019676354781243965,-116.4006795692749,-81.00668374354441,bear,high,oversold,high,mid_week,0
2022-09-29,366.80999755859375,367.1099853515625,359.70001220703125,362.7900085449219,2022,9,29,3,-0.020888970555351105,-0.030543510871938184,-0.02965411980486876,-0.05912282796617807,-0.09569133830137044,-0.03437246972348951,-0.061028180060183845,-10.665553056491717,-8.282409184428168,-2.383143872063549,21.113000825822326,5.938874515446188,9.955774812590718,8.794993809291295,0.1077312342546815,0.1507202029043621,0.01531871702792923,-27.329986572265625,-0.07005533403653408,-2.652913534476671,0.22428418769720793,0.020424964773013372,-0.0680553396931225,-0.24056432765853686,0.0,-128.99174405223576,-94.06112548455381,bear,high,oversold,high,end_week,0
2022-09-30,361.79998779296875,365.9100036621094,357.0400085449219,357.17999267578125,2022,9,30,4,-0.015463534653672784,-0.029270333398413118,-0.0373518922117293,-0.06893452914933051,-0.10782443149596699,-0.04203805064135557,-0.07034551890407026,-11.35320100630571,-8.896567548803677,-2.4566334575020328,15.103136932378632,0.3039169306973989,8.412035900866377,9.062135968889509,0.07617821349256171,0.162649800798102,0.015417052020380828,-28.3800048828125,-0.07360723379634215,-2.891263807111687,0.601017827341715,0.024833404163370806,-0.07320695767651964,-0.2523078874950243,0.0,-127.24242646405003,-99.6960830693026,bear,high,oversold,high,end_week,1
2022-10-03,361.0799865722656,368.54998779296875,359.2099914550781,366.6099853515625,2022,10,3,0,0.02640123430525132,0.006313271138266963,-0.006059498872815872,-0.0411502114654283,-0.08296516967717205,-0.014206864291040677,-0.0425531601736886,-11.010325186510158,-9.319319076344975,-1.6910061101651834,30.70083735498808,24.438140734650617,10.226977393598053,8.513565063476562,0.25267903237125167,0.16638383659891923,0.016873055665957936,-21.94000244140625,-0.05646635730457561,-2.368165978880831,-0.06028546721814232,0.02547665560427654,-0.0773745216309637,-0.23256789284459212,0.02640123430525132,-89.99916215424346,-75.56185926534938,bear,high,neutral,high,start_week,1
2022-10-04,372.3999938964844,378.0,366.57000732421875,377.9700012207031,2022,10,4,1,0.030986651545366062,0.0401507957010343,0.02644249555723932,-0.009782448246363762,-0.05371613759581684,0.013791117186482182,-0.011942035657180772,-9.710004401536537,-9.397456141383287,-0.31254826015324966,39.406289366864186,53.77698321218822,26.1730136258454,8.967134748186384,0.44093468756573234,0.1656208668539654,0.018524321248208266,-6.1199951171875,-0.015933752962947856,-1.9035126412088135,0.06958168665479447,0.030240475801959432,-0.07809364236185434,-0.20878774155544144,0.058205971698401804,-37.8492801125476,-46.22301678781178,bear,high,neutral,high,start_week,0
2022-10-05,373.3900146484375,379.4599914550781,370.95001220703125,377.0899963378906,2022,10,5,2,-0.0023282400189708063,0.01770436288615107,0.024136132684707157,-0.009403181467504296,-0.05526650915579412,0.009655208968632811,-0.013201401294098858,-8.6507790546558,-9.24812072403779,0.59734166938199,41.30057314705205,62.13199448092202,46.78237280925361,9.0621337890625,0.44177015754039217,0.16148388988046802,0.017948918181663547,-0.300018310546875,-0.0007949821110830868,-2.042062473654514,-0.09877700104146636,0.022567502004008422,-0.07753133524578648,-0.2106298735990524,0.055742214206779606,-25.20791877157182,-37.86800551907798,bear,high,neutral,high,mid_week,0
2022-10-06,375.6199951171875,378.7200012207031,372.67999267578125,373.20001220703125,2022,10,6,3,-0.010315797736977772,0.028694295368998146,0.013852206913160359,-0.016109464077327607,-0.06370609105385372,-0.0006433128879150818,-0.02168664862577907,-8.03262939383876,-9.005022457997985,0.972393064159224,41.673409976809594,50.07749973284107,55.328825808650414,8.921419416155134,0.39623132169534114,0.15524399405021966,0.017897193594064206,-1.019989013671875,-0.0027256400255055713,-2.1367068457334444,-0.15808890522261276,0.016184373921111245,-0.07649862320974077,-0.2187728561626171,0.04485139106263336,-25.549215443710814,-49.92250026715893,bear,high,neutral,high,end_week,0
2022-10-07,368.9700012207031,373.2900085449219,360.94000244140625,362.7900085449219,2022,10,7,4,-0.027893899575583303,0.015706411288923805,-0.013044580321471044,-0.03799849551706713,-0.08784210096280909,-0.02423803458065077,-0.045512911907118814,-8.287211810474105,-8.861460328493209,0.5742485180191039,34.2234295349956,17.818413255622396,43.34263582312848,9.348563058035714,0.23790843377542725,0.14498175604974695,0.018117717326108104,-5.160003662109375,-0.014023654004408748,-2.274308643417794,0.0849721649346522,0.03404174815356417,-0.0757861187546861,-0.24056432765853686,0.015706411288923805,-72.06220352210762,-82.18158674437761,bear,high,neutral,high,end_week,0
2022-10-10,363.9599914550781,364.2099914550781,357.6700134277344,360.0199890136719,2022,10,10,0,-0.00763532474987394,-0.01797549603448778,-0.01943590938710693,-0.0388509876538371,-0.09243493840769457,-0.026944529775629777,-0.04908153153049499,-8.613200027590494,-8.811808268312667,0.19860824072217298,34.94683949397702,9.234525823629712,25.71014627069771,9.290706089564733,0.1869847399638447,0.12411850990699169,0.017710298770061677,-4.290008544921875,-0.011775709076531471,-2.3111606360397086,-0.2371846549553811,0.018165596986047885,-0.07444595383353292,-0.24636286564350274,0.007951162988203864,-100.95168918298035,-90.76547417637029,bear,high,neutral,normal,start_week,0
2022-10-11,358.239990234375,363.0299987792969,355.7099914550781,357.739990234375,2022,10,11,1,-0.006332978303630554,-0.053522795250926514,-0.024146757424894805,-0.040408604482828236,-0.09576493010697007,-0.028156917946929094,-0.051231036147767806,-8.952328020231391,-8.839912218696412,-0.11241580153497921,36.991912622708654,8.54736328125,11.866767453500685,8.961421421595983,0.16795468703630526,0.12169605443955323,0.015421810025935314,-5.6400146484375,-0.015520982367360436,-2.3650867509052693,-0.05787284969146478,0.02046180892279617,-0.07339031071217994,-0.25113563326419275,0.0015678301418804441,-104.24560703191749,-91.45263671875,bear,high,neutral,high,start_week,0
2022-10-12,358.1700134277344,359.82000732421875,356.29998779296875,356.55999755859375,2022,10,12,2,-0.0032984645496528797,-0.05444323365423098,-0.02364490382849338,-0.038669197038727066,-0.09639501707368514,-0.02666617099283619,-0.050537310822345916,-9.210136227687826,-8.913957020494696,-0.2961792071931306,37.992927923497746,3.5789730674342106,7.120287390771291,8.865709577287946,0.16376815206290607,0.11500753803060851,0.015299295174309224,-13.970001220703125,-0.03770275353339003,-2.363120235027287,-0.21245859533168354,0.00987216613010985,-0.07451194092237567,-0.25360573583036905,0.0,-105.40026102054443,-96.4210269325658,bear,high,neutral,normal,mid_week,1
2022-10-13,349.2099914550781,367.510009765625,348.1099853515625,365.9700012207031,2022,10,13,3,0.026391080677980572,-0.01937301915820222,0.0012503078888708163,-0.010075869235981028,-0.07026336569138925,-0.0008283734556180367,-0.023637172533967465,-8.556508334812293,-8.842467283358216,0.2859589485459235,48.708913414556974,56.96973649755616,23.032024282080105,9.470711844308036,0.403965399086139,0.10491915559704004,0.016728421021637224,3.17999267578125,0.008765381076881296,-1.8952324437926455,0.4616809104648787,0.05300987608097161,-0.07142437112558409,-0.23390758458708638,0.026391080677980572,-77.70065079881824,-43.03026350244384,bear,high,neutral,high,end_week,0
2022-10-14,368.54998779296875,370.260009765625,356.9599914550781,357.6300048828125,2022,10,14,4,-0.022788743093893893,-0.014223114034493722,-0.02168737602113835,-0.028966979709270202,-0.08883332593467175,-0.020040497650844258,-0.042633110635407645,-8.612195496011509,-8.796412925888875,0.184217429877366,45.89580223950559,30.366882544824815,30.30519736993838,9.90785653250558,0.21305216377026226,0.10094859083055954,0.017207122234990862,0.45001220703125,0.0012599031755951007,-2.049841468567174,0.21577933944460503,0.037189324522434855,-0.06863445106171318,-0.2513658678281119,0.0030009180265460067,-64.37529035680929,-69.63311745517518,bear,high,neutral,high,end_week,1
2022-10-17,364.010009765625,367.9800109863281,357.2799987792969,366.82000732421875,2022,10,17,0,0.0256969558368505,0.018887891000654022,0.0033946328066598586,-0.0010674861177502049,-0.06319224061337636,0.00434704322880064,-0.016718345156562897,-7.824574752382887,-8.602045291187679,0.777470538804792,51.918787304362745,59.68107920259093,49.00589941499063,9.991428920200892,0.48771949572565626,0.08692526739153071,0.01826610406416627,0.21002197265625,0.0005728757563840947,-1.7411942821389546,-0.09343312086447497,0.02916965267266325,-0.06636160015504744,-0.23212824959573197,0.02877498832139458,-36.81513526711751,-40.31892079740907,bear,high,neutral,high,start_week,1
2022-10-18,375.1300048828125,375.45001220703125,367.5199890136719,371.1300048828125,2022,10,18,1,0.011749625081884707,0.03742945998199687,0.017087117228931747,0.01245622428749793,-0.050154242381556524,0.013629616438548098,-0.004784380858806059,-6.774506561077999,-8.236537545165742,1.4620309840877432,50.34562556275562,73.42907511800615,54.49234562180728,9.915002005440849,0.6629828476499536,0.07642659621612866,0.018417448982460165,-6.839996337890625,-0.018096664591898737,-1.455907542284162,-0.06362328904453152,0.021367238134958524,-0.06611170122151222,-0.22310604441751136,0.040862708727791075,56.01237020753894,-26.570924881993854,bear,high,neutral,high,start_week,0
2022-10-19,368.989990234375,371.8500061035156,365.54998779296875,368.5,2022,10,19,2,-0.007086478722309053,0.033486657289546695,0.012262519074010214,0.006501973434400288,-0.05481217658795812,0.005449369979381835,-0.010969762087520762,-6.084402167532687,-7.8061104696391315,1.7217083021064443,53.49491317866468,65.03990647118547,66.0500202639275,9.591432843889509,0.5908888564299228,0.07153763057205412,0.018089854418216242,-8.589996337890625,-0.022779698271798154,-1.5517309862620365,-0.22133399313399815,0.017096386188729648,-0.06626215472575869,-0.22861148690323718,0.033486657289546695,35.156947851466235,-34.960093528814525,bear,high,neutral,normal,mid_week,0
2022-10-20,368.0299987792969,372.6700134277344,364.6099853515625,365.4100036621094,2022,10,20,3,-0.008385336059404724,-0.0015301733932450157,0.005926941326241275,-0.0007356101710905838,-0.060106276446080575,-0.0025241016688561935,-0.01786170256011166,-5.720879605042228,-7.38906429671975,1.6681846916775225,55.197681944212626,55.183460741357976,64.55081411018318,9.533578055245536,0.48926485049442153,0.06852351434028416,0.01808954411676409,-7.790008544921875,-0.020873548472984504,-1.6541302213422693,-0.13748380091132562,0.022057491572192684,-0.06564414875424451,-0.23507983881791805,0.02482052435526305,28.1642483508499,-44.816539258642024,bear,high,neutral,high,end_week,1
2022-10-21,365.1199951171875,374.79998779296875,363.5400085449219,374.2900085449219,2022,10,21,4,0.02430148270112431,0.046584468402108836,0.027120795683497123,0.02266147132296692,-0.03499678613547075,0.01831392660206821,0.005558373819288587,-4.662496813521386,-6.843750800080078,2.1812539865586915,54.884266528376244,83.50882965354037,67.91073228869459,9.525719778878349,0.8170621384271874,0.07147328102743805,0.01853589734386736,11.5,0.03169877816129563,-1.3203828828996682,0.27481822868342953,0.030083568866347294,-0.0604773869636549,-0.2164911447532104,0.04972518259963965,74.27908278728233,-16.491170346459622,bear,high,neutral,high,end_week,1
2022-10-24,375.8900146484375,380.05999755859375,373.1099853515625,378.8699951171875,2022,10,24,0,0.012236464954195947,0.03284986519919619,0.034338707174344396,0.033120260876510876,-0.02075321569321198,0.02591724630869985,0.016517823317706348,-3.4147906056987836,-6.15795876120382,2.7431681555050362,50.626387766120814,96.27542414163972,78.32257151217935,9.205721173967634,0.9260990933174057,0.07772901044837292,0.018510850381346085,18.850006103515625,0.05235822087311881,-1.0977904516954555,-0.16592125821594683,0.018344055471802553,-0.05326294228904871,-0.20690376610468098,0.06257010800805696,143.35542496767152,-3.724575858360285,bear,high,neutral,high,start_week,1
2022-10-25,378.7900085449219,385.25,378.6700134277344,384.9200134277344,2022,10,25,1,0.015968586556123432,0.03715681395600501,0.04311538876380516,0.046544224745769025,-0.0028511146357647066,0.035560633334627445,0.030250850472802737,-1.915705471028275,-5.309508103168711,3.393802632140436,55.08376580763585,99.11150661789115,92.96525347102374,9.067864554268974,1.025210865449529,0.08862007206559146,0.018726632310668886,27.180023193359375,0.07597703341902662,-0.8970105049073652,-0.21903632087336533,0.01709442570592907,-0.044066556676960356,-0.194239140246388,0.07953785074973307,179.38100993858987,-0.8884933821088509,bear,high,neutral,normal,start_week,0
2022-10-26,381.6199951171875,387.5799865722656,381.3500061035156,382.0199890136719,2022,10,26,2,-0.007534096209333541,0.036689251054740524,0.02816260840084639,0.03703961991854743,-0.007912942225633879,0.023388182421976156,0.020788371235946235,-0.9507181481657767,-4.437750112168124,3.4870319640023473,55.80108589837517,85.91335853398105,93.76676309783728,9.081433977399554,0.8905075895891312,0.0948499360986,0.01844135796993976,25.459991455078125,0.07140450872056747,-1.0767975622997723,0.034412884652766484,0.016307996041869523,-0.035087397977436985,-0.20030982008548703,0.07140450872056747,156.389160107128,-14.086641466018945,bear,high,neutral,high,mid_week,0
2022-10-27,383.07000732421875,385.0,379.3299865722656,379.9800109863281,2022,10,27,3,-0.00533997718970336,0.03987303899236294,0.018830608169011498,0.029100736274228822,-0.010812881986316913,0.01512417622332185,0.014185166249981451,-0.34657284442153014,-3.6195146586188054,3.2729418141972753,62.70509699759469,80.74493197139527,88.58993237442247,8.604291643415179,0.7985278959651267,0.09748079381374898,0.01775438101583384,14.010009765625,0.03828185293574404,-1.2058405764918434,-0.1726329502567714,0.014921872898041432,-0.029095602269549214,-0.20458014740506036,0.06568323308305435,116.59644159946268,-19.255068028604718,bear,high,neutral,high,end_week,1
2022-10-28,379.8699951171875,389.5199890136719,379.67999267578125,389.0199890136719,2022,10,28,4,0.023790667313994707,0.039354458127305536,0.03436353149435356,0.04906058233479449,0.014774215742733077,0.03303281007554437,0.03537489056336218,0.8518477671823348,-2.7252421734585774,3.5770899406409122,69.61580540085293,98.7925622898278,88.48361759840135,8.84000723702567,0.9761168561777905,0.10304315358344374,0.0178374757893219,31.389984130859375,0.08777223304052795,-0.955485885789115,0.040422836836271125,0.025294320641052727,-0.018938521279186715,-0.18565657831702753,0.09103654834343544,140.32161706520122,-1.2074377101722058,bear,high,neutral,high,end_week,0
2022-10-31,386.44000244140625,388.3999938964844,385.260009765625,386.2099914550781,2022,10,31,0,-0.007223272936998093,0.01937339043072095,0.02162495756088112,0.0387378147648747,0.009336223425011614,0.021552156617075546,0.025776453837061508,1.5569142785262784,-1.8688108830616064,3.4257251615878848,69.1202204316568,92.00676825435194,90.51475417185833,8.585719517299108,0.8569411050928845,0.10852718897363839,0.017231874983169963,19.389984130859375,0.05285966889401772,-1.1259654607895562,-0.0012142272602417847,0.008130250900628503,-0.012028615829050127,-0.19153880311629257,0.08315569357051045,126.9684580135012,-7.993231745648058,bear,high,neutral,high,start_week,0
2022-11-01,390.1400146484375,390.3900146484375,383.2900085449219,384.5199890136719,2022,11,1,1,-0.004375864112264538,-0.001039240361913829,0.01356442456120055,0.03328229144983541,0.006436113685573952,0.014416100307001356,0.01967988902714679,1.9567591934724646,-1.1036968677547923,3.060456061227257,68.64994306451725,86.11631606603572,92.30521553673849,8.841432843889509,0.7977310074798858,0.11178644687212792,0.01594829069546089,13.389984130859375,0.03607895873330791,-1.2662323063758416,-0.1088430948502549,0.01846459561628454,-0.007032913451666012,-0.19507651945389437,0.07841595144302027,108.36709834227221,-13.88368393396428,bear,high,neutral,high,start_week,0
2022-11-02,383.8999938964844,388.6300048828125,374.760009765625,374.8699951171875,2022,11,2,2,-0.025096208707478307,-0.018716282137342555,-0.013528564798876874,0.007651385075634565,-0.016892769602124158,-0.009359043052521332,-0.005474813765505293,1.477928668500283,-0.5873717605037772,2.0653004290040604,55.91755057417295,53.574607347765955,77.23256388938454,8.44643075125558,0.5687162283799483,0.11134757037781806,0.016976312467836843,6.3699951171875,0.017286282543249598,-1.4854448315065836,0.29866620988339254,0.03699948061421033,-0.003410341833731234,-0.21527704711522921,0.051351799652132435,54.132364657571514,-46.425392652234045,bear,high,neutral,high,mid_week,0
2022-11-03,371.4700012207031,374.20001220703125,368.7900085449219,371.010009765625,2022,11,3,3,-0.010296863984421645,-0.02360650813557108,-0.025122748189825295,-0.002430643034379343,-0.0248337160323856,-0.016600331563061843,-0.014568166472985311,0.7780149964629004,-0.31429440911044165,1.092309405573342,59.459849000065596,41.46784779745408,60.38625707041857,7.930714198521206,0.4781738969910261,0.11136404118408214,0.0169757167543198,5.600006103515625,0.015325267637428697,-1.6107473957947196,-0.11143726846132329,0.014581826688522476,0.0002964805639920076,-0.2233572326265375,0.040526173171337554,-5.974508572526974,-58.53215220254592,bear,high,neutral,high,end_week,1
2022-11-04,377.0,378.8699951171875,370.0,376.3500061035156,2022,11,4,4,0.014393132792465568,-0.032568976576961894,-0.011626208543647487,0.010086116418140723,-0.008548570190909599,-0.002070581141417338,-0.0003562279618649633,0.6467659299808588,-0.12208234129218157,0.7688482712730403,57.12576927201824,47.7094772686717,47.58397747129723,7.799998692103794,0.5923991996998307,0.10915804953837989,0.01594123882507107,2.05999755859375,0.005503747125396474,-1.3369608613688784,0.05823404538001031,0.023568473424570094,0.0031138405119008894,-0.21217891014342327,0.05550260455582867,19.459208960638367,-52.2905227313283,bear,high,neutral,high,end_week,1
2022-11-07,377.7099914550781,380.57000732421875,375.5299987792969,379.95001220703125,2022,11,7,0,0.009565580032235843,-0.01620874494847191,-0.0024547787437730895,0.017028123761410496,0.0022744369553870936,0.0063178971843727005,0.00851821396931407,0.8237448869493846,0.06708310435613167,0.756661782593253,56.66566724940381,61.11731818176652,50.09821441596409,7.543570382254464,0.6615860829486805,0.10538112844048986,0.015860299168171527,1.08001708984375,0.002850627137970463,-1.1432789718555427,-0.29905769328086174,0.01326492534016717,0.004740853445425408,-0.2046429444573169,0.0655990991939408,42.029035190003896,-38.88268181823348,bear,high,neutral,normal,start_week,1
2022-11-08,381.1099853515625,385.1199951171875,377.7200012207031,382.0,2022,11,8,1,0.005395414467974202,-0.006553596914781634,0.003696864459224125,0.01920616248073248,0.008780081682830287,0.009922174852929455,0.012912192427350977,1.116547997552459,0.27697608299539717,0.8395719145570619,60.29277908385778,68.75228029337785,59.19302524793867,7.622140066964286,0.6942550652213109,0.09887084518929397,0.015720396714513005,-2.920013427734375,-0.007586026514265876,-0.9159016272200076,-0.1276764995712386,0.019371711770901506,0.005064494473981274,-0.20035166349263667,0.07134844799079199,59.685090683003665,-31.247719706622142,bear,high,neutral,high,start_week,0
2022-11-09,379.92999267578125,381.1400146484375,373.6099853515625,374.1300048828125,2022,11,9,2,-0.02060208145860598,-0.0019739916344696518,-0.01493927383311966,-0.004125843645356619,-0.010744751312195766,-0.009225260470128283,-0.007370924502483667,0.7054220720378339,0.3626652808038845,0.3427567912339494,56.19670751727892,39.44131817722014,56.43697221745483,7.645710536411831,0.45284351876257023,0.08749261049787074,0.01656225339250195,-7.889984130859375,-0.02065332798744468,-1.0564699311420773,-0.1916403196674269,0.020126771973912133,0.004258135980353073,-0.2168260836596001,0.04927643999473452,7.097414677833471,-60.55868182277986,bear,high,neutral,normal,mid_week,1
2022-11-10,388.04998779296875,395.0400085449219,385.6400146484375,394.69000244140625,2022,11,10,3,0.054954153075837064,0.06382575146891689,0.035184584463723745,0.04660104705486656,0.043645976153566135,0.03800033017466409,0.043531358600128245,2.0153896328240535,0.6932101512079183,1.3221794816161352,62.432963766862514,98.66664341517857,68.9534139619255,8.334997994559151,0.9930260106827491,0.09452046351536852,0.01966769660803936,14.709991455078125,0.03871254021203607,-0.6956101318582634,0.46109783805120164,0.023816143906203582,0.008173799935618176,-0.173787424376027,0.10693853809707465,145.27786504661466,-1.3333565848214286,bear,high,neutral,high,end_week,1
2022-11-11,395.5899963378906,399.3500061035156,393.6099853515625,398.510009765625,2022,11,11,4,0.009678500343534457,0.0588813692114416,0.042608542639940516,0.05103388416598387,0.053630448349287985,0.04035652271054824,0.049462000728443645,3.3234800196134415,1.219264124889023,2.1042158947244185,62.081706642156476,97.25132066427666,78.45309408555845,8.248570033482142,1.043853462120477,0.09383756419790619,0.018657082187078185,9.490020751953125,0.024394686699812818,-0.44462250553582655,-0.015526456810478595,0.014403705330586285,0.010571470747246403,-0.16579092567901788,0.11765204311831856,179.55451614407883,-2.7486793357233443,bear,high,neutral,high,end_week,0
2022-11-14,396.6600036621094,400.17999267578125,394.8299865722656,395.1199951171875,2022,11,14,0,-0.00850672396016161,0.039926259830965094,0.03133521944919737,0.03821846819415842,0.04450843644563318,0.026530744984361698,0.037419605860216976,4.040034225118745,1.7834181449349675,2.256616080183778,56.486890283784106,83.8802162578372,93.2660601124308,8.160714285714286,0.9005736470691429,0.09540934226150306,0.018280775170348606,8.910003662109375,0.023070360320146532,-0.5876655077170464,-0.2371519270604211,0.01354020593650008,0.012772973081895955,-0.1728873119993285,0.10814448570400037,156.89605774655138,-16.11978374216279,bear,high,neutral,normal,start_week,1
2022-11-15,401.1499938964844,402.30999755859375,394.489990234375,398.489990234375,2022,11,15,1,0.008529042212070292,0.04316751370255245,0.03635253926459914,0.04332319065028778,0.05298675048631685,0.02969623328979476,0.0426942333382101,4.824228335929888,2.391580183133952,2.4326481527959363,60.4121979349588,88.6037930303,89.9117766508046,8.274287632533483,0.9298171995052456,0.10079445564336728,0.01822188935335613,13.970001220703125,0.03633101430315078,-0.33278527102901,-0.009182875819738201,0.019624099766268537,0.016050726554422745,-0.1658328329692318,0.11759589679964266,152.18606868777852,-11.396206969700005,bear,high,neutral,high,start_week,0
2022-11-16,396.7799987792969,397.7799987792969,394.7900085449219,395.45001220703125,2022,11,16,2,-0.007628743762310708,0.05698555861857901,0.022971280328081267,0.03172400766178196,0.045082472801495355,0.018418909043084852,0.03208390663430927,5.141143100498937,2.941492766606949,2.199650333891988,59.65789344330695,79.53464319822866,84.00621749545527,8.133571079799108,0.8190003631690244,0.09944818666232276,0.01823920768624483,20.58001708984375,0.054899077968110666,-0.47325870254176655,-0.2672598131017049,0.0075609815199844796,0.021614675698737873,-0.1721964805414422,0.10907004407314846,116.11525192731709,-20.465356801771332,bear,high,neutral,normal,mid_week,0
2022-11-17,390.4599914550781,394.95001220703125,390.1400146484375,394.239990234375,2022,11,17,3,-0.0030598607543417256,-0.001140166217151739,0.013749252064577888,0.024713279591644488,0.04222290130066053,0.012918016778750374,0.02672595173434189,5.234323649274245,3.400058943140408,1.8342647061338369,53.611958704544065,75.92479126133598,81.3544091632882,7.809999738420759,0.768960931335872,0.09188427281575413,0.018091901915994163,23.22998046875,0.06261281328615609,-0.6315895610953175,-0.19729839242130154,0.012200684044594803,0.028087467564680058,-0.17472944404293933,0.10567644417147282,80.34248092855975,-24.075208738664017,bear,high,neutral,normal,end_week,1
2022-11-18,397.739990234375,397.80999755859375,393.0400085449219,396.0299987792969,2022,11,18,4,0.004540403280391958,-0.006223208766541921,0.013224642958485022,0.026465774180884916,0.047540444991245545,0.014782301415843913,0.028995272238335534,5.3904706452112805,3.7981412835545827,1.5923293616566978,56.89220148115655,81.26491396898896,78.9081161428512,7.882143293108259,0.7893375412901688,0.09147023944031935,0.017450617834999512,19.67999267578125,0.052291729391837016,-0.35635463055634164,0.02223656747212388,0.012044514376119616,0.033867911002009254,-0.17098238290346102,0.11069666112564125,94.01434132528864,-18.73508603101104,bear,high,neutral,high,end_week,0
2022-11-21,394.6400146484375,395.82000732421875,392.6600036621094,394.5899963378906,2022,11,21,0,-0.0036360943510462818,-0.0013413615758415265,0.0057732653740920625,0.02065414577258884,0.04463670467480463,0.009369935248578765,0.023339440438217895,5.336506180659967,4.1058142629756595,1.2306919176843074,57.09255438053478,76.96896255677665,78.05288926236717,7.615713936941964,0.7250262698338946,0.09178548703595737,0.017367717708084568,14.639984130859375,0.03853134270431924,-0.465394098483626,-0.4254698192321834,0.008008321780675448,0.038640358258337226,-0.17399676917790352,0.1066580632703964,73.44124776657338,-23.031037443223358,bear,high,neutral,low,start_week,1
2022-11-22,396.6300048828125,400.07000732421875,395.1499938964844,399.8999938964844,2022,11,22,1,0.01345699994392846,0.0035383665754817883,0.014678442880364573,0.0323889635568928,0.058313339837626765,0.019353450001446504,0.03426739330569806,5.6570009930997,4.416051609000468,1.240949384099232,68.7771951023518,92.81024924821305,83.68137525799285,7.016429356166294,0.8357648598183958,0.09646323196063715,0.017271552180877985,17.899993896484375,0.04685862276566599,-0.25428966947017817,-0.315412081619003,0.012303109534450104,0.043003670042891295,-0.16288124374704582,0.12155036076577419,97.56832058712912,-7.189750751786945,bear,high,neutral,normal,start_week,1
2022-11-23,399.54998779296875,402.92999267578125,399.30999755859375,402.4200134277344,2022,11,23,2,0.006301624330362854,0.01762549249095513,0.013795430036039669,0.03616620283168093,0.06454181440318796,0.02172517970833865,0.037650104852057664,6.044660868665346,4.7417734609334445,1.3028874077319017,74.04684593419215,98.45132292294147,89.41017824264371,6.840715680803571,0.8572490735574955,0.10123525995893294,0.017144077004144723,28.290008544921875,0.07561544964505873,0.007145529268793146,-0.2106599802137702,0.00899556432681639,0.050055842494125535,-0.15760603582523924,0.1286179498069029,110.21482286380106,-1.5486770770585236,sideways,medium,overbought,normal,mid_week,0
2022-11-25,401.8299865722656,402.9100036621094,401.5400085449219,402.3299865722656,2022,11,25,4,-0.0002237136634978265,0.020520486349142608,0.011621561373279521,0.032962175723431075,0.06361657189056791,0.01812947842885171,0.03455050330975795,6.272316339755832,5.0478820366979225,1.22443430305791,71.62833426826988,97.95359497396846,96.40505571504097,6.305001395089286,0.8180448024589189,0.10364003897749177,0.01705507569688164,7.639984130859375,0.019356923366696144,-0.04227170628379905,-0.6359656464284134,0.0034051528916834153,0.0513976891187502,-0.15779449086507313,0.12836546255066228,104.1640579306633,-2.0464050260315294,sideways,medium,overbought,low,end_week,0
2022-11-28,399.0899963378906,400.80999755859375,395.1099853515625,395.9100036621094,2022,11,28,0,-0.015957008238070003,-0.0003029950194616271,-0.0038696745041454372,0.015580920182136193,0.046071987040904094,0.001592996746372366,0.016683418515454518,5.867064110999365,5.211718451558212,0.6553456594411537,62.69082575530721,76.057342223536,90.82075337348196,6.460715157645089,0.6489910937034734,0.1045761850244937,0.01681882471369364,-2.600006103515625,-0.006524318184742084,-0.2434162400707371,-0.17506283951674262,0.014397242187130848,0.05013567027004173,-0.17123357111248716,0.1103601255691875,58.64428920535882,-23.942657776464,bear,medium,neutral,normal,start_week,0
2022-11-29,396.04998779296875,397.29998779296875,393.29998779296875,395.2300109863281,2022,11,29,1,-0.0017175435565947028,0.0016219738320215615,-0.005608097060362693,0.01266506426191305,0.043906815127823684,-0.00010770298340034845,0.013815473406595391,5.428453244122181,5.255065410071006,0.17338783405117564,60.75435077380442,73.73813176679246,82.58302298809896,6.217858450753348,0.6208853403187257,0.10476923197238303,0.016721742630201545,0.110015869140625,0.00027843660280457705,-0.41363553113869944,-0.3467042283635272,0.01012068893760795,0.04979416268556647,-0.17265701355234497,0.10845303369001646,39.44724670489593,-26.26186823320753,bear,medium,neutral,low,start_week,1
2022-11-30,395.489990234375,407.67999267578125,393.4800109863281,407.67999267578125,2022,11,30,2,0.03150059798946736,0.019454860960339992,0.02334966489289525,0.0414745146941462,0.07545033357363873,0.02643270051135871,0.04221920416948444,6.0161104690138245,5.40727442185957,0.6088360471542549,75.38203522472361,100.0,83.26515799677613,6.632856096540179,0.8748154962707605,0.11065314830042575,0.017960844934589673,9.19000244140625,0.023062065965574474,0.2838920751053843,0.7411615246910759,0.03483119590012859,0.05091189303921495,-0.1465952147368519,0.14336996709449124,92.8786419368441,-0.0,sideways,medium,overbought,high,mid_week,0
2022-12-01,408.7699890136719,410.0,404.75,407.3800048828125,2022,12,1,3,-0.0007358413421266752,0.01232540949648575,0.019543474761692936,0.03640441882973544,0.07296127128010754,0.02164154616841052,0.03826426376286518,6.384035360085136,5.602626609504684,0.7814087505804519,63.84464074771034,86.80766843072536,86.84860006583925,5.514284406389509,0.8359617687060906,0.10835881406965452,0.016733610177199598,11.92999267578125,0.030168143399969205,-0.015414455653191904,-0.05094548988174119,0.012887230441047842,0.05239383885115867,-0.14722318525941736,0.1425286282033571,122.55307183418759,-13.192331569274646,sideways,medium,neutral,normal,end_week,0
2022-12-02,402.25,407.8599853515625,402.1400146484375,406.9100036621094,2022,12,2,4,-0.0011537169597666264,0.011383732862827678,0.015148272285640418,0.030502797067560206,0.06988105886042995,0.017260390534113546,0.034226766324348734,6.562050087790453,5.794511305161838,0.7675387826286153,59.88699590872028,84.44109457690251,90.41625433587593,5.512852260044643,0.8098193142691223,0.09845350390603526,0.016436160457409865,12.670013427734375,0.03213781894678425,-0.4353753910344869,0.06132581566010442,0.014057090392584104,0.053916051545413124,-0.1482070483334793,0.14121047354798,109.58896849866112,-15.55890542309749,sideways,medium,neutral,high,end_week,0
2022-12-05,403.95001220703125,404.92999267578125,398.1700134277344,399.5899963378906,2022,12,5,0,-0.017989253786685366,0.009295023216745912,-0.003998075507793963,0.008995575847958959,0.04888954544503976,-0.0008796031722282383,0.014447909597498976,6.042806910268155,5.844170426183101,0.1986364840850534,54.81577339795878,47.58302446939942,72.94392915900909,5.754993983677456,0.6020484557370932,0.08815004384911244,0.01702128316354036,3.55999755859375,0.008989211851543777,-0.8725096775786603,-0.022892799785994122,0.01691728849570769,0.05309991843619932,-0.1635301679147182,0.120680948715302,61.392411619481976,-52.41697553060058,sideways,medium,neutral,normal,start_week,0
2022-12-06,399.4200134277344,399.989990234375,391.6400146484375,393.8299865722656,2022,12,6,1,-0.014414799715742554,-0.0035423028999458372,-0.01816924872137382,-0.007288521202386433,0.03217040776975333,-0.012961161322914694,-0.0001621815869823351,5.107640600019749,5.696864460950431,-0.5892238609306819,45.22540787540829,18.579932756787322,50.20135060102974,5.792848859514509,0.408423933373014,0.07958980409231352,0.017385226408473776,-0.760009765625,-0.0019260745905331778,-1.3388669483705038,-0.02026389428145292,0.021201980221496733,0.051271215966265604,-0.17558771301248832,0.10452655729432259,-17.098191274792356,-81.42006724321267,bear,medium,neutral,normal,start_week,0
2022-12-07,392.94000244140625,395.6400146484375,391.9700012207031,393.1600036621094,2022,12,7,2,-0.0017011983165312605,-0.035616143236195774,-0.018189800765126662,-0.01036926435087604,0.028808531831642448,-0.012415919792505115,-0.0017253344061718412,4.263307781778224,5.41015312511599,-1.146845343337766,47.53391406312134,15.206401012950773,27.123119413045817,5.790708269391741,0.35613341101400736,0.07207555572117981,0.01738333665694819,-6.739990234375,-0.016854189390459684,-1.7033430933459204,-0.1617477803981323,0.009334656103240012,0.04786906128434487,-0.17699020180723912,0.10264753857448938,-53.9883315057656,-84.79359898704922,bear,medium,neutral,normal,mid_week,1
2022-12-08,395.1400146484375,397.3599853515625,393.2699890136719,396.239990234375,2022,12,8,3,0.007833926502128774,-0.027345511598297678,-0.008968920753132492,-0.005384261091725628,0.03547486766329544,-0.003962225090827887,0.0056410419876646856,3.7989056959660275,5.087903639285997,-1.2889979433199699,52.07039389799923,25.054353246235166,19.613562338657733,5.711421421595982,0.38517328274674334,0.046890316300258944,0.016619527535007752,-6.180023193359375,-0.01535714673015176,-1.3042746377460486,-0.21891926787288696,0.01032201806655457,0.04484600871468425,-0.17054280353766527,0.11128559834943519,-46.0208672384138,-74.94564675376483,bear,medium,neutral,normal,end_week,0
2022-12-09,394.94000244140625,397.6199951171875,393.1499938964844,393.2799987792969,2022,12,9,4,-0.007470198687737906,-0.03349636224262165,-0.014140645336530366,-0.012639510075471705,0.026104505121933075,-0.009665500376211389,-0.0017329220642531284,3.15564086085368,4.701451083599534,-1.5458102227458541,47.22053605357574,8.932382567068913,16.397712275418264,5.689993722098214,0.23440849450898285,0.0475900388911318,0.011387800296036652,-9.04998779296875,-0.02249394301944041,-1.8119717037287606,0.08944167446764162,0.011365951064324595,0.04082240561809303,-0.17673901359821298,0.10298407413094313,-69.79495915061489,-91.06761743293109,bear,medium,neutral,high,end_week,1
2022-12-12,394.1099853515625,398.95001220703125,393.4100036621094,398.95001220703125,2022,12,12,0,0.014417243300787197,-0.001601601983844958,-0.0006888040402499573,0.0015401882205066109,0.038634256534122224,0.0039000266678832496,0.011710627199219115,3.0680054844356164,4.374761963766751,-1.3067564793311348,54.05960647654834,39.81483328346797,24.600523032257332,5.854280744280134,0.5323519635082525,0.04760725636061389,0.011648659238508835,3.040008544921875,0.007678534305276985,-1.2315138494109492,0.021215681361877348,0.013886472929964321,0.039350165127096215,-0.16486985965721246,0.11888606388458234,-20.323096014364157,-60.18516671653203,sideways,medium,neutral,normal,start_week,1
2022-12-13,410.2200012207031,410.489990234375,399.07000732421875,401.9700012207031,2022,12,13,1,0.007569843141412624,0.02066885439396038,0.005178813156129447,0.008254766109155431,0.04457335007501029,0.00971307135045274,0.01790867401302987,3.205293068282117,4.1408681846698245,-0.9355751163877075,52.01323517364933,54.80106075029627,34.516092200277704,6.287135532924107,0.6734385156007852,0.04759476913510977,0.011576552673247996,6.739990234375,0.01705333615115623,-0.3331548765432229,0.6194860348644307,0.028410037752757737,0.039191571094885136,-0.15854805549215156,0.12735585588130127,101.68252924107072,-45.19893924970373,sideways,medium,neutral,high,start_week,0
2022-12-14,401.6099853515625,405.5,396.30999755859375,399.3999938964844,2022,12,14,2,-0.006393530155021865,0.015871375969712886,0.0008244015518066306,0.0016941381469983696,0.03674014400362058,0.002754915095848798,0.010547244981180093,3.0713121799815895,3.9269569837321776,-0.8556448037505882,47.06566087864124,41.16705198194523,45.260982005236464,6.684993198939732,0.5355806959154201,0.04761396885056706,0.011541374061532486,-8.279998779296875,-0.020310044466375743,-1.1116709495884574,0.40078575737661426,0.02300952073571662,0.03588615784759597,-0.1639279038733643,0.12014807222128354,33.78286578232897,-58.83294801805477,sideways,medium,neutral,high,mid_week,0
2022-12-15,394.29998779296875,395.25,387.8900146484375,389.6300048828125,2022,12,15,3,-0.024461665405543398,-0.01668177244717961,-0.019295422755786884,-0.022095266290549254,0.010721760439890371,-0.01848619873029267,-0.013136405164751341,2.1519683469748543,3.571959256380713,-1.419990909405859,39.61400256459787,7.699080150589557,34.55573096094366,7.409277779715402,0.0702388271320212,0.051412895546375584,0.012696514997088255,-17.75,-0.043571112443542726,-1.9629080192363406,0.47799486457059737,0.018889678051812603,0.03060777311759466,-0.1843796197437254,0.09274738487394218,-127.46781950382413,-92.30091984941045,bear,high,neutral,high,end_week,0
2022-12-16,385.17999267578125,386.5799865722656,381.0400085449219,383.2699890136719,2022,12,16,4,-0.01632321892420352,-0.025452628653110043,-0.029529156248367272,-0.03673174435937443,-0.006295624555959001,-0.02935463205882949,-0.027137673516053118,0.8998091680555262,3.037529238715676,-2.1377200706601496,39.652894775234984,7.572094584862236,18.812742239132323,7.507134573800223,-0.09997898305330809,0.06122171842161153,0.01316591539977081,-23.6400146484375,-0.05809642042634011,-2.675140855225296,0.46334266078251307,0.01445450514296889,0.023940473680376106,-0.19769316976969065,0.07491023008179387,-220.8739148257558,-92.42790541513776,bear,high,neutral,high,end_week,0
2022-12-19,383.4700012207031,383.82000732421875,378.2799987792969,380.0199890136719,2022,12,19,0,-0.008479662100243535,-0.04744961176623763,-0.0329664941412966,-0.04297450452698981,-0.015601406563979348,-0.03198797731850478,-0.032852056243495964,-0.35074072047734717,2.3598752468770714,-2.7106159673544186,38.05182189806499,5.402020167567224,6.891064967672986,7.617135184151786,-0.08584370477563862,0.07335489683796782,0.013182366540002537,-19.57000732421875,-0.0489752183577451,-2.91678258095373,-0.01694269659844605,0.014578203002691428,0.017957069193685893,-0.2044964605907612,0.06579535454260532,-219.27307933464053,-94.59797983243277,bear,high,neutral,normal,start_week,1
2022-12-20,379.2300109863281,382.2300109863281,377.8500061035156,380.5400085449219,2022,12,20,1,0.001368400469142994,-0.05331241786875296,-0.028357217039921112,-0.0399664734860129,-0.01530118401710645,-0.026068889249780347,-0.029261496750301652,-1.2850361893936793,1.6308929596229214,-2.9159291490166006,23.762583632736423,8.241433055302853,7.071849269244086,6.915708269391741,0.014650735157090828,0.08234579998580746,0.013196742915224793,-13.28997802734375,-0.03374547007711182,-2.2308861725601354,-0.09691044510351554,0.011509972104011898,0.013437070960420128,-0.2034078931742287,0.06725378940577165,-187.22537019612005,-91.75856694469715,bear,high,oversold,normal,start_week,1
2022-12-21,383.25,387.4100036621094,382.69000244140625,386.2300109863281,2022,12,21,2,0.014952442091866303,-0.03297441940765178,-0.012080707637685983,-0.023928544266016982,-0.0020489467058874,-0.009753315064987444,-0.013669177212358607,-1.5484864481829845,0.9950170780617403,-2.543503526244725,31.48311327303206,25.674047049825766,13.10583342423193,7.031422206333706,0.21881360016450924,0.0850985121613865,0.013291210900922217,-6.92999267578125,-0.017626392845740857,-1.645793616661957,-0.06162592850893134,0.012220700324787047,0.010154433676268004,-0.19149689582607865,0.08321183988918635,-110.5199322651604,-74.32595295017423,bear,high,neutral,normal,mid_week,0
2022-12-22,383.04998779296875,386.2099914550781,374.7699890136719,380.7200012207031,2022,12,22,3,-0.014266135745262032,-0.02286785809729719,-0.022293213767013098,-0.035207863515365645,-0.017512492267185986,-0.020280925009913964,-0.02573835723491702,-2.1767917154531915,0.360655319358754,-2.5374470348119456,28.9300143577415,16.65736843139483,16.85761617884113,7.441425868443081,0.10936212752256451,0.0901291605242381,0.01343815745057252,-15.519989013671875,-0.03916815413934327,-2.1416050933936,0.17936562196606443,0.03004833579724247,0.004889729279927257,-0.20303111086068948,0.06775859274045226,-139.0050029670835,-83.34263156860517,bear,high,oversold,high,end_week,1
2022-12-23,379.6499938964844,383.05999755859375,378.0299987792969,382.9100036621094,2022,12,23,4,0.005752265272075174,-0.0009392474283961283,-0.014043520465755854,-0.027264577973023507,-0.012724147379690298,-0.012420178922878167,-0.01867057324524779,-2.4695458843366964,-0.2053849213803361,-2.2641609629563604,35.37356457179068,22.788394093669822,21.70660319163012,7.176426478794643,0.2039552014898806,0.0920961223106628,0.013561572040896412,-10.3699951171875,-0.026367969765497823,-1.6892372951980417,-0.3068819158249667,0.013136242801677984,0.001338165642654765,-0.1984467343967692,0.07390062341243286,-112.85164229267403,-77.21160590633018,bear,high,neutral,low,end_week,0
2022-12-27,382.7900085449219,383.1499938964844,379.6499938964844,381.3999938964844,2022,12,27,1,-0.0039435108803203,0.0036314007755071653,-0.013473575996003295,-0.02931154906959299,-0.01782138277355294,-0.013839491709540686,-0.020905698551820673,-2.7912253326076666,-0.7225530036258023,-2.0686723289818643,38.22248618989017,18.561043270541056,19.33560193186855,6.829999651227679,0.19515249603069307,0.09615151407814759,0.01318967828910352,-17.550018310546875,-0.04399051954769573,-1.886751075906078,-0.39637827196970654,0.009176717503959724,-0.004407187351255337,-0.20160766842083178,0.0696656846196233,-97.14665688149267,-81.43895672945895,bear,medium,neutral,low,start_week,0
2022-12-28,381.3299865722656,383.3900146484375,376.4200134277344,376.6600036621094,2022,12,28,2,-0.01242787181496774,-0.010196049812603247,-0.019313775374215525,-0.03910445283485342,-0.030519103518678592,-0.0221697001556459,-0.03069905896514158,-3.3895634337660567,-1.2559550896538534,-2.1336083441122033,35.48558039745852,5.291194243694643,15.546877202635153,7.065713065011161,0.12042714489405877,0.10302225859628222,0.013402597681587608,-25.30999755859375,-0.06296489161313612,-2.1284582459377037,-0.17999925067092704,0.01850475535744886,-0.011426007486481038,-0.2115299859757509,0.05637201660630087,-103.34192725315967,-94.70880575630535,bear,high,neutral,normal,mid_week,1
2022-12-29,379.6300048828125,384.3500061035156,379.0799865722656,383.44000244140625,2022,12,29,3,0.01800031517383771,-0.007223696930740653,0.0025046974946529854,-0.018774152229482755,-0.013693155846129179,-0.0038683274450478367,-0.012281811631245199,-3.2788647393592214,-1.6605370195949272,-1.6183277197642942,39.42849394286452,24.272153223525873,16.04146357925384,7.315000261579241,0.3080136889099219,0.09778901486718033,0.011860989579717766,-15.959991455078125,-0.03995991912612451,-1.6783747835242044,-0.18919043259989365,0.013744052518504028,-0.01615738398160338,-0.19733727721819405,0.07538704584603684,-68.57873892130429,-75.72784677647412,bear,high,neutral,normal,end_week,0
2022-12-30,380.6400146484375,382.5799865722656,378.42999267578125,382.42999267578125,2022,12,30,4,-0.002634075107433076,0.004491467350271616,0.0017497633732976858,-0.018224590890711045,-0.016995613440745183,-0.005498903389774101,-0.013796261570667934,-3.2353395926872963,-1.9754975342134011,-1.2598420584738952,40.74074459900858,21.44457838839512,17.002641951871862,7.353572300502232,0.30005482092007857,0.09114793852282062,0.011849563902446812,-7.20001220703125,-0.018479100985040353,-1.983792532845086,0.012574662169612782,0.010851643375164565,-0.018712634132220463,-0.19945155111593815,0.0725543955977177,-70.01835015561532,-78.55542161160488,bear,high,neutral,high,end_week,0
2023-01-03,384.3699951171875,386.42999267578125,377.8299865722656,380.82000732421875,2023,1,3,1,-0.004209882546862387,-0.005458192050095678,-0.001826901595739061,-0.019072707149633383,-0.021908792821513035,-0.008207768701139373,-0.016640700875167003,-3.2928006073261145,-2.238958148835944,-1.0538424584901707,33.37612768910479,16.937340716103662,20.8846907760082,7.562857491629464,0.2705507373118793,0.08312385459942845,0.01184300803235282,-2.449981689453125,-0.006392312885645013,-2.193632701367411,-0.09221449927881153,0.022582863132487252,-0.020118646012277974,-0.20282176605881297,0.0680390675671303,-59.49975877028449,-83.06265928389634,bear,high,neutral,normal,start_week,1
2023-01-04,383.17999267578125,385.8800048828125,380.0,383.760009765625,2023,1,4,2,0.007720189025949065,0.006187771124561481,0.004894083209419531,-0.009480324122479455,-0.014836977937137785,-0.00046622391839612476,-0.008384306259147656,-3.065765018257764,-2.404319522720308,-0.661445495537456,33.278257882020085,29.25485694083485,22.545592015111193,7.158573695591518,0.3801271742192439,0.07908651573642482,0.011549593993280404,3.740020751953125,0.009841642176929177,-1.6912705064284719,0.036769790358211374,0.015322088631391308,-0.01963496598919201,-0.19639824191138777,0.07628453105584687,-41.30981936422134,-70.74514305916514,bear,high,neutral,high,mid_week,0
2023-01-05,381.7200012207031,381.8399963378906,378.760009765625,379.3800048828125,2023,1,5,3,-0.011413395797773451,0.007221369920505705,-0.006273323684894638,-0.018956030919756728,-0.026106535085864024,-0.01006587184869201,-0.01826926291219566,-3.2023527380637233,-2.5639261657889914,-0.638426572274732,32.207630039993944,22.50983103582386,22.900676230920777,6.859287806919643,0.2621940076351762,0.07971216675934642,0.011397684128823613,-1.160003662109375,-0.0030483093395222705,-1.92955947134317,-0.07081195079934766,0.008118473648122305,-0.019958417011118224,-0.19455646526330206,0.06400046971188544,-66.68694846912912,-77.49016896417614,bear,medium,neutral,normal,end_week,1
2023-01-06,382.6099853515625,389.25,379.4100036621094,388.0799865722656,2023,1,6,4,0.022932103899730993,0.01210093913341348,0.016022583391283485,0.00420095489945016,-0.00393470778989502,0.010670749720027128,0.003928291346176227,-2.5788562272081776,-2.566912178072829,-0.011944049135348855,48.59574435143135,91.91980290043226,47.89483029236364,6.742146083286831,0.553650931620155,0.07830162072846575,0.012669553988274046,1.8499755859375,0.004789828685795694,-1.4043742066482179,0.22938473240838264,0.025355588225001877,-0.019642566521075655,-0.1760859504393535,0.08840023903268102,-8.85794571101731,-8.080197099567739,bear,medium,neutral,high,end_week,0
2023-01-09,390.3699951171875,393.70001220703125,387.6700134277344,387.8599853515625,2023,1,9,0,-0.0005668965891446609,0.014198658002184228,0.013551969408319708,0.004721005994398064,-0.0047977199948837645,0.008531042578578285,0.003109566831036137,-2.0785230898451914,-2.4692343604273015,0.3907112705821101,54.6788936028834,69.14939408253116,61.19300933959573,6.559289114815848,0.5631159708558747,0.074798912705923,0.012514445351944386,7.139984130859375,0.01875389816129025,-1.652126658720999,-0.13386147129431614,0.015546844240277037,-0.01810433994214966,-0.17655302450379784,0.08778322864954924,40.156782560884594,-30.850605917468833,bear,medium,neutral,normal,start_week,1
2023-01-10,387.25,390.6499938964844,386.2699890136719,390.5799865722656,2023,1,10,1,0.007012843096556365,0.025628851059123825,0.01861822107654798,0.0121209040885073,0.0016366218163277324,0.013171522202138908,0.009385740697015033,-1.4458571658739743,-2.264558921516636,0.8187017556426617,60.882103573549095,83.51810981478287,81.52910226591541,6.476431710379464,0.6646886231035307,0.07359891569976641,0.012538974971771416,7.66998291015625,0.02003077181792423,-1.3047670022152653,-0.22750876804809628,0.011214104750352092,-0.01667121096878943,-0.1707783200663091,0.09541168175513381,39.34471508994661,-16.48189018521713,bear,medium,neutral,normal,start_week,1
2023-01-11,392.2300109863281,395.6000061035156,391.3800048828125,395.5199890136719,2023,1,11,2,0.01264786371867066,0.030644097740223364,0.02771705631882604,0.025377765408044928,0.0139671458096009,0.021900579767434536,0.02047779956783402,-0.5396274618427697,-1.919572629581863,1.3799451677390933,64.14807308077647,99.61585682095881,84.09445357275759,6.522147042410714,0.859677457353434,0.0705570084785926,0.012435713747733059,14.1199951171875,0.037021487527920005,-0.9649776638541571,-0.1827177948730362,0.010669501764567588,-0.013379081746950794,-0.1602904372659406,0.10926629942181276,104.42635963223545,-0.38414317904119505,sideways,medium,neutral,normal,mid_week,1
2023-01-12,396.6700134277344,398.489990234375,392.4200134277344,396.9599914550781,2023,1,12,3,0.003640782972808232,0.0463387272550011,0.026046623821858406,0.029779700349642724,0.017098175368370327,0.021594272311194818,0.02236098072375281,0.2914031558647139,-1.4773774724925477,1.7687806283572616,61.018669060103775,93.5497525271564,92.22790638763267,6.465002877371652,0.9596326446839528,0.064790220394636,0.012334501970432682,20.29998779296875,0.053894726266660475,-0.543885591567309,0.09150497872624808,0.015291155122184479,-0.008721288336934085,-0.1572332369878342,0.11330489727705761,145.23342594480263,-6.450247472843603,sideways,medium,neutral,high,end_week,1
2023-01-13,393.6199951171875,399.1000061035156,393.3399963378906,398.5,2023,1,13,4,0.0038795056884117773,0.02685016952244723,0.026033190330908784,0.033895430024808215,0.02031306449630521,0.021540924421622254,0.024329623541564205,1.0620243709755641,-0.9694971037989255,2.0315214747744896,69.87924675085387,97.35446958871226,96.84002631227581,6.057859148297991,1.0318874019685713,0.06372670211657155,0.012292383006828776,15.05999755859375,0.039276020922973665,-0.24843851643423884,-0.2050673057916953,0.014454227768193224,-0.005574991031974896,-0.1424944074857113,0.11762396995898072,168.63592065065006,-2.64553041128774,sideways,medium,neutral,normal,end_week,0
2023-01-17,398.4800109863281,400.2300109863281,397.05999755859375,397.7699890136719,2023,1,17,1,-0.0018318970798698597,0.025550466757035428,0.020124471034730806,0.030912851345195502,0.017251070802020152,0.016593266746691704,0.02075543989182993,1.595450094777334,-0.4565076640836736,2.0519577588610076,67.17519879453477,89.66811329315591,93.52411180300817,5.9250030517578125,0.9464283480103989,0.0692448216672734,0.010887421799243457,15.339996337890625,0.04011190709849899,-0.5148291421062829,-0.1926944198715984,0.00796946354750111,-0.0028167153267052436,-0.14406526947661025,0.11557659787202024,166.75005982085432,-10.33188670684409,sideways,medium,neutral,normal,start_week,0
2023-01-18,399.010009765625,400.1199951171875,391.2799987792969,391.489990234375,2023,1,18,2,-0.015788015568668268,0.0023298778570186585,0.0012787973012811094,0.013557140469484974,0.00014304125619446495,0.00045965701735117825,0.004294576905912839,1.4942259006065228,-0.06636095114563434,1.560586851752157,60.50384821396235,63.29264322499442,83.4384087022875,6.306431361607143,0.6935106276652548,0.07005889357630977,0.010842934797262019,10.66998291015625,0.02801844100872608,-0.9368025295041627,0.3002354085614538,0.02258038917571902,-0.0011343054982766443,-0.15179287056989288,0.0979638571767747,97.62920146055336,-36.70735677500558,bear,medium,neutral,high,mid_week,0
2023-01-19,389.3599853515625,391.0799865722656,387.260009765625,388.6400146484375,2023,1,19,3,-0.007279817254666643,-0.017394757676827743,-0.007249396316289292,0.0050571358804021305,-0.007760891810481674,-0.005779803698163,-0.0027936835707843555,1.1705425005903862,0.1810197392015698,0.9895227613888165,62.98224437220347,48.25900131334434,67.07325261049822,6.110715593610491,0.5738474217605092,0.06848087258621713,0.010790233050497804,4.8800048828125,0.012716293408979507,-1.268541797873489,0.12962397763742306,0.00982908774871307,-0.0005152306050426603,-0.15796766346624946,0.08997088094429895,30.115578014504766,-51.74099868665566,bear,medium,neutral,high,end_week,1
2023-01-20,390.1000061035156,396.0400085449219,388.3800048828125,395.8800048828125,2023,1,20,4,0.018629039629190602,-0.002720643378459564,0.00700029291217974,0.021753707249159815,0.00990209614220161,0.010760230523202186,0.014597112179538962,1.4811539580140902,0.44104658296407395,1.0401073750500163,63.34764909743888,80.58035106075717,64.04399853303195,6.108572823660714,0.8117990535190805,0.06976835562404493,0.011474881098461776,16.5,0.04349201272506886,-0.8449004373369244,0.17928273137266193,0.019349306778898498,0.0028816309691730435,-0.14228140969990222,0.11027599168007418,73.82694181778083,-19.419648939242837,sideways,medium,neutral,high,end_week,1
2023-01-23,396.7200012207031,402.6499938964844,395.7200012207031,400.6300048828125,2023,1,23,0,0.011998585281936869,0.005345056167660012,0.015839955948793172,0.03209536721688644,0.021048970885439777,0.01929874924991215,0.024738759225335194,2.086548644508298,0.7701469952729187,1.3164016492353792,68.077100282503,91.86144876073095,73.5669337116108,6.245714460100446,0.9231168028884424,0.07585462689683972,0.011317877691704805,12.550018310546875,0.032338741354315914,-0.4632451709323535,0.07714498766313604,0.01729773754167097,0.005127790953823208,-0.1319900000462838,0.12359773285273445,126.43948506983742,-8.138551239269054,bull,medium,neutral,high,start_week,0
2023-01-24,398.8800048828125,401.1499938964844,397.6400146484375,400.20001220703125,2023,1,24,1,-0.0010732912426442143,0.006109116475541576,0.011584471688055098,0.028407147424161616,0.018599527321494724,0.015360992861923828,0.021849625899262648,2.5027809786564603,1.1166737919496272,1.386107186706833,69.71116300840413,89.74473287201387,87.39551089783397,5.88214111328125,0.8632563222968521,0.0782013847537314,0.010693780711532671,12.34002685546875,0.03181567401000018,-0.6934128098311786,-0.21801363305696098,0.008770562571175271,0.0069347205594540995,-0.13292162757776183,0.12239178524580874,113.78664671864281,-10.255267127986132,bull,medium,neutral,low,start_week,1
2023-01-25,395.95001220703125,400.70001220703125,393.55999755859375,400.3500061035156,2023,1,25,2,0.00037479733110745705,0.022631525939747155,0.009470657289476936,0.02649241984413031,0.018687791599263814,0.013287591344185445,0.02055190611740776,2.812332537282316,1.455805541016165,1.356526996266151,67.88873086397652,90.3725855137853,90.65958904884336,5.972141810825893,0.8290107895464054,0.08052143177630879,0.010676677066405401,9.77001953125,0.02501413248792339,-0.30775034325094536,0.09607453538980137,0.01783443122164299,0.009130660949111302,-0.1325966489179169,0.1228124546913758,89.10681673924026,-9.627414486214706,bull,medium,neutral,high,mid_week,1
2023-01-26,403.1300048828125,404.9200134277344,400.0299987792969,404.75,2023,1,26,3,0.010990368001509987,0.04145220446776565,0.0181954448056163,0.034676689922350734,0.029556607310481153,0.020589092900776595,0.02934589440277402,3.3738059776655973,1.8394056283460514,1.534400349319546,77.34427730697728,99.33354228674789,93.15028689084899,5.964285714285714,0.9120944679661952,0.08414742884923983,0.010740293057146112,9.230010986328125,0.023336395739050886,0.03352338553110554,-0.0779637201579827,0.012081568001080914,0.011158135270418423,-0.12306356688378195,0.13515257676511272,125.0569023452894,-0.6664577132521127,bull,medium,overbought,normal,end_week,1
2023-01-27,403.6600036621094,408.1600036621094,403.44000244140625,405.67999267578125,2023,1,27,4,0.0022976965430050456,0.024754945114921156,0.018301185986884905,0.0332215950378707,0.03136813798046578,0.019337545228586217,0.02929324575213932,3.8494463398212133,2.241413770641084,1.6080325691801294,72.78614996930065,88.67058324922068,92.7922370165846,5.596429007393973,0.9030552799751895,0.08242441344501374,0.010111146822731936,8.720001220703125,0.02196695235895052,0.3571023607987126,-0.1268057186098588,0.011634789257342898,0.012832109176929896,-0.12104863307297575,0.13776081291652909,136.41722718675518,-11.32941675077932,bull,medium,overbought,normal,end_week,0
2023-01-30,402.79998779296875,405.1300048828125,400.2799987792969,400.5899963378906,2023,1,30,0,-0.012546826143231882,-9.986407516726636e-05,0.0049975043371199845,0.01803460067277296,0.018319007474106863,0.005535119075208206,0.01514725438841058,3.772191116951035,2.5475692399030745,1.2246218770479604,64.6355745891982,65.41798876886958,84.47403810161269,5.551428658621652,0.7225242743513508,0.08104554312262362,0.010154924960610942,2.089996337890625,0.005244658313401818,0.05985281538974981,-0.05635068725894754,0.012107157312597316,0.01325525991805665,-0.13207668306216513,0.12348552580428307,91.71615869809695,-34.582011231130416,bull,medium,neutral,normal,start_week,1
2023-01-31,401.1300048828125,406.5299987792969,400.7699890136719,406.4800109863281,2023,1,31,1,0.014703349315466685,0.01569215039415872,0.0175508177920789,0.029855919153809474,0.03271258739905414,0.017140139595324788,0.027783773198330808,4.138534306122438,2.865762253146947,1.2727720529754905,67.03818427500107,91.96175518470442,82.01677573426487,5.6628570556640625,0.866887588786324,0.08137620368291489,0.010452680102658372,8.71002197265625,0.021897132044209844,0.48792599897975836,0.10205712005730927,0.014170462531843262,0.014900257895594793,-0.11931530335418972,0.14000452594105428,111.15729863476646,-8.03824481529559,bull,medium,neutral,high,start_week,1
2023-02-01,405.2099914550781,413.6700134277344,402.3500061035156,410.79998779296875,2023,2,1,2,0.010627771821197785,0.026102114475180294,0.023417998678985752,0.03686313479857617,0.04281054370483828,0.023548801581394718,0.03573718775620094,4.723006073596935,3.2372110172369446,1.48579505635999,66.59428344923265,89.13280864522078,82.1708508662649,6.112856183733259,0.9507142289703884,0.08178826500061091,0.010432649457376979,19.30999755859375,0.04932437109575494,0.9703300360183108,0.266610347461697,0.02755600696347563,0.018948802005519072,-0.10995558735181732,0.15212023391788843,143.9745669666399,-10.867191354779218,bull,medium,neutral,high,mid_week,1
2023-02-02,414.8599853515625,418.30999755859375,412.8800048828125,416.7799987792969,2023,2,2,3,0.01455698920162063,0.029722047632604998,0.03108748650198856,0.04759128223722975,0.05687733461557953,0.03234211364647166,0.04687393807446383,5.604140031939721,3.7105968201775004,1.8935432117622208,69.59274865995255,95.07246576231073,92.05567653074529,6.215715680803571,1.039708625398875,0.08817958431191834,0.010675398215472197,28.139984130859375,0.07240629649603814,1.456468167526058,0.25671677033760476,0.013028438724711133,0.025012279220926414,-0.09699922044793496,0.1688916357219996,195.215260417341,-4.927534237689273,bull,medium,neutral,high,end_week,0
2023-02-03,411.5899963378906,416.9700012207031,411.0899963378906,412.3500061035156,2023,2,3,4,-0.010629091340170427,0.016441563666328207,0.01598824349033179,0.03217943800849943,0.04470270187870895,0.018022427200180324,0.033011311058642745,5.877232577508437,4.143923971643688,1.7333086058647487,62.95120777716836,80.80517295266776,88.33681578673306,6.224286760602679,0.8920950462878249,0.08207050385655112,0.010616342484890734,16.470001220703125,0.04160351878741264,1.0233550135861538,0.15847356841782378,0.014259742441561633,0.028262589230099167,-0.10659729821403896,0.15646737975914937,153.75922209076126,-19.194827047332243,bull,medium,neutral,high,end_week,0
2023-02-06,409.7900085449219,411.2900085449219,408.1000061035156,409.8299865722656,2023,2,6,0,-0.006111360480051453,0.023065953515676973,0.007495401255801504,0.023086381677525747,0.03779597022022996,0.009967302315465831,0.02467176962654083,5.823189765104928,4.479777130335936,1.3434126347689919,60.91206003231796,72.68916483036938,82.8556011817826,6.301428658621652,0.7874199429067118,0.08032282465875701,0.009884481791169344,9.199981689453125,0.022963785980393947,0.7714480978299288,-0.24235526506753047,0.007783721411131429,0.030075143694611395,-0.11205720417850484,0.14939979071802068,102.17136765786324,-27.310835169630625,bull,medium,neutral,normal,start_week,1
2023-02-07,408.8699951171875,416.489990234375,407.57000732421875,415.19000244140625,2023,2,7,1,0.013078632712971272,0.02142784692891353,0.016924668567574574,0.032943284909650705,0.050689401176440274,0.019541034871754848,0.035153706089598336,6.142067006884304,4.81223510564561,1.3298319012386939,71.8071651769167,89.95170259650143,81.14868012651283,6.307141985212054,0.9091792162790475,0.08051065058784522,0.010109919487431956,14.989990234375,0.03745624631970368,1.2653077493825378,0.1312582692863815,0.021484098503588327,0.03320278645263497,-0.10044412648182666,0.1644323684211877,120.55093480732151,-10.048297403498564,bull,medium,overbought,high,start_week,0
2023-02-08,413.1300048828125,414.5299987792969,409.92999267578125,410.6499938964844,2023,2,8,2,-0.010934773280246723,-0.0003651263411428296,0.0032737933250672757,0.019104000020115253,0.03876293181854762,0.007092260620256141,0.022030119251321922,5.959738614303035,5.041735807377095,0.9180028069259398,69.64124551808806,74.40693105044528,79.015932825772,6.380715506417411,0.7452526915485469,0.07789516966966165,0.010564190527798917,10.29998779296875,0.025727457564483025,0.9342709108500243,-0.05864838814645945,0.011201768347463273,0.03537333351034877,-0.11028056601166225,0.15169956447232136,95.57993940075797,-25.593068949554727,bull,medium,neutral,normal,mid_week,0
2023-02-09,414.4100036621094,414.57000732421875,405.80999755859375,407.0899963378906,2023,2,9,3,-0.00866917718618343,-0.023249682013981476,-0.0059920322878994625,0.008820887335091454,0.029175601158669684,-0.001386688525503943,0.0121825218451872,5.464983075677139,5.126385261037105,0.3385978146400346,60.70677187019975,54.66666173453283,73.00843179382649,6.459287370954241,0.6156389983112018,0.07627952043784632,0.01056835777327632,2.339996337890625,0.00578133746236098,0.5656251149405119,-0.03403130628789397,0.02151860729673658,0.03537962932783545,-0.11799370143089793,0.1417152768826606,62.39647607172168,-45.33333826546717,bull,medium,neutral,normal,end_week,1
2023-02-10,405.8599853515625,408.44000244140625,405.010009765625,408.0400085449219,2023,2,10,4,0.0023336663037101246,-0.010452279604215131,-0.004246157058807931,0.009788815016801289,0.03090962696144328,0.0007984347520593182,0.013452745265047028,5.090859532577554,5.119280115345195,-0.028420582767640923,57.6313088233168,58.50509489425505,62.52622922641103,6.209287370954241,0.6301916759238256,0.07518771801146973,0.010558430948428175,2.360015869140625,0.005817432241542075,0.964751422986737,-0.12085079444269009,0.008406020497873888,0.03530569755714952,-0.11593539305226697,0.14437965935275288,36.782225793418476,-41.49490510574495,bull,medium,neutral,normal,end_week,1
2023-02-13,408.7200012207031,412.9700012207031,408.239990234375,412.8299865722656,2023,2,13,0,0.011738991096546858,0.007320108577440587,0.004442751844977666,0.019834405380612763,0.04274011538573208,0.010596068604513897,0.023427913750325935,5.121833812585976,5.119790854793351,0.0020429577926250886,61.93533688439255,77.85854146938131,63.67676603272304,6.310716901506696,0.7601422733454536,0.07624445318148558,0.010797930177325442,12.239990234375,0.030554907377294604,1.3835762324345455,-0.19410585583180895,0.01145752765103496,0.03812797042978233,-0.10555736650253533,0.15781352198496412,74.13641113930991,-22.14145853061869,bull,medium,neutral,normal,start_week,0
2023-02-14,411.239990234375,415.04998779296875,408.510009765625,412.6400146484375,2023,2,14,1,-0.00046016987623753725,-0.006141736983006019,0.0024780537486750465,0.017496264659491167,0.04198340378370302,0.008559063536084821,0.02122036171215913,5.0725784789242425,5.11034837961953,-0.037769900695287184,61.605300089622,68.98258594755583,68.44874077039738,6.267857142857143,0.7297999753063383,0.07613693011136086,0.010777829004814186,6.160003662109375,0.015154505745957891,0.941431017075867,0.08010458242183383,0.01584911253193829,0.039407695647103,-0.10596896205849349,0.15728073107984608,74.58789688943496,-31.01741405244416,bull,medium,neutral,high,start_week,1
2023-02-15,410.3500061035156,414.05999755859375,409.4700012207031,413.9800109863281,2023,2,15,2,0.0032473737163669636,0.008109137073756267,0.004957082123101975,0.017977788286020147,0.04499398936315102,0.009995382591302393,0.02267789880336557,5.083075250400896,5.104893753775803,-0.02181850337490765,59.25036472462907,75.9845431756902,74.27522353087575,6.246427263532366,0.7544335534564912,0.07065808751161624,0.009942498267813809,3.180023193359375,0.007741049873063899,1.31146519523275,-0.22988172554075004,0.011087483009034008,0.03983941996355278,-0.10306570916426594,0.16103885410841268,73.36537193406684,-24.0154568243098,bull,medium,neutral,normal,mid_week,0
2023-02-16,408.7900085449219,412.9100036621094,408.1400146484375,408.2799987792969,2023,2,16,3,-0.013768810222142602,0.0029231925424630933,-0.006830658412916635,0.0015429811314766617,0.030153719645447552,-0.0033113442619575606,0.007954972116659853,4.578670604696015,4.999649123959846,-0.4209785192638309,52.378344245627964,44.37049662580166,63.11254191634921,6.326426914760044,0.5271207540765781,0.05689300257359433,0.010386215304462527,-8.5,-0.020394452768596305,0.8769778174139066,-0.03743295977447936,0.011683131742758672,0.037238743192840706,-0.11541542719651521,0.14505273046566014,35.99504987399289,-55.62950337419834,bull,medium,neutral,normal,end_week,0
2023-02-17,406.05999755859375,407.510009765625,404.04998779296875,407.260009765625,2023,2,17,4,-0.002498258589011204,-0.0019115742646863554,-0.00808368446013974,-0.0023516521782555033,0.026884188695803113,-0.004913203003881983,0.005032084499249967,4.049936552358645,4.809706609639606,-0.7597700572809609,56.59222564791797,37.00124053720655,52.45209344623277,6.242856706891741,0.4529262347342771,0.049956746926464006,0.009714138408640506,-5.089996337890625,-0.012343873560202723,0.36328111105759503,0.1259064647116248,0.008495854956757148,0.03525284603964929,-0.11762534820322834,0.14219209264690358,-22.43290007634124,-62.99875946279345,bull,medium,neutral,high,end_week,0
2023-02-21,403.05999755859375,404.1600036621094,398.82000732421875,399.0899963378906,2023,2,21,1,-0.0200609272499801,-0.033282442364369835,-0.025433158194880567,-0.02218096215778964,0.005983107339482707,-0.021129419065921695,-0.01402478369955229,2.9377941404533203,4.435324115802349,-1.4975299753490283,43.01114494898537,1.3852701331562927,27.58566909872147,6.421428135463169,0.06716970990596481,0.05124632602069214,0.010497629170191891,-10.739990234375,-0.026205964878758814,-0.11285922048589289,0.04363187260342438,0.013380431448774032,0.032236132183784516,-0.1353266019001499,0.11927866017081157,-111.4694230458247,-98.6147298668437,bull,medium,neutral,high,start_week,0
2023-02-22,399.5199890136719,401.1300048828125,397.0199890136719,398.5400085449219,2023,2,22,2,-0.0013781046831931043,-0.03417023459425916,-0.02280304492156937,-0.023329882985811512,0.004480285034609288,-0.0190861931956835,-0.014260287669256022,1.9891046873509595,3.946080230112071,-1.9569755427611115,37.51529763336522,7.139590987212437,15.175367219191733,5.906428745814732,0.057033972417608075,0.052667431660935085,0.010499276360650062,-16.649993896484375,-0.040102106983739616,-0.5793602398250681,0.04142692213632415,0.01031268073723986,0.027919990759681435,-0.1365182123595038,0.11773617700743211,-137.73704626309922,-92.86040901278756,bull,medium,neutral,high,mid_week,1
2023-02-23,401.55999755859375,402.20001220703125,396.25,400.6600036621094,2023,2,23,3,0.005319403502116682,-0.03217548425220618,-0.01519266667796837,-0.01817187460972025,0.009447994915999569,-0.011759820249864106,-0.008354413664480531,1.3922780347261892,3.4353197910348947,-2.0430417563087055,32.18390959671457,21.28380020413784,9.936220441502162,5.795000348772321,0.15347194474457615,0.052439836642738345,0.01057039340446674,-9.989990234375,-0.024327262590665644,-0.009640492231206482,0.18842397227475027,0.014850527012047612,0.025020794179962058,-0.13192500431431486,0.123681866741848,-128.81329087319895,-78.71619979586215,bull,medium,neutral,high,end_week,0
2023-02-24,395.4200134277344,397.25,393.6400146484375,396.3800048828125,2023,2,24,4,-0.01068237093839386,-0.029146649191887364,-0.0231411866100959,-0.02766295152382614,-0.001205958421663933,-0.018948305770195684,-0.017568676215076073,0.5673879850651815,2.8617334298409522,-2.2943454447757707,32.29097081642142,11.991217338810921,13.47153617672037,5.876427786690848,0.02382516308037062,0.058094106153902564,0.0105050146488715,-10.709991455078125,-0.026308657916979783,-0.6195432543938388,0.30703393402422874,0.009107385102913482,0.022454860300960222,-0.14119810342057393,0.11167828022456483,-169.04382623172827,-88.00878266118907,sideways,medium,neutral,high,end_week,1
2023-02-27,399.8699951171875,401.2900085449219,396.75,397.7300109863281,2023,2,27,0,0.0034058380515806785,-0.023400281271862,-0.017317316720301235,-0.02339906281636306,0.0024099649154816216,-0.01323771002481755,-0.013183031543059442,0.022333441764260442,2.293853432225614,-2.2715199904613534,36.224976896405565,17.899346642662152,17.05812139520361,5.923570905412946,0.12269195820605336,0.06201580730988404,0.010526178784508029,-10.30999755859375,-0.025267124161082566,-0.11789010770493706,-0.03524432503099084,0.011414800039009219,0.02007492547842915,-0.1382731632424341,0.11546447641246926,-112.92837947707116,-82.10065335733785,bull,medium,neutral,high,start_week,0
2023-02-28,397.2300109863281,399.2799987792969,396.1499938964844,396.260009765625,2023,2,28,1,-0.0036959776232566854,-0.007091098745230395,-0.016924588432668863,-0.02649104023965354,-0.0011368240360606352,-0.014324315411029631,-0.01560304933154344,-0.5222231603852947,1.7306381137034323,-2.252861274088727,26.355223976177513,12.237264846157574,14.042609609210187,5.510001046316964,0.09288565199808928,0.0650702692490937,0.010193146884405988,-16.569976806640625,-0.04013753202431203,-0.6681038205567033,0.14134835270472057,0.007898866415169669,0.016059565940559573,-0.1414580863484498,0.11134174466811109,-120.94692265401912,-87.76273515384243,sideways,medium,oversold,high,start_week,0
2023-03-01,395.4100036621094,396.69000244140625,393.3800048828125,394.739990234375,2023,3,1,2,-0.003835914535380569,-0.009534847767030508,-0.016327298048317562,-0.02882479532942661,-0.0052246493778042025,-0.01536264647623109,-0.017969417046944325,-1.0641739291163503,1.1716757051394757,-2.235849634255826,28.505792241225052,6.275894896645739,12.137502128488459,5.370714460100446,0.09158656479031736,0.07057749046533637,0.009561804297905516,-17.9000244140625,-0.04337927437626965,-1.2207613460376574,0.171091286917471,0.008385260273803154,0.011286933802762578,-0.14475137975425922,0.10707873271596346,-129.56661706556315,-93.72410510335426,sideways,medium,oversold,high,mid_week,1
2023-03-02,392.67999267578125,398.69000244140625,392.3299865722656,397.80999755859375,2023,3,2,3,0.007777289862108905,-0.007113278284495594,-0.004666305070178622,-0.019705214619645472,0.001777865027849268,-0.0065272140222276676,-0.009573883191912769,-1.2317510248611825,0.6909903591393441,-1.9227413840005267,37.29463092688397,24.119765369266705,14.210975037356645,5.199286324637277,0.22777662716682773,0.07238619672720556,0.009392506425645073,-16.170013427734375,-0.03905988936327753,-0.7109393525605183,0.009538206458566956,0.01598757172562978,0.006474381537422191,-0.13809986333043944,0.11568880492047162,-98.86699130292232,-75.8802346307333,bull,medium,neutral,high,end_week,1
2023-03-03,399.7099914550781,404.45001220703125,399.0299987792969,404.19000244140625,2023,3,3,4,0.016037819365946948,0.019703308598784552,0.01233262782527178,-0.0024359712100168185,0.016606667918039664,0.007947357633693475,0.005840225588668035,-0.8400603140681824,0.3847802244978389,-1.2248405385660213,45.41119453636904,52.20077126727191,27.532143844394756,5.4285736083984375,0.4641269015258743,0.06790523577922443,0.009531086284652707,-4.089996337890625,-0.010017626016751158,-0.19651566668819032,0.076101075169696,0.01340956825996727,0.00422197208238706,-0.12427686462704812,0.13358202044239542,-27.30547360730008,-47.79922873272809,bull,medium,neutral,high,end_week,1
2023-03-06,405.04998779296875,407.45001220703125,404.010009765625,404.4700012207031,2023,3,6,0,0.0006927404874084164,0.016946144490481263,0.01374229892702905,-0.0007732550204919697,0.016087786569565665,0.007305793335886657,0.006049859256177514,-0.5012707056787917,0.20757003846251276,-0.7088407441413045,38.83549037604109,53.433160194442095,43.25123227699354,5.322145734514509,0.4882655151067643,0.0658959492067401,0.009292913943591653,-2.790008544921875,-0.006850681328931629,0.222540765286711,-0.11922403622951727,0.008504963114753171,0.002313692192797978,-0.12367021575541504,0.13436729860375407,7.845218863633495,-46.566839805557905,bull,medium,neutral,normal,start_week,0
2023-03-07,404.4200134277344,404.6700134277344,397.6300048828125,398.2699890136719,2023,3,7,1,-0.015328731891906533,0.005072374699722326,-0.0015918898345921306,-0.014683175098024859,-9.241849020080739e-05,-0.006892025414248937,-0.008683444012804076,-0.7247126335051917,0.02111350406897189,-0.7458261375741635,33.46373819947168,27.335478316801233,44.32313659283839,5.357862200055804,0.27883410279404447,0.0663898697019796,0.009779573239736635,-0.82000732421875,-0.0020546927553766192,-0.41978696757302314,0.27348575258228935,0.01767647259176288,0.0015018621434703672,-0.1371032400669926,0.11697888641651089,-46.619894603702186,-72.66452168319877,bull,medium,neutral,high,start_week,1
2023-03-08,398.3900146484375,399.7099914550781,396.5899963378906,398.9200134277344,2023,3,8,2,0.0016321199989792756,0.01058930763735777,-5.762450141477693e-05,-0.01108473759672901,0.0006251103836276695,-0.004463827180526292,-0.006545552076340444,-0.8396613401277477,-0.15104146477037206,-0.6886198753573757,32.390116203551045,32.021483882639394,37.59670746462755,5.252862112862723,0.32197613543082115,0.06226545875495027,0.00920679792372851,0.3800048828125,0.0009534924340466322,0.012296435670339176,-0.11267672262360007,0.007821104512603495,0.0006827742295669736,-0.13569488900805138,0.11880192999546901,-61.45185229184337,-67.9785161173606,bull,medium,neutral,normal,mid_week,0
2023-03-09,399.739990234375,401.4800109863281,390.5299987792969,391.55999755859375,2023,3,9,3,-0.01844985365837981,-0.015711017918998982,-0.016262481057094047,-0.027027845192160616,-0.018262293382378503,-0.019386909253521933,-0.023074591696338853,-1.5072758509442679,-0.42228834200515125,-1.0849875089391166,31.179678981997952,6.065948839056723,21.80763701283242,5.617863246372768,0.0856347686108964,0.06522710677619696,0.009730950235142408,-9.100006103515625,-0.022712539360904116,-0.6535242749918073,0.3013235754572974,0.027965094175363688,-0.002032871865488395,-0.1516411918220426,0.09816019811433963,-101.08104636854284,-93.93405116094327,sideways,medium,neutral,high,end_week,0
2023-03-10,390.989990234375,393.1600036621094,384.32000732421875,385.9100036621094,2023,3,10,4,-0.01442944614289643,-0.045226251685794305,-0.027900222880729908,-0.0385372371048639,-0.032646995678635604,-0.02852430465404643,-0.03451269834680515,-2.4638704839138654,-0.8306047703868942,-1.6332657135269713,28.236522358056163,6.874172080578,14.987201600758013,5.947147914341518,-0.020850523338343085,0.07398905324672246,0.010009637596468288,-10.470001220703125,-0.026414049880741364,-1.719626471948759,1.0671619839590774,0.022906885683198423,-0.004883009861366583,-0.16388253955449827,0.08231435467937631,-166.098940410783,-93.125827919422,bear,medium,oversold,high,end_week,0
2023-03-13,381.80999755859375,390.3900146484375,380.6499938964844,385.3599853515625,2023,3,13,0,-0.001425250201672501,-0.04724705370352811,-0.02625152229698935,-0.03718735659406425,-0.034446852808192596,-0.025424518865126644,-0.0333189085754142,-3.229137021880547,-1.3103112206856249,-1.918825801194922,33.42990215685104,17.5745829741637,10.171567964599445,6.040006365094866,0.03823932044384771,0.08053383113912824,0.009946818975536146,-12.370025634765625,-0.031101564611856314,-2.4673585856855462,0.6453064788673943,0.025275122280968898,-0.008416270421839678,-0.16507421613362017,0.08077178592709644,-174.20688042875764,-82.4254170258363,bear,medium,neutral,high,start_week,1
2023-03-14,390.5,393.45001220703125,387.04998779296875,391.7300109863281,2023,3,14,1,0.016530065073970368,-0.016420966198181786,-0.009021058060005971,-0.018685364447697195,-0.01889377430118755,-0.00789299941303534,-0.016075839933717084,-3.283755346894452,-1.7050000459273904,-1.5787553009670616,42.79367199468834,41.34331910319376,21.93069138597846,6.324292864118304,0.25772781855157,0.0771255054376705,0.010364524797380866,-4.529998779296875,-0.011431884791948121,-1.5831290265883122,0.4953549875904999,0.016337845543025982,-0.00996258933802785,-0.15127283859437313,0.09863701387858259,-105.49529420029457,-58.65668089680624,sideways,medium,neutral,high,start_week,0
2023-03-15,385.8900146484375,389.489990234375,383.7099914550781,389.2799987792969,2023,3,15,2,-0.006254338800497861,-0.02416528207147428,-0.013856874529963537,-0.021961161269667184,-0.02536436517807439,-0.0119549832297291,-0.020616944033329476,-3.484568337743781,-2.0609137042906687,-1.4236546334531122,38.041223624307776,32.20148875576047,30.37313027770595,6.472150530133929,0.20110353557617916,0.07347414199763623,0.010383451327573378,-5.459991455078125,-0.013831868040114936,-2.363461501588343,0.6574485010504867,0.0148479212839647,-0.011669189137860525,-0.15658106581098874,0.0917657657750186,-133.66602179966537,-67.79851124423952,sideways,medium,neutral,high,mid_week,1
2023-03-16,386.82000732421875,396.4700012207031,386.2900085449219,396.1099853515625,2023,3,16,3,0.01754517723408111,0.011620154820048745,0.003877506657709251,-0.002562188621082817,-0.009022928700749278,0.004548916030559402,-0.003179970564179402,-3.057348038909481,-2.2602005712144315,-0.7971474676950496,49.730681380976264,57.686495867034544,43.743767908662896,6.697865077427456,0.4594734316423861,0.06322244208968283,0.011279477145541457,-1.70001220703125,-0.004273427559549625,-1.6083937075166057,0.32079781593928947,0.025699914297151898,-0.012850607044089468,-0.14178313112806273,0.11092098963364361,-57.84594865266378,-42.313504132965456,sideways,medium,neutral,high,end_week,0
2023-03-17,393.2200012207031,394.3999938964844,388.54998779296875,389.989990234375,2023,3,17,4,-0.015450241961852518,0.010572378361660473,-0.008062893844499874,-0.015706224294097293,-0.024637804014909004,-0.009299364892262463,-0.017228417612526026,-3.1759944461635996,-2.4433593462042653,-0.7326350999593343,42.950815662544116,34.850708793041996,41.579564471945645,6.887150355747768,0.23571825971902327,0.05942985042174658,0.011376536535330982,-14.20001220703125,-0.035132022368835725,-2.1933351445581586,0.25868960641266914,0.015000400651308783,-0.016709638209472133,-0.15504278940787763,0.09375699154330319,-77.05912674479562,-65.149291206958,sideways,high,neutral,high,end_week,1
2023-03-20,390.79998779296875,394.1700134277344,390.07000732421875,393.739990234375,2023,3,20,0,0.009615631410812231,0.02174591343511567,0.004215885222765614,-0.00454321411034142,-0.015965897018753172,0.00019194097728725268,-0.007206419162951061,-2.9336120649961117,-2.541409889962635,-0.39220217503347676,47.796419662289885,48.843236546369035,47.126813735481825,6.962151663643973,0.4152072668255426,0.05358022958163154,0.011679793539845716,-10.730010986328125,-0.026528570608313595,-1.701904851488876,-0.16807762813644467,0.010412978628548964,-0.020097055362793714,-0.1469179923129158,0.10427415562698239,-45.49688802901381,-51.156763453630965,sideways,high,neutral,high,start_week,1
2023-03-21,397.239990234375,399.4100036621094,395.5799865722656,398.9100036621094,2023,3,21,1,0.013130526631691453,0.018328931852075625,0.017235722395383846,0.008550605229524777,-0.0035843977812306527,0.011251923335502845,0.005395340024442197,-2.2978571389061244,-2.4926993397513333,0.19484220084520887,53.42758998856659,68.1343182457415,50.60942119505082,7.130724225725446,0.6597685172317329,0.05351871180679918,0.011272876120328172,0.6400146484375,0.0016069868835020262,-1.2375216042390813,-0.1850009659414692,0.009601205922847468,-0.020467350603444512,-0.13571657629196376,0.11877385683613095,41.13450112610982,-31.86568175425851,bull,high,neutral,high,start_week,0
2023-03-22,398.7300109863281,402.489990234375,392.07000732421875,392.1099853515625,2023,3,22,2,-0.017046497325513887,0.007269797012792623,0.0016348385377107366,-0.007835178259319897,-0.020777699100386182,-0.005070067791166255,-0.010882734016925966,-2.3160237470683,-2.4573642212147266,0.1413404741464266,45.585500584730084,42.76113293015237,53.24622924075427,7.420721871512277,0.35379290591156104,0.05358959021906585,0.011903274835425462,-6.810028076171875,-0.017071161754098174,-1.7129596747104412,-0.01718012615305653,0.02657413302243191,-0.022375956561991206,-0.1504495813626887,0.09970268127771909,5.060773516868405,-57.23886706984763,sideways,high,neutral,high,mid_week,1
2023-03-23,395.0899963378906,399.2900085449219,390.3500061035156,393.1700134277344,2023,3,23,3,0.0027033947508923184,-0.007422110102119239,0.003929762293038319,-0.004209349247650929,-0.01825747512211695,-0.002014905097039499,-0.007605327793192784,-2.2193027673631605,-2.4097519304444135,0.19044916308125304,40.69888382381654,46.716458870189925,52.53730334869457,7.5850067138671875,0.4193470771642252,0.052190907652807365,0.01184736302787124,1.610015869140625,0.004111798649451437,-1.1398858316027072,0.03914377575112371,0.022738261149332143,-0.022100388143168836,-0.14815291122032626,0.10267561173382744,-12.51227626156485,-53.283541129810075,sideways,high,neutral,high,end_week,1
2023-03-24,391.8399963378906,395.8399963378906,389.3999938964844,395.75,2023,3,24,4,0.006562012575101583,0.014769634887714433,0.007984931017284369,0.0024050147861847115,-0.011826619192941257,0.00383369069767725,-0.0010123240835760994,-1.912422127728405,-2.310285969901212,0.3978638421728071,42.91519116588902,62.86425406053707,50.780615286959765,7.799292428152902,0.5461494877314376,0.05211357491507606,0.011722997451879845,9.839996337890625,0.025498163417671416,-0.6377323866381884,-0.06224362877849898,0.01627290572686355,-0.019654609509123566,-0.14256307991169048,0.1099113829642826,-21.191577823363147,-37.13574593946293,sideways,high,neutral,high,end_week,1
2023-03-27,398.1199951171875,398.9200134277344,395.55999755859375,396.489990234375,2023,3,27,0,0.0018698426642451693,0.006984304536511665,0.007014978438077746,0.004437095238438049,-0.00995565260047393,0.0048278906213012895,0.0007921958037599985,-1.5911640337883455,-2.166461582678639,0.5752975488902936,48.41298561791174,72.5274679209058,60.70272695054424,7.536435808454241,0.5856252221167023,0.0518199559516529,0.01170442958001413,11.1300048828125,0.02888209805348274,-0.29135183479365473,-0.3536667402859064,0.008474402764000263,-0.01685241173361085,-0.14095980777661044,0.11198674262168051,39.02641953498181,-27.472532079094197,bull,high,neutral,normal,start_week,0
2023-03-28,395.7699890136719,396.489990234375,393.69000244140625,395.6000061035156,2023,3,28,1,-0.002244657249312332,-0.008297604793579993,0.003767960568422213,0.0022662678045639595,-0.01203487880866494,0.0021757820451939747,-0.0013466632623105879,-1.392329058561529,-2.0116350778552174,0.6193060192936883,47.05255389337067,68.4524483234193,67.94805676828737,7.513578142438616,0.5438001780656858,0.051741063727305074,0.011685386217571831,3.8699951171875,0.009879240825698687,-0.5577689815518452,-0.4427738106163741,0.007077825454421465,-0.015743518420470615,-0.1428880585715353,0.10949071351871553,10.239750467273609,-31.54755167658069,sideways,high,neutral,normal,start_week,1
2023-03-29,399.92999267578125,401.6000061035156,398.67999267578125,401.3500061035156,2023,3,29,2,0.014534883496678752,0.02356486979965222,0.015248352173357516,0.015983372633816995,0.0021458818666924007,0.014130157744555172,0.012181309011501495,-0.7619902140555155,-1.7617061050952771,0.9997158910397617,58.947175244137604,94.78029156588458,78.58673593673653,7.160005841936384,0.7968494854104983,0.05384335637878701,0.01208471778507402,12.07000732421875,0.03100597863252119,-0.19769633755352206,-0.3063160427399666,0.007275478717648877,-0.012905679953694515,-0.13043003635926043,0.12561703178035688,94.4814987973174,-5.219708434115416,bull,high,neutral,normal,mid_week,1
2023-03-30,404.0899963378906,404.3500061035156,401.760009765625,403.70001220703125,2023,3,30,3,0.005855253688247242,0.026782303888066794,0.019235995808605244,0.02117092649051644,0.007399435172720903,0.01692847475068615,0.016744103081176354,-0.0719864704833526,-1.4237621781728924,1.3517757076895398,67.3020678437972,97.25741113208568,86.83005034046316,6.742863246372768,0.8714513276547,0.056995156334982804,0.01203468860145804,7.59002685546875,0.019161412577701986,0.11202457050328965,-0.37055523355293907,0.006415645924138308,-0.011613169751225172,-0.11990407354769395,0.1322078050572426,123.62008437899506,-2.742588867914324,bull,medium,neutral,normal,end_week,1
2023-03-31,404.6600036621094,409.70001220703125,404.54998779296875,409.3900146484375,2023,3,31,4,0.014094630342711634,0.03446624042561597,0.028563850621976083,0.03488333206880867,0.020541487499143196,0.02632559971227133,0.028706824822656962,0.9233384404101912,-0.9543420544562756,1.8776804948664667,71.24669190818076,98.8072438973699,96.94831553178001,6.475718906947544,1.0601463415798025,0.062275390338934984,0.011912452033752007,19.4000244140625,0.04974492910036887,0.5972570827573839,9.406342016382574e-05,0.01257975092158774,-0.007799577165755522,-0.10378715939462424,0.1481658555406573,178.8562156282643,-1.1927561026300988,bull,medium,overbought,high,end_week,1
2023-04-03,408.8500061035156,411.3699951171875,408.44000244140625,410.95001220703125,2023,4,3,0,0.003810541299922532,0.03647008078087555,0.02803810380016536,0.037976663556297696,0.02366118474033274,0.025466230512472876,0.030137122725370835,1.8170732790846387,-0.4000589877480928,2.2171322668327313,68.57363114797127,98.48162380856235,98.18209294600597,6.107145036969866,1.0536857802715842,0.06858883668218814,0.011932640641206005,17.21002197265625,0.04370910346803214,0.8744177291289085,-0.39711931689786406,0.007129803111686386,-0.00425754555561042,-0.10037210335197655,0.1525409889523559,197.0494424851414,-1.518376191437647,bull,medium,neutral,normal,start_week,0
2023-04-04,411.6199951171875,411.9200134277344,407.239990234375,408.6700134277344,2023,4,4,1,-0.0055481170740256935,0.033038440653609946,0.019844399178610583,0.03086389234267717,0.017574206102812573,0.016683474587424474,0.022571945888772982,2.3147052497365053,0.1428938597488268,2.1718113899876785,68.79970127455401,87.31954982115727,94.86947250902982,5.868573869977679,0.9159723048212435,0.07419698856139066,0.01142371123600436,9.760009765625,0.02446669593649009,0.5598059919629799,-0.3928559073037653,0.011451838988883752,-0.0022260190648951683,-0.1053633442456392,0.14614655661303488,159.6294767402593,-12.680450178842737,bull,medium,neutral,normal,start_week,0
2023-04-05,407.9100036621094,408.70001220703125,405.8800048828125,407.6000061035156,2023,4,5,2,-0.0026182672793729767,0.015572442768041261,0.013257360306732524,0.027040454929324387,0.01453605352715126,0.01183882951819304,0.018393800248841075,2.592852730796949,0.6328856339584512,1.9599670968384977,62.540944891856185,81.51475145242358,89.10530836071437,5.342860630580357,0.846032273271445,0.07814431490357662,0.011457706709037965,15.490020751953125,0.039504275153984914,0.25487141174985195,-0.4030326853709443,0.006918565461214861,0.001261962923251314,-0.09629069639120147,0.1431456385864891,119.09266206018498,-18.485248547576422,bull,medium,neutral,normal,mid_week,1
2023-04-06,406.7699890136719,409.4800109863281,405.67999267578125,409.19000244140625,2023,4,6,3,0.003900874175862601,0.013599182730664738,0.01317505431246091,0.028761787232282288,0.018045626260742242,0.01332492682497044,0.020675399574984654,2.9080636818777634,1.0879212435423136,1.8201424383354499,73.25581223422816,87.87740400251512,85.5705684253653,5.074290684291294,0.8525700417146754,0.08157751320107465,0.010496157203554781,16.019989013671875,0.04074570406325351,0.5332992325937919,-0.4032026062985642,0.009286684151309432,0.004807236348299604,-0.08819659857214701,0.14760490588730102,109.16010165625119,-12.122595997484877,bull,medium,overbought,normal,end_week,1
2023-04-10,406.6099853515625,409.69000244140625,405.9700012207031,409.6099853515625,2023,4,10,0,0.0010263762742257487,0.0005373133082249293,0.010746271893691484,0.026758706869236093,0.018844138756841877,0.01212817940543287,0.02008157225439633,3.1553864120888306,1.501414277251617,1.6539721348372136,70.90907775024004,89.74233537867782,86.37816361120548,5.041431971958706,0.8326870564115535,0.0804320647694032,0.009745055393740943,13.8599853515625,0.03502207290350601,0.8090662006481946,-0.36654947319637665,0.009081812831077105,0.008011770202207558,-0.08726074519416305,0.1487827803348889,98.43395787478211,-10.257664621322174,bull,medium,overbought,normal,start_week,1
2023-04-11,410.260009765625,411.17999267578125,408.9200134277344,409.7200012207031,2023,4,11,1,0.0002685868828276039,-0.0029930914948080867,0.007727902623933858,0.023908354512728325,0.018913007369833812,0.01047234973605482,0.01881935787917066,3.3219751570906055,1.865526453219415,1.4564487038711906,66.43355540297289,90.23086012879166,89.28353316999484,4.797858101981027,0.8108254999851947,0.07691889666023886,0.009711604734794283,13.230010986328125,0.03336783099746743,1.0620510607703781,-0.3797663194699398,0.005515911454929182,0.011099330202900992,-0.0845677893605975,0.149091328320905,100.62918678598275,-9.769139871208344,bull,low,neutral,low,start_week,0
2023-04-12,411.8699951171875,412.1700134277344,407.44000244140625,408.04998779296875,2023,4,12,2,-0.004075987071070042,-0.0015171791773150867,0.0005565739064941067,0.017659688266466134,0.014383556386318386,0.005370938623663113,0.013565506011031125,3.281415693473946,2.148704301270321,1.1327113922036247,78.71036893716196,81.90591962773144,87.29303837840028,4.391431535993304,0.7323292112316548,0.07601148462066531,0.009297640913018735,12.449981689453125,0.03147113624208431,0.6691877103461208,-0.0651102985164077,0.011591743972133086,0.013819291023034586,-0.08311616942686484,0.1444076469231903,84.05577997726391,-18.094080372268564,bull,low,overbought,high,mid_week,1
2023-04-13,409.17999267578125,413.8399963378906,407.989990234375,413.4700012207031,2023,4,13,3,0.013282719249790409,0.014401361700904225,0.010842586866373294,0.028075844044896714,0.02750023867417717,0.015798717082122993,0.024976302301299436,3.6446090288246182,2.4478852467811807,1.1967237820434375,81.60023486757345,98.48610850970843,90.20762942207715,4.170717511858259,0.8721026810164083,0.0754518724998349,0.00940121975489006,12.1199951171875,0.030198068849814685,1.0401821489103449,-0.025717916665223828,0.014148562377547176,0.016478977067480693,-0.07093745892068959,0.1596084924045842,98.46887261489934,-1.5138914902915652,bull,low,overbought,high,end_week,0
2023-04-14,412.80999755859375,415.0899963378906,410.05999755859375,412.4599914550781,2023,4,14,4,-0.0024427643181926806,0.007991370742593151,0.006218398282300308,0.023484081151982972,0.024905738548927525,0.011245495523672266,0.020773315233741707,3.807057626171172,2.719719722659179,1.087337903511993,77.34857846109585,87.71025405178007,89.36742739640663,4.070002964564732,0.8042507118033263,0.07718661038717158,0.008825182971993346,8.759979248046875,0.021699229584254853,0.712375571134121,-0.07856019541316639,0.012195119244298154,0.018571853087290036,-0.07320693974540748,0.15677584215626506,96.47398784703249,-12.289745948219926,bull,low,overbought,normal,end_week,1
2023-04-17,412.3699951171875,413.9599914550781,411.0899963378906,413.94000244140625,2023,4,17,0,0.003588253447581513,0.010571073080963389,0.00870930357779609,0.02411345340476978,0.028728554766354275,0.012557042908637461,0.02258514551466906,4.009010450623691,2.9775778682520815,1.0314325823716097,77.88429278112419,94.62619521273183,93.60751925807342,4.035001482282366,0.8245522212828419,0.07429760705213391,0.00780466219002422,4.54998779296875,0.011114066367436948,1.04344090973896,-0.18100630489197733,0.006933360149442796,0.01984640284128636,-0.06988137135175432,0.1609266470599613,93.43342508992563,-5.373804787268177,bull,low,overbought,normal,start_week,1
2023-04-18,415.5799865722656,415.7200012207031,412.7799987792969,414.2099914550781,2023,4,18,1,0.0006522418999843627,0.010958679637307789,0.00856601340834895,0.022193022707597487,0.029304376320105963,0.011161321265321433,0.021492720638967233,4.143086454340846,3.2106795854698342,0.9324068688710119,80.33902622497999,91.13844478631438,91.15829801694206,4.045002528599331,0.8037303683684807,0.07306817170376992,0.007661627188080076,3.259979248046875,0.007932787811682829,1.3322554018277866,-0.20195628689194367,0.007097854957767475,0.020562226602970357,-0.06927470901019406,0.1616838520619821,99.06975742275411,-8.861555213685623,bull,low,overbought,normal,start_week,0
2023-04-19,412.2200012207031,415.0799865722656,412.1600036621094,414.1400146484375,2023,4,19,2,-0.0001689404120717164,0.01492470784868316,0.007054331536031855,0.02010331265894716,0.028910085631937088,0.009283952103255277,0.019709751897835304,4.19533490054863,3.4076106484855937,0.7877242520630365,75.5902319407283,88.68203768354826,91.48222589419812,3.8250013078962053,0.7719830593862382,0.07391384119405303,0.007263156826319768,5.470001220703125,0.013384885215392384,1.0788370609593427,-0.2904103775521276,0.007050714267818377,0.021702656362710293,-0.06943194612437942,0.1614875967133178,87.93618552205723,-11.31796231645174,bull,low,overbought,low,mid_week,0
2023-04-20,411.2099914550781,413.70001220703125,410.2699890136719,411.8800048828125,2023,4,20,3,-0.005457115192173623,-0.0038454938283223328,0.0005174245025254542,0.012072236764968824,0.02346353428735748,0.0031933683877070074,0.013083585973409972,4.008174529230757,3.5277234246346265,0.48045110459613083,66.42567199886264,65.62227643920124,81.81425296968793,3.88714599609375,0.6792361613915968,0.06735380110374818,0.0060295418022361155,4.279998779296875,0.010500487525041624,0.7603006517322001,-0.0025541659616696855,0.008327724465127362,0.022934243045533265,-0.07382336174828652,0.15514922510377227,64.35312427596143,-34.377723560798756,bull,low,neutral,normal,end_week,1
2023-04-21,412.19000244140625,412.67999267578125,410.1700134277344,412.20001220703125,2023,4,21,4,0.0007769430912525355,-0.0006303138569384581,0.00056318194584426,0.010495992140452826,0.024179813077904955,0.003359540344266332,0.012830053080460369,3.841389357859782,3.5904566112796577,0.25093274658012454,57.194043377711104,64.9403783082212,73.08156414365688,3.6378587995256697,0.6749578133379954,0.059991559909222364,0.0060411564232874205,3.010009765625,0.00735601981393974,1.102029577502743,-0.0038311682235576683,0.006089226525268066,0.02360333815814819,-0.05903297606648861,0.1560467103135823,59.10788511046931,-35.0596216917788,bull,low,neutral,normal,end_week,1
2023-04-24,411.989990234375,413.07000732421875,410.6000061035156,412.6300048828125,2023,4,24,0,0.0010431651214151128,-0.0031647039446959235,0.0008732230359798088,0.009461488767146031,0.024966027010855818,0.003725805912632607,0.012844752285800842,3.701242108182896,3.6126137106603053,0.08862839752259077,54.56519143120617,69.22317023869954,66.59527499537397,3.6050022670200894,0.6763674873710752,0.05364644531811685,0.005965814938681034,3.02001953125,0.007372914819588683,1.3688335334287425,-0.10116044041840433,0.005985995180851206,0.024071783938623748,-0.03972540572327088,0.15725265792050802,63.212208757720035,-30.776829761300462,bull,low,neutral,normal,start_week,0
2023-04-25,410.5799865722656,411.1600036621094,406.0199890136719,406.0799865722656,2023,4,25,1,-0.015873829418699414,-0.019627737260157874,-0.014144035743705818,-0.00772651945358005,0.008794120685714502,-0.010348575616662026,-0.0029942101440210145,3.0267521515186218,3.495441398831969,-0.46868924731334705,44.287556606161125,3.983999562298057,46.04918270307291,3.74285888671875,0.3324652208278209,0.046118898367003044,0.007195594830539175,-3.6400146484375,-0.008884151707489463,0.9280673676131663,0.34368358749926653,0.012657640904257634,0.023267249234247167,-0.054968640827930404,0.13888262663434148,-23.76603179368673,-96.01600043770195,bull,low,neutral,high,start_week,0
2023-04-26,406.7200012207031,407.8399963378906,403.7799987792969,404.3599853515625,2023,4,26,2,-0.004235621743444495,-0.023615272494683315,-0.017439535615683788,-0.012985785138924344,0.004944158816172939,-0.012330969644769318,-0.006686120300261278,2.326604627676886,3.2616740446009524,-0.9350694169240663,43.05314002075506,4.857507987220448,26.02155926273932,3.8314296177455356,0.1383037154395938,0.035902456545017725,0.007259541198980076,-3.69000244140625,-0.009043015688750433,0.5853684996347207,0.09245138189389523,0.010040552244713008,0.022780984217477762,-0.05897143620107648,0.13405875061773798,-101.04444057182477,-95.14249201277956,bull,low,neutral,high,mid_week,1
2023-04-27,407.0,412.69000244140625,406.739990234375,412.4100036621094,2023,4,27,3,0.01990804877378749,0.0012867795790370007,0.0023795093389435973,0.005306745054775908,0.024962354327079384,0.0061966666569164275,0.012107539806398337,2.3937086878709692,3.0880809732549563,-0.6943722853839871,55.406304152452314,72.27808306709265,27.03986353887036,4.155000959123884,0.6726293072907277,0.030740695992243463,0.007856939718389869,-1.05999755859375,-0.0025636625522148515,1.01832454331004,0.2493653620023517,0.014427419689620672,0.022529236459580826,-0.040237393655440434,0.15663564753737624,20.190380456268624,-27.721916932907348,bull,low,neutral,high,end_week,1
2023-04-28,411.489990234375,415.94000244140625,411.42999267578125,415.92999267578125,2023,4,28,4,0.008535168842693341,0.009048957686290882,0.010083085543866943,0.01237814290879724,0.03361039759673834,0.012481761325680907,0.019179829714204732,2.6998012069156516,3.010425019987095,-0.3106238130714436,59.6106974663407,99.91768287326927,59.01775797586077,4.211430140904018,0.9236059879628267,0.029220887476886937,0.007959297341249378,3.470001220703125,0.008412940145931858,1.4267762701291475,0.1862388069421812,0.010843194395794791,0.023292452264165542,-0.03204565776138624,0.1665077280785856,123.80196497741218,-0.08231712673073013,bull,low,neutral,high,end_week,0
2023-05-01,415.4700012207031,417.6199951171875,415.2699890136719,415.510009765625,2023,5,1,0,-0.0010097442299229487,0.006979630295257833,0.008678575867494764,0.010603195842316726,0.03219580620331475,0.00967936239736722,0.016783655489860605,2.875347407557456,2.9834094975011674,-0.10806208994371147,58.72251099008709,84.75443706740108,85.65006766925431,4.217860630580357,0.8456257619512006,0.030678256685662653,0.0074006759964734,1.57000732421875,0.003792837887033995,1.1293593951961984,-0.14778543535275468,0.005655714780111273,0.02331489029158207,-0.033023044073290486,0.16532985363099773,154.06794491509433,-15.245562932598911,bull,low,neutral,normal,start_week,0
2023-05-02,414.7699890136719,414.82000732421875,407.82000732421875,410.8399963378906,2023,5,2,1,-0.011239232071373118,0.011721852647318176,-0.0018416142904459365,-0.0007418389063711395,0.020413221571304874,-0.0014123041787176271,0.004957096376704051,2.607579429123632,2.9082434838256606,-0.3006640547020285,53.85466427743228,51.011556551248155,78.56122549730614,4.429288591657366,0.4758226214699552,0.030683182026922284,0.007827837271065122,-3.3699951171875,-0.008135958056803672,0.644850746341775,0.3917402504178291,0.017038263222655982,0.022295896303000662,-0.043891122488620704,0.1522324409663398,6.462402175711932,-48.988443448751845,bull,low,neutral,high,start_week,0
2023-05-03,411.3599853515625,413.8699951171875,407.7699890136719,408.0199890136719,2023,5,3,2,-0.006864003868551016,0.009051349774204853,-0.007216814032730667,-0.007522294923961947,0.01295975964549645,-0.007003734475683587,-0.0017974186241540568,2.1431158483146646,2.7552179567234614,-0.6121021084087968,41.88745482329983,30.63577569574143,55.46725643813019,4.447145734514509,0.257173205144996,0.030978026656628514,0.007882402833553832,-6.120025634765625,-0.014777672811840947,0.22044288264387754,0.20480927025441265,0.014950262898299394,0.02032324274163555,-0.050453857522614776,0.14432351303407698,-32.79751387904338,-69.36422430425857,bull,low,neutral,high,mid_week,0
2023-05-04,406.92999267578125,407.2699890136719,403.739990234375,405.1300048828125,2023,5,4,3,-0.007082947425800068,-0.01765233315063186,-0.012626991893564532,-0.014255840309342127,0.005456024146904381,-0.01190323046736863,-0.008216170063086281,1.52425686318702,2.509025738016173,-0.984768874829153,39.667343783474045,10.01451123521393,30.553947827401146,4.393574305943081,0.06532556866545111,0.03279659276386126,0.008020964313762105,-6.75,-0.016388268233415437,-0.21831159495227,0.22521870490649598,0.008713249418092246,0.018314270181588155,-0.05717944292815336,0.13621832975314963,-157.88151459964993,-89.98548876478607,bull,low,neutral,high,end_week,1
2023-05-05,408.9100036621094,413.7200012207031,408.6400146484375,412.6300048828125,2023,5,5,4,0.018512575986983304,-0.007933998151321342,0.005546447926095821,0.003572825129061208,0.02346152006967195,0.00540075661189543,0.009385820779770127,1.620315984660408,2.33128378734502,-0.7109678026846118,48.42130890945788,64.04907435908711,34.8997870966808,4.802145821707589,0.6092723491676844,0.0326965161477256,0.009023928595891158,0.42999267578125,0.0010431651214151128,0.1871383751225389,0.11729892002793885,0.012311238911742127,0.017816255211805743,-0.03972540572327088,0.15725265792050802,18.714197948560734,-35.950925640912885,bull,low,neutral,high,end_week,1
2023-05-08,412.9700012207031,413.239990234375,411.2799987792969,412.739990234375,2023,5,8,0,0.0002665471494098792,-0.006666553070075243,0.005787515791256359,0.0034583781611523534,0.02290416700608655,0.004792449397111209,0.00893330527877989,1.6858846009290573,2.2022039500618273,-0.51631934913277,48.22162872212308,64.84147574864782,46.30168711431626,4.732145036969866,0.6059116356930643,0.032653429800430886,0.009023005598458714,0.1099853515625,0.0002665471494098792,0.40309273688450564,-0.3582330468279393,0.004748731650560783,0.017018158354614732,-0.03946944726751567,0.15756112031762393,37.66016048922645,-35.15852425135218,bull,low,neutral,low,start_week,0
2023-05-09,411.1300048828125,412.0899963378906,410.69000244140625,410.92999267578125,2023,5,9,1,-0.004385321513347806,0.00021905447057934957,0.00019470786937647588,-0.001089036550482092,0.017752511190871623,0.00032669028444654025,0.004173428680001479,1.5736563941756572,2.0764944388845934,-0.5028380447089362,46.27348336802903,51.80115210412911,60.230567403954645,4.670002528599331,0.46644933923242327,0.03245946653707937,0.009086878336567109,4.850006103515625,0.011943474842123214,0.17331940403797097,-0.3647292647995226,0.003406891493532216,0.01755438534452658,-0.04368168256464122,0.15248484263368,-2.6023778709303733,-48.19884789587089,bull,low,neutral,low,start_week,1
2023-05-10,413.8800048828125,414.5400085449219,408.8699951171875,412.8500061035156,2023,5,10,2,0.0046723613801760155,0.01183769722047101,0.0027957490370593696,0.0029930829996007713,0.02166824173994586,0.004228005687037184,0.008203214738029319,1.6209583700806434,1.9853872251238034,-0.36442885504316,51.13503507056608,65.63409700540873,60.75890828606185,4.798573085239956,0.5945369852890141,0.03166044475028005,0.009081453453381088,8.490020751953125,0.020996194132739454,0.5948664327939085,0.23315367165753487,0.013733833944313201,0.01881987704974719,-0.03921341779110121,0.15786966830364002,22.24221662472804,-34.365902994591266,bull,low,neutral,high,mid_week,0
2023-05-11,411.95001220703125,412.42999267578125,409.9700012207031,412.1300048828125,2023,5,11,3,-0.001743977740241598,0.017278404254517765,0.0011149819595195343,0.0014068862252836212,0.019009422264085973,0.0020948324643719207,0.005964680942060596,1.582109867840984,1.9047317536672397,-0.3226218858262557,49.91884150673184,60.4467701508289,59.29400642012221,4.825003487723214,0.5447927086437713,0.03140882228115287,0.008587184322664084,-0.279998779296875,-0.000678933044326202,0.25079125567659427,-0.09101939664177638,0.005968969562838827,0.017874510547770228,-0.04088900820359631,0.1558503693760176,2.310114626946474,-39.5532298491711,bull,low,neutral,normal,end_week,0
2023-05-12,413.4200134277344,413.6400146484375,409.07000732421875,411.5899963378906,2023,5,12,4,-0.001310286896183177,-0.0025204384863316553,0.0008583780802577934,0.0002004742152392769,0.016981223039101323,0.0006614441437100549,0.004300907261395315,1.4905656603051511,1.821898534994822,-0.3313328746896709,48.79740050208591,56.55622004309397,60.87902906644384,4.975003923688616,0.5063959789745969,0.031343788970465934,0.008574838231511362,-4.339996337890625,-0.010434439483361979,-0.0851382979391464,-0.08225032691206524,0.011103300286402124,0.016109017331471742,-0.042145718768132445,0.15433587378307556,1.5787222685174653,-43.44377995690603,bull,medium,neutral,normal,end_week,1
2023-05-15,412.2200012207031,413.42999267578125,410.2300109863281,413.010009765625,2023,5,15,0,0.0034500678839837207,0.0006542121859736127,0.004922321767622195,0.003764657414335959,0.02004528030762165,0.00347870102189507,0.0071864341544121135,1.5151339117666112,1.7605456103491801,-0.24541169858256895,59.09212845404628,66.78686073611539,61.26328364334606,4.7314300537109375,0.6212365225383027,0.031052172526199514,0.008571789873083673,-2.5,-0.00601670222435835,0.16160462131411016,-0.28745488712059486,0.007747951898960151,0.015048883095161836,-0.03884105647491798,0.15831841090854493,32.1214745274501,-33.213139263884614,bull,low,neutral,low,start_week,0
2023-05-16,411.8599853515625,412.82000732421875,410.239990234375,410.25,2023,5,16,1,-0.006682670396272572,-0.0016547652590492845,-0.0016499237777203302,-0.002463145206543116,0.01293945270225838,-0.002732078020597717,0.0004219664841000892,1.2969443393089364,1.6678253561411314,-0.370881016832195,57.52236395326722,46.902071149025986,56.74838397607842,4.639288766043527,0.4192710357686729,0.030511294552039943,0.008694943769211145,-0.589996337890625,-0.0014360732721976355,-0.10016476278659635,-0.23969769994242285,0.006288889920399147,0.0146134876206796,-0.04526416489292573,0.15057775075450897,-3.546356289163787,-53.097928850974014,bull,low,neutral,low,start_week,1
2023-05-17,412.3500061035156,415.8599853515625,410.6400146484375,415.2300109863281,2023,5,17,2,0.01213896645052559,0.0057648173613342735,0.008699180352874203,0.009512142513385502,0.024377561711457663,0.00792019067164862,0.011624416043844343,1.5084839342778764,1.6359570717684806,-0.12747313749060418,53.90799056053186,82.78110021546986,65.49001070020371,4.445000784737723,0.8058062868040057,0.031105124138543376,0.00913965017399988,7.21002197265625,0.017670756744259997,0.29402745945626935,0.12626810321429693,0.012571275112619143,0.015543168532266227,-0.03367465862144636,0.16454457546963908,105.15422343034949,-17.218899784530144,bull,low,neutral,high,mid_week,1
2023-05-18,414.8999938964844,419.6700134277344,414.6700134277344,419.2300109863281,2023,5,18,3,0.009633215071565893,0.017227588429370666,0.014939774367971115,0.018327144211692348,0.03321023080319807,0.014877090132808357,0.01975540591398839,1.9761177031648458,1.7039891980477537,0.2721285051170921,54.51315067875684,97.23790457763005,75.64035864737527,4.480000087193081,1.0159232329409165,0.03552300621784791,0.009272495257581377,14.100006103515625,0.034803657921101516,0.7280843642470161,0.236855879800822,0.011926627075758322,0.018001517820704693,-0.024365838778842352,0.1757628838255636,216.71818642346176,-2.762095422369946,bull,low,neutral,high,end_week,0
2023-05-19,420.1700134277344,420.7200012207031,417.3500061035156,418.6199951171875,2023,5,19,4,-0.0014550863563069782,0.017080101173123863,0.011995400518551858,0.016053153025070932,0.030332552473734564,0.011315435219543035,0.016895256945765436,2.271315342182845,1.817454426874772,0.45386091530807304,54.23126555978695,87.63248089058071,89.21716189456019,4.5528564453125,0.9163028812892818,0.03856123449195117,0.009287796446335152,5.989990234375,0.014516613342445028,0.23409450428262465,0.2960437396796791,0.008050248809171457,0.018119797724166053,-0.02578547073558224,0.17405204729505686,200.98285413930503,-12.367519109419286,bull,low,neutral,high,end_week,1
2023-05-22,418.6400146484375,420.3900146484375,417.3500061035156,418.7900085449219,2023,5,22,0,0.0004061283018428341,0.013994815240862879,0.010927852514460046,0.01570649700693072,0.029085399582563953,0.009904267032142533,0.01600563382654574,2.49027393288884,1.9520183280775858,0.5382556048112543,62.3255769940479,88.63373717876136,91.16804088232402,4.220714024135044,0.8807824243242376,0.04124795684781047,0.00928806103970464,6.050018310546875,0.014658183005507475,0.4862237378234372,-0.23978340133146225,0.007259028350471704,0.01796126896982897,-0.025389814643181574,0.17452886305929982,163.1742171286993,-11.366262821238639,bull,low,neutral,normal,start_week,0
2023-05-23,417.0799865722656,418.7200012207031,413.67999267578125,414.0899963378906,2023,5,23,1,-0.011222837486886017,0.009360137325754136,-0.0011795280603983382,0.003332802480214836,0.016101451735830885,-0.0012100329847877234,0.004260739518947343,2.258513747463496,2.013317411954768,0.24519633550872832,58.89246352293598,60.95406011132259,79.07342606022154,4.150000435965402,0.5858897242936062,0.03880327370503488,0.008899175586426484,3.160003662109375,0.0076898832366383285,0.03583809677808014,0.08882795973718194,0.012171287858906185,0.01730138726799546,-0.03632770636650495,0.16134731650552836,70.67707534136159,-39.04593988867741,bull,low,neutral,high,start_week,0
2023-05-24,412.4200134277344,412.82000732421875,409.8800048828125,411.0899963378906,2023,5,24,2,-0.007244801918740551,-0.00997041287695799,-0.007994649093696293,-0.004747608973312056,0.007782486133707023,-0.0071559717423851366,-0.002792226002822029,1.8118809668885092,1.9730301229415164,-0.16114915605300717,58.70323776113457,20.281327920330842,56.6230417368049,4.144999912806919,0.3606402236552549,0.034067283242242875,0.009017267453157524,-1.760009765625,-0.004263073124876504,-0.4415978544398864,0.11832268332160023,0.0071517246043363925,0.01590428440026992,-0.04330932124845799,0.15293358523858513,-42.32069032885892,-79.71867207966916,bull,low,neutral,high,mid_week,1
2023-05-25,414.739990234375,416.1600036621094,412.4100036621094,414.6499938964844,2023,5,25,3,0.008659898295524604,-0.010924831166233218,-1.2077352372852346e-05,0.003599047849022874,0.015246929405137832,0.001219846483907716,0.005408299658407945,1.7252951922872057,1.9234831368106544,-0.19818794452344868,53.3333064752491,48.77633588376028,43.33724130513787,3.8935721261160716,0.6052506576033375,0.03419501531844735,0.008067764860260293,2.519989013671875,0.0061145487681451005,-0.032028498859930754,0.14166916224595605,0.009043771988903422,0.015259191048137888,-0.03502447727019309,0.16291787282824588,35.103091989254374,-51.22366411623972,bull,low,neutral,high,end_week,1
2023-05-26,415.3299865722656,420.7699890136719,415.25,420.0199890136719,2023,5,26,4,0.012950669712364915,0.003344307278233316,0.010883296437244727,0.016093400433233818,0.027192373306748507,0.011977662808097866,0.017040636211386406,2.066171529884741,1.952020815425472,0.11415071445926928,60.23619310472669,93.69747575902898,54.25171318770666,4.190715244838169,0.9367137215641644,0.03685114444215896,0.008360053360383176,8.42999267578125,0.020481529558023404,0.4497389186184666,0.17443016574510262,0.013142205509395878,0.016133491301106195,-0.022527397994802745,0.17797843810185054,128.64129731812878,-6.302524240971024,bull,low,neutral,high,end_week,1
2023-05-30,422.0299987792969,422.5799865722656,418.739990234375,420.17999267578125,2023,5,30,1,0.00038094297008361977,0.0033190479775027093,0.009526310421169804,0.015906618295979502,0.026068539977853078,0.010441283057348816,0.016116296865883895,2.3224575961492633,2.0261081715702303,0.296349424579033,63.63900623309209,82.49456314872154,74.98945826383691,4.318572998046875,0.9031229088325392,0.03945848263013801,0.008352418445091114,7.16998291015625,0.01736031268158622,0.8602582656345442,-0.10177707986753526,0.009138931897820366,0.01638613019385482,-0.0221550366786194,0.17842718070675545,152.5158537044187,-17.505436851278468,bull,low,neutral,normal,start_week,0
2023-05-31,418.2799987792969,419.2200012207031,416.2200012207031,417.8500061035156,2023,5,31,2,-0.005545210654671728,0.00908017532149441,0.0020984617867152444,0.009417784849494737,0.019178669950625116,0.004090794018008825,0.009697764825246313,2.310916894766649,2.083069916209514,0.22784697855713487,57.284367775208956,64.98898790363569,80.39367560379537,4.196428571428571,0.7359226254212909,0.03991895577067772,0.008018272139265755,7.600006103515625,0.01852530433519961,0.12045136352054737,0.37246226022321327,0.007179609802989445,0.017044441055678483,-0.027577392987846228,0.17189255374854562,82.23971975601582,-35.01101209636431,bull,low,neutral,high,mid_week,1
2023-06-01,418.0899963378906,422.9200134277344,416.7900085449219,421.82000732421875,2023,6,1,3,0.009501019894013307,0.026101367296490263,0.010023148723763642,0.017312561465586906,0.027713337849308628,0.011509517061429886,0.017836478522734955,2.59223505351423,2.1849029436704575,0.40733210984377255,62.89590738658886,92.05772116420653,79.84709073885455,4.428571428571429,0.92332773927391,0.04089635490289699,0.00802178086387832,6.589996337890625,0.015870713010933235,0.7007369144959094,0.10246032944787342,0.014532276270387676,0.017514637310934722,-0.018338386453235378,0.18302672821535682,121.60318551042026,-7.942278835793467,bull,low,neutral,high,end_week,1
2023-06-02,424.5,428.739990234375,423.95001220703125,427.9200134277344,2023,6,2,4,0.014461158782416605,0.03200294158104544,0.02250166319608571,0.02919568741374645,0.0407592055208037,0.022027447449224802,0.030071531275522867,3.2697100516337514,2.4018643652631164,0.867845686370635,68.93112929725477,95.65229351266335,84.2330008601685,4.596426827566964,1.1602975771395692,0.044215954176635076,0.008224952502629109,8.69000244140625,0.02072848368121627,1.41963017446648,0.1366852790092139,0.011193629363055404,0.017855758070504768,-0.004142421989132394,0.20013466557592174,208.80465977627972,-4.3477064873366515,bull,low,neutral,high,end_week,0
2023-06-05,428.2799987792969,429.6199951171875,426.3699951171875,427.1000061035156,2023,6,5,0,-0.0019162630830240612,0.016856381303351098,0.018478565948114367,0.025439112246286033,0.03705323629948887,0.016929170126970705,0.025962300805586924,3.6978199638794536,2.661055484986384,1.0367644788930694,66.56475020181182,87.23409189289468,91.64803552325482,4.599999564034598,1.0117404746862106,0.04971096386676227,0.007393813547261768,8.480010986328125,0.02025706150026174,0.892679280851775,-0.17463606113222285,0.0076094590343140905,0.01823766446580377,-0.006050747101824405,0.19783489182162106,184.1236357436243,-12.765908107105313,bull,low,neutral,normal,start_week,1
2023-06-06,426.6700134277344,428.5799865722656,425.989990234375,428.0299987792969,2023,6,6,1,0.0021774588210983215,0.01868248426948038,0.01845220100956979,0.025789111972444934,0.03768470350947051,0.016150772488886744,0.02605326207213432,4.065280764260933,2.941900540841294,1.1233802234196393,71.84272741382918,91.94530332075938,91.61056290877245,4.587140764508929,0.9724574288319068,0.054585049146555494,0.007385967604217149,9.239990234375,0.02206354030861246,1.4421032428619573,-0.19981732164738475,0.006050969196731682,0.018884050209559078,-0.0038864635333771824,0.20044312797303743,155.3540188185727,-8.054696679240616,bull,low,overbought,normal,start_week,0
2023-06-07,428.44000244140625,429.6199951171875,426.1099853515625,426.54998779296875,2023,6,7,2,-0.003457727240027575,0.020820824607808763,0.01193057678657894,0.020332463188769356,0.03259166501594857,0.01067226676664923,0.02080369817724015,4.188785862354052,3.1912776051438456,0.9975082572102068,65.21500511496993,84.44777688454641,87.87572403273346,4.437142508370536,0.8633665664398509,0.05595578973591385,0.007347589869843006,12.459991455078125,0.03009005666708009,0.6228560803195871,0.04346473122868866,0.008228835695873063,0.020417495728787705,-0.00733075244257797,0.1962923230693412,137.10033075475937,-15.55222311545359,bull,low,neutral,high,mid_week,1
2023-06-08,426.6199951171875,429.6000061035156,425.82000732421875,429.1300048828125,2023,6,8,3,0.0060485691329945634,0.017329660593778273,0.013712879897980201,0.024509156628563566,0.037153664727302305,0.014166437536619503,0.02492990278169316,4.443626993527289,3.4417474828205346,1.0018795107067544,63.8345127814534,97.51777873971925,91.30361964834164,4.349999564034598,0.9134100565061977,0.05928534210245125,0.007381358556160687,18.040008544921875,0.04388335572655011,1.2110216981425863,-0.22663052029934472,0.008808516618009786,0.02312369241247203,-0.001326523872529295,0.20352817988869676,130.0829593757826,-2.4822212602807494,bull,low,neutral,normal,end_week,1
2023-06-09,429.9599914550781,431.989990234375,428.8699951171875,429.8999938964844,2023,6,9,4,0.0017943024372815142,0.004626987302813745,0.011886533827196288,0.024174943469840615,0.03758273143850732,0.013493563601385539,0.024737002170439837,4.654072849599515,3.684212556176331,0.9698602934231846,65.69280527951919,90.5472739820566,90.83760986877405,4.332142421177456,0.8926967541730388,0.06156135290893699,0.0073300977165954954,15.25,0.03677800608820725,2.0059892024272905,0.060032944757941076,0.0072574904896108555,0.02539434684847719,0.0,0.205687673435208,135.6659931150204,-9.452726017943409,bull,low,neutral,high,end_week,1
2023-06-12,430.9200134277344,433.8800048828125,430.1700134277344,433.79998779296875,2023,6,12,0,0.009071863112013467,0.01568714959893791,0.017765111436150782,0.03073918897522021,0.04547651216825632,0.019130627542530476,0.031433050375629046,5.077024838553996,3.962775012651864,1.1142498259021316,68.91854571134704,99.66659545898438,95.91054939358672,4.399285452706473,0.9701931876795646,0.0653756578799455,0.0074398176282882734,13.779998779296875,0.032807959477491266,2.5627977948268392,-0.06238611591801013,0.008552308804694389,0.027227697649217397,0.0,0.21662550696445448,142.1011229352197,-0.333404541015625,bull,low,neutral,normal,start_week,1
2023-06-13,435.32000732421875,437.3299865722656,434.6300048828125,436.6600036621094,2023,6,13,1,0.006592936721117493,0.02016214963302687,0.020529318460251744,0.03462779125156734,0.05098781561404353,0.02178617479231182,0.03530115652691013,5.578689060617307,4.285957822244953,1.2927312383723546,79.83081830311694,97.55925917278964,95.92437620461017,4.286427089146206,0.9894143308165131,0.07075352941503822,0.007490459065742569,16.480010986328125,0.03922131294586517,3.0667042566424176,0.15196806672066154,0.006183258523357661,0.029845783558425154,0.0,0.2246466419451687,153.95784376611203,-2.440740827210358,bull,low,overbought,high,start_week,1
2023-06-14,437.010009765625,439.05999755859375,433.5899963378906,437.17999267578125,2023,6,14,2,0.0011908327057914558,0.02492088896265998,0.017149461849967018,0.03256554886452645,0.05091243399452172,0.019395396948066246,0.03373650423694441,5.949636631009753,4.618693583997913,1.3309430470118402,86.90239297482883,92.94557105673293,96.72380856283563,4.376427786690848,0.9504635848673358,0.0722934105186711,0.0071648668282696115,19.329986572265625,0.046260587028630784,3.3779639990959605,0.17821172365873195,0.012512011785406094,0.033193717748370544,0.0,0.22610499121943461,137.30627198593857,-7.054428943267065,bull,low,overbought,high,mid_week,1
2023-06-15,436.3299865722656,443.8999938964844,436.2300109863281,442.6000061035156,2023,6,15,3,0.012397670338390565,0.03138909204072449,0.024805114772866066,0.04199897718527401,0.06220857420822257,0.026972364265508197,0.04295597429538334,6.604828686025314,5.015920604403393,1.5889080816219217,87.55710252948828,95.46251982577814,95.32245001843354,4.562140328543527,1.0238020281322342,0.08018101292015495,0.00718205143442437,20.779998779296875,0.049262714945915276,3.548405899817905,0.2745215738778257,0.01732937822952128,0.03649811939477554,0.0,0.24130583670082872,156.88810426784804,-4.537480174221855,bull,low,overbought,high,end_week,0
2023-06-16,443.0199890136719,443.6099853515625,438.9700012207031,439.4599914550781,2023,6,16,4,-0.007094474932526573,0.022237724341293452,0.014823063359896693,0.03214864505889836,0.05306238327013291,0.01660753773443302,0.03283643031704897,6.792401592660326,5.37121680205478,1.4211847906055457,77.78727755259435,83.95952450778265,90.78920513009787,4.456425258091518,0.8797976017505931,0.08464678268297718,0.007367657136099728,11.53997802734375,0.02696760531227782,2.5557216524842956,0.30633243830764845,0.010558376692030854,0.03768077538919212,-0.007094474932526573,0.23249942355875564,136.61905276848157,-16.040475492217354,bull,low,overbought,high,end_week,0
2023-06-20,437.45001220703125,438.3699951171875,435.0299987792969,437.17999267578125,2023,6,20,1,-0.0051881828235322835,0.0077916205115837744,0.00721346376367582,0.02456056770362447,0.046195506728663904,0.00957293291422312,0.025390806698356583,6.680073892186556,5.632988220081136,1.0470856721054203,72.91102859765698,75.72253251864902,85.04819228406991,4.498567853655134,0.7851329237911718,0.08613725618586374,0.007515856903171111,10.079986572265625,0.023600998427105058,1.9593028859771167,-0.11454260221145773,0.007639865487548999,0.03870286127761147,-0.012245850323071905,0.22610499121943461,93.31542604582903,-24.277467481350975,bull,low,overbought,normal,start_week,0
2023-06-21,436.1600036621094,436.989990234375,434.3299865722656,434.94000244140625,2023,6,21,2,-0.005123725403500368,-0.003938994197494883,0.0004600591277554855,0.01738566996905333,0.0395747886608846,0.003720692267069836,0.018617586673446374,6.337252981185031,5.773841172301915,0.5634118088831164,73.08832442104482,66.94947880316096,75.54384527653085,4.419283185686384,0.7027065725559614,0.08576766776643946,0.007685064378013048,6.910003662109375,0.016143736845118495,1.4410930562787438,-0.1133557709738997,0.006115794470911473,0.03909674271977526,-0.01730683135218447,0.2198227659285652,74.3447992973485,-33.05052119683905,bull,low,overbought,normal,mid_week,1
2023-06-22,433.95001220703125,436.6199951171875,433.6000061035156,436.510009765625,2023,6,22,3,0.0036097101103738094,-0.0015325104565183656,0.0017763306981080085,0.01838774357425277,0.04199292779160557,0.0062069997414058165,0.02060902170968837,6.121684441663547,5.843409826174242,0.27827461548930454,71.22216520207178,62.95743902980018,68.54315011720335,4.197139195033482,0.7238289380558086,0.08215087706696851,0.007038294563768507,9.96002197265625,0.023350186983220445,1.75609940750223,-0.17899067291087767,0.006918487425508055,0.04014528578996446,-0.013759593885921184,0.22422597249960163,68.87638147847537,-37.04256097019982,bull,low,overbought,normal,end_week,0
2023-06-23,432.92999267578125,435.05999755859375,432.4700012207031,433.2099914550781,2023,6,23,4,-0.007560006040454259,-0.02121557731348367,-0.0067271491896987445,0.008087535141442004,0.03287477738977085,-0.0011848123932500787,0.011926767956880413,5.619779601690993,5.798683781277593,-0.1789041795866,58.31494543110197,40.873836389875855,56.926918074278966,3.991426740373884,0.611137261209779,0.07277068962655406,0.0070619617538233434,4.079986572265625,0.009507577018250668,1.1942811223831111,0.06839673420993586,0.005978616349985999,0.03987013895241631,-0.02121557731348367,0.21497081675262364,43.00991061918849,-59.126163610124145,bull,low,neutral,high,end_week,0
2023-06-26,432.6199951171875,434.6099853515625,431.19000244140625,431.44000244140625,2023,6,26,0,-0.004085752980273583,-0.018249645404846082,-0.01113458147233315,0.002011276621284308,0.027774012383427582,-0.004459225527442379,0.007210916654982524,5.021310536784938,5.643209132379063,-0.621898595594125,56.62391788955743,31.084066875406155,44.97178076502737,4.003568376813616,0.5310695393494372,0.06473467786772079,0.007065936793259867,1.540008544921875,0.0035822483526080084,0.7751457231075011,-0.1459962814796425,0.007926902676625859,0.039346702925148413,-0.02521464868552048,0.2100067461171311,24.238037053991995,-68.91593312459385,bull,low,neutral,normal,start_week,1
2023-06-27,432.3500061035156,436.80999755859375,431.8800048828125,436.1700134277344,2023,6,27,1,0.010963311143060928,-0.002310213790583715,-0.0008361006153158046,0.011100413858460945,0.03786940227039537,0.005456671333910368,0.01687836710335211,4.8725244188956935,5.489072189682389,-0.6165477707866955,61.132387312186985,57.24565149507549,43.0678515867858,4.202139718191964,0.6811833901562425,0.06126617814628924,0.006916376411023858,2.370025634765625,0.005463406411843286,1.128987720886349,-0.1354586995019731,0.011302915202807866,0.0387378916607648,-0.014527773581361814,0.2232724265600161,47.73992550833062,-42.75434850492451,bull,low,neutral,normal,start_week,1
2023-06-28,435.04998779296875,437.44000244140625,434.4100036621094,436.3900146484375,2023,6,28,2,0.0005043932731050305,0.00333382121417225,-0.00027029758924213,0.00971330633751033,0.037284662697922855,0.005041680826602946,0.016082313294714545,4.717976709734899,5.334853093692891,-0.616876383957992,63.93769581365111,58.462473309758714,48.93073056008009,4.167853219168527,0.6709711195205591,0.05681255620685328,0.006914994066425864,-0.269989013671875,-0.0006183048857407725,1.472131667185795,-0.1037682471426955,0.0069433274767707245,0.037565114046931525,-0.01403070801952433,0.2238894369431479,56.74941274276127,-41.537526690241286,bull,low,neutral,normal,mid_week,1
2023-06-29,435.9599914550781,438.2799987792969,435.5400085449219,438.1099853515625,2023,6,29,3,0.003941361271775801,0.0036653812057976243,0.003456209151204037,0.011322549469492182,0.04019112161298288,0.007607313005089988,0.018571497249775915,4.680331846000797,5.203948844154472,-0.5236169981536749,63.037136806287826,61.47698592698928,59.061703577274464,4.09356689453125,0.7333352692860514,0.04852480940466665,0.006698144391799642,0.92999267578125,0.002127253514254468,1.743426533954472,-0.17465192446521527,0.00625411500761912,0.036608386222306555,-0.010144646836952376,0.22871322737085098,69.48962008821051,-38.52301407301072,bull,low,neutral,normal,end_week,1
2023-06-30,441.44000244140625,444.29998779296875,441.1099853515625,443.2799987792969,2023,6,30,4,0.011800720368392525,0.023245094810475875,0.015139610394738323,0.02072865515613853,0.051011816483816474,0.016448801965067927,0.02826130600739818,5.0099236154187,5.165143798407318,-0.15522018298861795,67.22450518971328,92.78138100390703,70.90694674688497,4.312853131975446,0.9507619335496819,0.045985815600939374,0.006844750991307367,0.67999267578125,0.001536359390881259,2.126156020091792,0.26383736901627386,0.00719635997606675,0.035337214430170016,0.0,0.24321292857999977,150.23757682180852,-7.218618996092966,bull,low,neutral,high,end_week,1
2023-07-03,442.9200134277344,444.0799865722656,442.6300048828125,443.7900085449219,2023,7,3,0,0.0011505363811348257,0.028625083519446815,0.01530079149011554,0.020039255429214364,0.050631265264968084,0.014867462957727895,0.027203960922234094,5.251742178284076,5.182463474382669,0.06927870390140622,64.0902802706893,96.10999376146447,83.4561202307869,4.132136753627232,0.9202618450448793,0.047682785543080405,0.006241733012403544,4.33001708984375,0.009853040490686693,2.127688294474525,-0.5906974004116441,0.003267269793223281,0.034798036277504885,0.0,0.24464329028382825,148.19249409741644,-3.890006238535527,bull,low,neutral,low,start_week,0
2023-07-05,441.9100036621094,443.8900146484375,441.8999938964844,443.1300048828125,2023,7,5,2,-0.00148719811037068,0.01595706087262072,0.012412700268881416,0.016649357306307122,0.047534677786195134,0.011279872099467791,0.02372922483998252,5.328702387787814,5.2117112570636985,0.1169911307241156,59.729316214135,91.07563525983035,93.32233667506723,4.022138323102679,0.8537992525551774,0.047058769022443055,0.006228863910734692,5.95001220703125,0.013609982859951852,1.75792649719905,-0.26764704610283097,0.004490828267156935,0.03469136401389061,-0.00148719811037068,0.2427922591344327,129.25239496303,-8.92436474016965,bull,low,neutral,low,mid_week,0
2023-07-06,439.4200134277344,440.1000061035156,437.05999755859375,439.6600036621094,2023,7,6,3,-0.007830661842952336,0.007493271852946126,0.0034027974480066447,0.0073444169932024295,0.038005270919885925,0.002842353053401858,0.014531926428060782,5.051463680900838,5.1796617418311275,-0.12819806093028951,53.425425496310496,64.60725159920668,83.9309602068338,4.064995901925223,0.6654632495883936,0.04438699839071392,0.00659354878397859,4.720001220703125,0.010852074295785163,1.3448235194493352,0.0007245666557897934,0.006914453258427856,0.034485127567797313,-0.00930621420782718,0.23306037321211215,52.48409612116325,-35.392748400793316,bull,low,neutral,high,end_week,0
2023-07-07,438.6300048828125,442.6400146484375,438.29998779296875,438.54998779296875,2023,7,7,4,-0.00252471423348688,0.0010043195912394776,0.0004037353894796869,0.0034217425440095095,0.033799596967096335,0.00026268665299533644,0.011073998433924093,4.688139055677311,5.081357204600364,-0.3932181489230526,43.65002732128007,56.140301870629536,70.6077295765555,3.827141898018973,0.5877675421009121,0.03898642325058195,0.006560873734368805,2.03997802734375,0.004673382011191718,0.9321997745038462,0.06815966106279125,0.009896310514817744,0.033382383927839765,-0.011807432909843651,0.22994724813711476,61.80855146095795,-43.859698129370464,bull,low,neutral,high,end_week,1
2023-07-10,438.17999267578125,439.8399963378906,437.5899963378906,439.6600036621094,2023,7,10,0,0.0025311045491687167,-0.008166384964709006,0.0014623576695755869,0.004751129293570688,0.034694247590890015,0.0023635236506842627,0.012610535872648265,4.438605198630967,4.952806803406485,-0.5142016047755185,50.33491610234104,64.60725159920668,61.78493502301427,3.656428745814732,0.6346204910413462,0.03529276454734882,0.006476549255386246,6.45001220703125,0.014888881453003266,1.156404541533816,-0.22586684664294976,0.0051175908230424024,0.033183363974504054,-0.00930621420782718,0.23306037321211215,37.6029783541637,-35.392748400793316,bull,low,neutral,normal,start_week,1
2023-07-11,440.45001220703125,442.9700012207031,439.44000244140625,442.4599914550781,2023,7,11,1,0.006368529703967729,-0.0029969514054734026,0.005316709597120939,0.009700831851563008,0.039813026837606236,0.007391450245149533,0.017622690694119036,4.415879918633436,4.845421426451876,-0.42954150781843925,58.689915448928325,85.96492453234262,68.90415933405959,3.5921434674944197,0.7989350906293851,0.03245129847800315,0.006577406602486872,11.019989013671875,0.025542344129688033,1.373916429916853,-0.19013831034316842,0.00797811971131692,0.034313880303759925,-0.0029969514054734026,0.24091315482569908,84.76733722493155,-14.035075467657384,bull,low,neutral,normal,start_week,1
2023-07-12,446.3900146484375,447.4800109863281,444.9100036621094,446.0199890136719,2023,7,12,2,0.008045919692956538,0.006521752305226114,0.011142449638921859,0.016407614338122434,0.04669896043332811,0.013081523531226713,0.023852915625481197,4.631740203439108,4.802685181849323,-0.1709449784102146,67.47629596042154,91.03731610311901,80.53649741155607,3.7471444266183034,0.9737841464583644,0.034630990633124234,0.006518667217167353,9.8499755859375,0.022582881176377523,1.6780626976268294,0.1434883195002732,0.005762090012831177,0.03516469000693556,0.0,0.25089744241535983,163.87945625469393,-8.96268389688099,bull,low,neutral,high,mid_week,1
2023-07-13,447.8999938964844,450.3800048828125,447.45001220703125,449.55999755859375,2023,7,13,3,0.007936883171425269,0.022517385739033058,0.016133918601580755,0.022971108468173185,0.05332313150060508,0.017814768469528897,0.02954031735303464,5.0304719890961,4.848242543298678,0.18222944579742162,69.37922595848818,95.72690349194839,90.90971470913665,3.842860630580357,1.0668655311763935,0.04052302919265926,0.006581529874594438,13.16998291015625,0.03017938648473928,1.8620103993877946,-0.08572297084868719,0.006517467505323062,0.036598731937031115,0.0,0.2608256692752451,190.47447083206222,-4.273096508051614,bull,low,neutral,normal,end_week,0
2023-07-14,450.4800109863281,451.3599853515625,448.489990234375,449.2799987792969,2023,7,14,4,-0.0006228285007950918,0.024467019233833653,0.01294362026056639,0.020928486583633443,0.05077432631019341,0.014499312905891903,0.02670125827291847,5.263205286187201,4.931235091876383,0.3319701943108182,76.21532548738475,89.68771276837184,92.15064412114639,3.7592882428850447,0.9677458811408138,0.04474328353803904,0.0065981585495931885,11.170013427734375,0.025495911531829174,1.5097437308983463,-0.10119213141768368,0.006387987724771493,0.03734729682180693,-0.0006228285007950918,0.26004039111388644,169.5477227514988,-10.31228723162816,bull,low,overbought,normal,end_week,1
2023-07-17,449.1300048828125,451.92999267578125,449.0799865722656,450.8399963378906,2023,7,17,0,0.003472216797614669,0.02542872351967085,0.014731199306584397,0.02351514284353473,0.05231511290835322,0.015207115202496624,0.027961559669554825,5.510010890734009,5.046990251647908,0.4630206390861007,81.86592130603864,94.56360597749156,93.32607407927058,3.7185756138392856,0.9741944354402379,0.04958966425176112,0.00609702991211662,7.55999755859375,0.017054677809539065,1.6329009580837648,-0.2956708051643392,0.006321546727588103,0.03703829509475187,0.0,0.26441552452558503,155.35970001787683,-5.4363940225084395,bull,low,overbought,low,start_week,1
2023-07-18,450.5,454.8599853515625,450.04998779296875,454.19000244140625,2023,7,18,1,0.007430587638025177,0.026510896381281235,0.019883918693471836,0.02939927199952952,0.05771201880384513,0.019183448713259166,0.03287619161926125,5.907821912346208,5.219156583787568,0.6886653285586393,81.00476876078379,96.72379701688541,93.65837192091624,3.6785757882254466,1.0187122768112495,0.05667741696853531,0.0059529620947791585,10.399993896484375,0.023434493107637566,1.8498158357823355,0.10323068354440768,0.010590276167988251,0.03709059375976165,0.0,0.27381087489145184,158.1901105484562,-3.2762029831145867,bull,low,overbought,high,start_week,1
2023-07-19,455.010009765625,456.42999267578125,454.1099853515625,455.20001220703125,2023,7,19,2,0.002223760453105239,0.0205820891876618,0.01938902488265648,0.029585918406539458,0.05796645507617493,0.018090191516162202,0.032483017292259886,6.232742187934434,5.421873704616942,0.810868483317492,81.50749494441412,94.11210434127122,95.1331691118827,3.627862112862723,0.97368089676631,0.062459598030054284,0.005730310821298703,12.07000732421875,0.02723807278049417,1.9794383166809646,-0.09248257801569937,0.005096676761870513,0.03784367817571832,0.0,0.276643525139771,158.4832637522541,-5.887895658728779,bull,low,overbought,normal,mid_week,0
2023-07-20,454.1700134277344,455.1000061035156,451.44000244140625,452.17999267578125,2023,7,20,3,-0.006634489126235876,0.005827909803843401,0.009794672351344902,0.020764958416030987,0.04902419868346142,0.009575033555921486,0.023689297853213054,6.17536771545582,5.572572506784718,0.6027952086711021,72.58421946732032,78.05884836682863,89.63158324166174,3.700720650809152,0.8268793714501701,0.06352483585583628,0.005838610242246708,12.519989013671875,0.02847652483598173,1.6358560940418192,-0.02345380058282953,0.00809413003979069,0.03884901297881593,-0.006634489126235876,0.26817364755415163,115.65275055809715,-21.941151633171373,bull,low,overbought,normal,end_week,0
2023-07-21,453.9599914550781,454.1700134277344,452.1700134277344,452.17999267578125,2023,7,21,4,0.0,0.006454758512205672,0.006730374926199989,0.01896272418443723,0.047020265668476835,0.008090034185964434,0.021896112565390702,6.0600416448192505,5.670066334391625,0.38997531042762557,67.12850120108303,78.05884836682863,83.40993369164279,3.401434762137277,0.7943089769550955,0.06443134824028961,0.0058407760317542,13.6300048828125,0.03107970644670721,1.5639225641640424,-0.01442672163614156,0.004423017454100463,0.040020537520019106,-0.006634489126235876,0.26817364755415163,101.37154196406688,-21.941151633171373,bull,low,neutral,normal,end_week,1
2023-07-24,453.3699951171875,455.0400085449219,452.29998779296875,454.20001220703125,2023,7,24,0,0.004467290822171233,0.007452790117189245,0.007964771573579332,0.021099833235585397,0.04968754810377751,0.01063540367693605,0.024453198863782832,6.061767316815519,5.748406530876403,0.31336078593911587,68.93410820441943,88.48744950497546,81.53504874621088,3.5021514892578125,0.8324827044353211,0.06346144612671134,0.00543334335906669,14.540008544921875,0.033071028576200145,1.6702170258281903,-0.23280055475736683,0.006032630291309155,0.04139309002343694,-0.0021968364964480847,0.2738389480507899,99.50724604490969,-11.512550495024547,bull,low,neutral,low,start_week,1
2023-07-25,453.9200134277344,456.739990234375,453.8699951171875,455.44000244140625,2023,7,25,1,0.00273005328280318,0.002752152168213451,0.007813526197704812,0.021132725517065687,0.05045040918191912,0.011310493640451558,0.025180663716664498,6.09295596950551,5.817316418602225,0.2756395509032856,71.92726679712982,93.39436851229853,86.64688879470084,3.565006801060268,0.8519917692376385,0.06003755588613892,0.0052156760451686586,12.980010986328125,0.029336010570451654,1.772320359885228,-0.2062788749510137,0.006301587699373714,0.04230632143336632,0.0,0.27731659625267824,104.67161287145761,-6.605631487701474,bull,low,overbought,low,start_week,1
2023-07-26,454.4700012207031,456.989990234375,453.3800048828125,455.510009765625,2023,7,26,2,0.00015371360408278356,0.0006810139505284418,0.005856158103936693,0.01908022930887765,0.048487654428046145,0.009684870126286604,0.0234173884109663,6.053540757795702,5.864561286440921,0.18897947135478077,82.12395270098925,92.37123229704625,91.41768343810672,3.3892909458705356,0.8233632688691659,0.05900555550295845,0.004865159248945978,9.490020751953125,0.021277119828058355,1.9201041308841122,0.02312838145968321,0.007925150433949755,0.04238329305899069,0.0,0.27751293719024317,94.480389489674,-7.628767702953756,bull,low,overbought,normal,mid_week,0
2023-07-27,459.0199890136719,459.44000244140625,451.54998779296875,452.489990234375,2023,7,27,3,-0.006629974021435614,0.0006855623061943206,-0.0014586986253213308,0.010503870083611755,0.03964665984350724,0.002529416381846117,0.015381196216863735,5.712760435498296,5.834201116252396,-0.12144068075409997,76.22265137041663,68.19217269732017,84.65259116888829,3.6428615025111606,0.6895429342461834,0.055416838012906255,0.005241682805788506,2.92999267578125,0.006517467505323005,1.5383132477868182,0.3119158364832373,0.01743688218241188,0.04116540639054134,-0.006629974021435614,0.2690430596046238,78.52017207960293,-31.80782730267982,bull,low,overbought,high,end_week,1
2023-07-28,455.8800048828125,457.7799987792969,452.489990234375,456.9200134277344,2023,7,28,4,0.009790323076682261,0.01048259725934364,0.006620206360586245,0.018258346372488132,0.04757850790642171,0.010425549187017324,0.023402498268651595,5.734056786040469,5.814172250210011,-0.08011546416954207,78.86281009955438,87.40005493164062,82.65448664200233,3.8600049700055803,0.8366508246685684,0.054235264061697805,0.0055215990269457775,7.6400146484375,0.017005018405438888,1.7369599557450675,0.12881705216079808,0.011577537401430837,0.04068893241664551,0.0,0.2814674011563745,86.81372928696436,-12.599945068359375,bull,low,overbought,normal,end_week,1
2023-07-31,457.4100036621094,458.1600036621094,456.04998779296875,457.7900085449219,2023,7,31,0,0.0019040424836307412,0.007903998770159015,0.00699501739336128,0.01855036430415047,0.0475288449453628,0.01042971259095693,0.023429244013317474,5.754797904377142,5.802297381043438,-0.04749947666629595,77.40430146946507,88.64422549824728,81.41215104240267,3.758577619280134,0.8328087468362246,0.0557388123974969,0.00502979650608265,6.95001220703125,0.015415695731268775,1.8520743347009856,-0.09739626543565738,0.004609134821109959,0.040252262277250095,0.0,0.28390736952956397,98.46360227687434,-11.355774501752713,bull,low,overbought,normal,start_week,0
2023-08-01,456.2699890136719,457.25,455.489990234375,456.4800109863281,2023,8,1,1,-0.002861568697747563,0.0022835248097374805,0.003607884225915514,0.014203942646627166,0.04275365432458944,0.006371171423906974,0.018953283872307436,5.600965096070752,5.762030924048902,-0.16106582797814983,70.33433950801854,75.31281179369184,83.78569740785989,3.5642918178013394,0.7536176619086606,0.05600533708785119,0.005128699161719879,2.290008544921875,0.005041961585707355,1.5898500366893396,-0.20853657960518945,0.003855611906909355,0.03900504441420094,-0.002861568697747563,0.2802333803901107,80.57318368154218,-24.68718820630816,bull,low,overbought,low,start_week,0
2023-08-02,453.25,453.5199890136719,449.3500061035156,450.1300048828125,2023,8,2,2,-0.013910808689727716,-0.011810947657507453,-0.009248740714649761,-0.0006815518131902953,0.0267699810617823,-0.006462270104766521,0.004423267256353558,4.9100589605523055,5.591636531349582,-0.6815775707972769,50.998958148370804,14.97728602881748,59.64477444025217,3.762148175920759,0.48738879028790494,0.054043333569865556,0.006150354689042176,-5.07000732421875,-0.011137977127102627,1.2343232979183087,0.31126738975241075,0.009263952335818781,0.03635495936933064,-0.016732570652768453,0.26242429875730044,7.894070157333205,-85.02271397118253,bull,low,neutral,high,mid_week,0
2023-08-03,448.0400085449219,450.7900085449219,447.3699951171875,448.8399963378906,2023,8,3,3,-0.0028658577098359395,-0.008066463292577541,-0.011361300634245453,-0.004559819404995169,0.02242574893346916,-0.007888659014773758,0.0014301447746218887,4.209888982297002,5.315287021539067,-1.1053980392420648,49.25524551380724,12.178958812672246,34.15635221172716,3.8014351981026784,0.4074380354498748,0.049262344713155756,0.005877739301524687,-3.339996337890625,-0.0073864310495609375,0.9820250179397615,-0.09235662268960876,0.007619671721857335,0.034175325717463956,-0.019550475195993733,0.25880637034762266,-30.35047381056547,-87.82104118732775,bull,low,neutral,normal,end_week,0
2023-08-04,450.7200012207031,452.8999938964844,446.2699890136719,446.80999755859375,2023,8,4,4,-0.004522767123829707,-0.022126445706103004,-0.014667208452417646,-0.009968787658818479,0.016286600363763837,-0.010491762314193465,-0.0028701871838681114,3.451409592639777,4.942511535759209,-1.491101943119432,43.285596178858235,4.100288491617523,10.418844444369055,4.071435110909598,0.2680466923341023,0.04297756198923195,0.005958129976318201,-5.3699951171875,-0.011875791065877328,0.6139657362379766,0.4000868754151594,0.01483853297607347,0.03141457290542893,-0.023984820073351787,0.25311308228054696,-48.27242079994998,-95.89971150838248,bull,low,neutral,high,end_week,1
2023-08-07,448.7099914550781,450.8699951171875,447.989990234375,450.7099914550781,2023,8,7,0,0.008728528720920004,-0.01546564354330815,-0.005301142090275879,-0.0025483673489298253,0.02331292503930582,-0.0015699036470379069,0.005398860719059595,3.1289376797487876,4.579796764557125,-1.4508590848083376,44.30628135007934,33.71296821957804,16.66407184128924,4.017863682338169,0.42818468016882866,0.03548501009144934,0.006200884307629385,-3.490020751953125,-0.007683885200695073,0.7921078974134458,-0.18165837807866725,0.0063899290839208025,0.028766562766254555,-0.01546564354330815,0.26405091580979345,-43.5225932539622,-66.28703178042197,bull,low,neutral,low,start_week,0
2023-08-08,448.0799865722656,450.70001220703125,445.2699890136719,448.75,2023,8,8,1,-0.004348675405997704,-0.016933952857269063,-0.008162359237306571,-0.007576697943197708,0.017287655515543898,-0.005006805427132832,0.0009505827246347742,2.6842787409846096,4.200693159842622,-1.5164144188580124,39.76515754627988,24.55898157101845,20.79074609407131,4.240720476422991,0.25089637093602063,0.030415847298843255,0.006199275883546844,-6.69000244140625,-0.014689097149008012,0.5020212500379548,-0.004123545601686263,0.012100330235898328,0.02565945645426404,-0.01974706388559111,0.25855396868028246,-95.87810253913254,-75.44101842898155,bull,low,neutral,normal,start_week,0
2023-08-09,449.0299987792969,449.20001220703125,444.9599914550781,445.75,2023,8,9,2,-0.006685236768802283,-0.009730533035567812,-0.012663165471163196,-0.014181851666688616,0.009309420715975625,-0.009882670099282675,-0.005318010531870199,2.065992920118333,3.7737531118977645,-1.7077601917794314,39.790437905697054,5.455855977373172,21.242601922656522,4.275006975446429,0.03723115020514734,0.03064564884385698,0.00615858278327556,-9.760009765625,-0.02142655387671255,0.16902137050834987,0.10971212901514771,0.009512104883798373,0.022254397302643225,-0.026300286856829502,0.250140237413339,-136.2404133447169,-94.54414402262682,bull,low,neutral,normal,mid_week,1
2023-08-10,448.19000244140625,451.70001220703125,444.70001220703125,445.9100036621094,2023,8,10,3,0.0003589538129207259,-0.006527922421547094,-0.010867127750895267,-0.013429793673070956,0.00849660925830098,-0.008073364225632318,-0.004595175333020118,1.5708006982389975,3.3331626291660115,-1.762361930927014,40.09482127722351,8.208902691511387,12.741246746634308,4.632149832589286,0.08951605029152905,0.032716976346112654,0.005870141514086667,-6.579986572265625,-0.014541728467534543,0.5036099640697486,0.2912220833122192,0.015698234940932806,0.019576477086608923,-0.02595077363215703,0.25058898001824415,-111.07636907265412,-91.79109730848862,bull,low,neutral,high,end_week,0
2023-08-11,443.9700012207031,446.70001220703125,443.3500061035156,445.6499938964844,2023,8,11,4,-0.0005830991982453959,-0.0025961900325590648,-0.008966351398033257,-0.013608959898789963,0.006642720445186434,-0.007330473638829105,-0.004794055606912262,1.1441872018080517,2.8953675436944195,-1.7511803418863678,35.69754869379041,14.294520301116956,9.319759656667143,4.667149135044643,0.10775922466916792,0.0346954237159857,0.00587006570440833,-11.27001953125,-0.024665191280863974,0.18880363101753306,-0.045599237100735435,0.007517123638273324,0.015750294518494856,-0.02651874095510376,0.24985976258666098,-144.88746263554887,-85.70547969888304,bull,low,neutral,normal,end_week,1
2023-08-14,444.70001220703125,448.1099853515625,444.3800048828125,448.1099853515625,2023,8,14,0,0.005520007828496709,-0.005768689740206834,-0.00134609810181896,-0.007864322608222785,0.0109986471094623,-0.0015666177156903327,0.0006476414404250619,0.9931453226525946,2.514923099486055,-1.5217777768334604,38.21921221407593,29.583470052367343,17.3622976816652,4.72857666015625,0.2780362084858274,0.03543065539912921,0.005958161486289183,-9.680023193359375,-0.021145116784280993,0.3587002995686128,-0.33269266304732337,0.00832380574118129,0.012361384847960899,-0.021145116784280993,0.2567589982606624,-99.05398080894024,-70.41652994763265,bull,low,neutral,low,start_week,0
2023-08-15,446.2699890136719,446.6400146484375,442.29998779296875,442.8900146484375,2023,8,15,1,-0.011648860489082202,-0.013058463178969304,-0.00998085221589795,-0.01819339736138781,-0.0014528419350136046,-0.011189604721435709,-0.010201618434889759,0.4470818532911949,2.101354850247083,-1.6542729969558883,32.59791544630052,3.442394114421235,15.773461489301818,4.885720389229911,0.03396898285766161,0.039039026786131345,0.006180753892434133,-13.589996337890625,-0.02977128463637735,-0.008496413149578193,0.0590812254412274,0.009799333269940232,0.008613985194096507,-0.03254766075791771,0.2421191880215252,-135.45215480984754,-96.55760588557877,bull,medium,neutral,normal,start_week,0
2023-08-16,442.4599914550781,444.17999267578125,439.5299987792969,439.6400146484375,2023,8,16,2,-0.007338164990194795,-0.013707202134744856,-0.01493590745154294,-0.023714271615471127,-0.009340522273051599,-0.015652282872057777,-0.01619217210000523,-0.24509986034860276,1.632063908127946,-1.8771637684765488,32.392465024788734,0.5905305437795265,11.205464903522673,4.654290335518973,-0.03644168122383878,0.044206616386275814,0.006267867483270405,-10.489990234375,-0.023304356787115288,-0.42301183834018674,0.10959630738484938,0.010576821357361633,0.005680224485713925,-0.03964698564342595,0.23300431248233666,-161.8349098298778,-99.40946945622048,bull,low,neutral,normal,mid_week,0
2023-08-17,441.1600036621094,441.42999267578125,435.75,436.2900085449219,2023,8,17,3,-0.007619884432481627,-0.021573849068605155,-0.019685367322883507,-0.02944109596492106,-0.017255062364991414,-0.019660946284113745,-0.02197251298910996,-1.051851264075026,1.0952808736873516,-2.1471321377623775,20.869781800443675,2.4096762903922073,2.147533649530962,4.682146344866071,-0.06510156278965544,0.052098769324904017,0.0063122574269916356,-12.54998779296875,-0.02796093907709818,-0.921815196796034,0.30306521813418463,0.013018846557418742,0.002479107091623467,-0.046964764627208444,0.22360896211646963,-183.98962820612826,-97.59032370960779,bull,low,oversold,high,end_week,1
2023-08-18,433.3699951171875,437.57000732421875,433.010009765625,436.5,2023,8,18,4,0.00048131162979969666,-0.020531794057669694,-0.01693617674886061,-0.027277464034944687,-0.017222584616422565,-0.016285004904673106,-0.019940812980033362,-1.6551830880815714,0.545188081333567,-2.2003711694151384,19.366867277838423,14.397655282161814,5.799287372111156,4.857145036969866,0.02887802683947897,0.05789894250092777,0.0063202655420502175,-10.30999755859375,-0.023074679651145735,-0.5072308556666366,0.321026100461969,0.010446729802047538,-0.00029134208867009903,-0.04650605768481453,0.22419789934026357,-183.52527412821826,-85.60234471783819,bull,low,oversold,high,end_week,1
2023-08-21,437.54998779296875,440.1099853515625,435.32000732421875,439.3399963378906,2023,8,21,0,0.0065062917248353,-0.019571063578936787,-0.007999867589006726,-0.01932489747611854,-0.011282915499599366,-0.008376688574712188,-0.01257213383245781,-1.88246406183805,0.05965765269924361,-1.9421217145372935,26.37812893772154,30.862959419466097,15.890096997340011,5.034999302455357,0.17624175195669914,0.05968928233616446,0.006441023188686861,-11.3699951171875,-0.02522685392547086,-0.20409948916509785,-0.09059136110096155,0.01090266779093757,-0.0033095236616685897,-0.040302347938248606,0.2321628880023019,-130.32277633147456,-69.1370405805339,bull,medium,oversold,normal,start_week,0
2023-08-22,441.17999267578125,441.17999267578125,437.57000732421875,438.1499938964844,2023,8,22,1,-0.002708613946659777,-0.010702478256855108,-0.00831330010663811,-0.020090236636897907,-0.014326974305995277,-0.009376631265861413,-0.01413327183014923,-2.134009588604613,-0.3790757955615277,-1.7549337930430853,30.751888473423094,25.842072557939716,23.700895753189183,4.7835693359375,0.16921707574298198,0.0607354103360179,0.006361031718576134,-10.600006103515625,-0.023621183517583577,-0.6065348729149234,-0.14542755050842393,0.00823915417516902,-0.00606408677257031,-0.04290179838319974,0.22882543441930236,-107.99208082439458,-74.15792744206028,bull,low,neutral,normal,start_week,1
2023-08-23,439.25,443.6700134277344,439.1000061035156,443.0299987792969,2023,8,23,2,0.011137749516813678,0.0077108179826856915,0.00334955146622562,-0.007791561584056472,-0.0037625137433795475,0.0014014520739276115,-0.0029200663863239162,-1.9174820808770505,-0.6867570526246323,-1.2307250282524183,41.630648088231155,50.377058864143734,35.694030280516486,4.933569771902902,0.36717268121379854,0.058659330439378175,0.006991846422556993,-2.720001220703125,-0.006102077892772062,-0.2537643626023631,-0.09855961968306615,0.010315345093584461,-0.007088322508553513,-0.032241878350598885,0.24251178430775444,-62.745144990942904,-49.622941135856266,bull,medium,neutral,normal,mid_week,0
2023-08-24,444.69000244140625,445.2200012207031,436.8599853515625,436.8900146484375,2023,8,24,3,-0.013859070825400499,0.0013752460330611616,-0.008530570610747357,-0.019830407455493915,-0.017579602244446435,-0.010577801281383303,-0.015518007283680357,-2.215785678357122,-0.9925627777711303,-1.2232229005859916,37.223085219786604,20.759787993481748,32.32630647185504,5.057141985212054,0.17140211526705823,0.06034855480463754,0.007450199385102942,-9.019989013671875,-0.02022827238589342,-0.7780668889873653,0.16869656651244203,0.01913528711766936,-0.009126889206531819,-0.04565410670039449,0.22529172548763854,-82.32667223824505,-79.24021200651825,bull,medium,neutral,high,end_week,1
2023-08-25,438.67999267578125,441.29998779296875,435.0,439.9700012207031,2023,8,25,4,0.007049798505337934,0.007949601880190338,-0.00025222989905471227,-0.011040019712609705,-0.010777860063048816,-0.003050022418815468,-0.00794727879075452,-2.1785512697250056,-1.2297604761619054,-0.9487907935631001,35.86841120414526,37.23911474542563,36.125320534350344,5.217141287667411,0.3049285986718276,0.05659476293009693,0.007249740051200403,-5.67999267578125,-0.01274541176612376,-0.1885969864964149,0.3313897815592579,0.014319130339544385,-0.01052828571243658,-0.03892616044823549,0.23392978526258412,-84.91707305192581,-62.76088525457437,bull,medium,neutral,high,end_week,1
2023-08-28,442.239990234375,443.3999938964844,439.9700012207031,442.760009765625,2023,8,28,0,0.006341360859106304,0.007784434506855398,0.007312100390448828,-0.0030846645346667145,-0.00451200803805174,0.002767219996206549,-0.001533812715191596,-1.9019874329428603,-1.3642058675180966,-0.5377815654247637,42.28689542432292,52.166927375031435,36.72194337131291,5.073569161551339,0.4379762984880249,0.04973364148657119,0.00743659143905189,-5.3499755859375,-0.011938978734741257,0.17035770741166228,-0.19832734647814587,0.007746843888626971,-0.011738276968893069,-0.032831644419391126,0.24175457930573363,-34.12813278452839,-47.833072624968565,bull,medium,neutral,normal,start_week,1
2023-08-29,442.6499938964844,449.45001220703125,442.4599914550781,449.1600036621094,2023,8,29,1,0.014454769525983568,0.025128403329902183,0.020416971115857496,0.012159621283956534,0.009437240892624654,0.014567611357586996,0.011931919740044705,-1.1530904701268128,-1.3219827880398398,0.16889231791302706,54.037423281405935,86.4098008928309,58.60528100442929,5.269997732979911,0.7773576072099065,0.04384095106053451,0.008250553679972692,6.269989013671875,0.014156988882779276,0.6311739870058876,0.06211430443363142,0.015562429189958605,-0.010760042741376763,-0.01885144874664879,0.2597038555574327,50.77116307669718,-13.590199107169099,bull,medium,neutral,high,start_week,1
2023-08-30,449.510009765625,451.6700134277344,448.7799987792969,451.010009765625,2023,8,30,2,0.004118813092065299,0.018012349069624678,0.021980027697134474,0.016227756211937727,0.012965236095962895,0.015816743698205737,0.014889537592627455,-0.4056283688352096,-1.1387119041989138,0.7330835353637042,55.80602417089307,96.46300357673796,78.3465772815334,4.976427350725446,0.8653662442612959,0.044415039612505224,0.007706899765188522,11.3699951171875,0.02586205699742683,0.9938280396399296,-0.10295320226321025,0.006407872521364537,-0.008820907803340217,-0.01481028124848549,0.264892340289828,108.22785850030736,-3.536996423262044,bull,medium,neutral,normal,mid_week,0
2023-08-31,451.6499938964844,452.8299865722656,450.1600036621094,450.3500061035156,2023,8,31,3,-0.0014633902747576144,0.030808649783193864,0.017243566138583022,0.014568020379762237,0.010783193184701334,0.012098886292407629,0.012399131408838304,0.13196276732287515,-0.884576969894556,1.0165397372174312,55.30236676774938,87.48747037928375,90.12009161628418,4.927854265485491,0.822049814808225,0.04523530121710289,0.007684594123494438,14.05999755859375,0.03222626528965322,0.5773244971257891,-0.14253322403814994,0.005928684076763482,-0.006350861454356482,-0.016251998301697657,0.26304130914043244,113.97761970749107,-12.512529620716256,bull,medium,neutral,normal,end_week,1
2023-09-01,453.1700134277344,453.6700134277344,449.67999267578125,451.19000244140625,2023,9,1,4,0.0018652077861802674,0.025501741458674676,0.015770453125485417,0.01595915348604704,0.01200163817207045,0.011809455497608035,0.01321514932552792,0.6186568095881739,-0.58393021399801,1.202587023586184,53.606581512758794,87.9960767341175,90.64885023004638,4.946428571428571,0.8378409613349176,0.047238657571264636,0.0076105399357689904,14.69000244140625,0.03365407203071302,0.8923537912764803,-0.2141869517047218,0.008843327047059932,-0.003710301812598016,-0.014417103869290737,0.2653971436245084,114.18522115402536,-12.003923265882506,bull,medium,neutral,low,end_week,0
2023-09-05,450.7300109863281,451.05999755859375,449.1700134277344,449.239990234375,2023,9,5,1,-0.0043219313293283435,0.014635423990030594,0.009131211669008765,0.011735692547262921,0.006903778841885755,0.006285219212902815,0.008176225324777464,0.8373630562768426,-0.2996715599430395,1.137034616219882,58.05221502087393,78.55749076422443,84.68034595920852,4.675713675362723,0.7526273420147046,0.04645456209795311,0.0074265326060933695,9.899993896484375,0.022533786996416394,0.5307987585888795,-0.2629842017657267,0.004207070100489814,-0.002207277707166444,-0.018676725465728183,0.25992818406543505,88.10930347965692,-21.442509235775574,bull,low,neutral,low,start_week,0
2023-09-06,448.3999938964844,448.510009765625,443.80999755859375,446.2200012207031,2023,9,6,2,-0.006722440297659893,-0.006545557078626141,0.0005336480721285231,0.005220738262458502,-0.0005272651865682043,-0.00040573793332732144,0.0012950702914875656,0.7582607008109221,-0.08808510779224721,0.8463458086031693,58.3928439359909,63.93992794544061,76.83116514792748,4.731427873883929,0.6143855323951303,0.045641596040520725,0.007515814164024415,8.07000732421875,0.01841836685298537,0.04752168376138941,-0.05429157706905163,0.010532948308398654,-0.0010603474063475282,-0.02527361259148886,0.25145839206871634,34.15357251846978,-36.06007205455939,bull,low,neutral,normal,mid_week,0
2023-09-07,443.1099853515625,445.54998779296875,442.75,444.8500061035156,2023,9,7,3,-0.003070223462506516,-0.013658241566102958,-0.0029451018006474428,0.0022360855697876048,-0.00398316131620069,-0.002941716603422906,-0.0016475590961758657,0.5783574135242588,0.04520339647105401,0.5331540170532049,61.49919975336661,57.308781409391905,66.60206670635229,4.573571341378348,0.5491162489587907,0.04552639131020947,0.00739556001024462,1.82000732421875,0.004108090488755822,-0.46628643723282326,-0.054349176036426305,0.006294228963812128,-0.0010411257368354576,-0.028266240415634747,0.2476161351510362,7.662152519230524,-42.691218590608095,bull,low,neutral,normal,end_week,1
2023-09-08,444.8999938964844,447.1099853515625,444.5299987792969,445.5199890136719,2023,9,8,4,0.0015060872225780564,-0.010725029475704195,-0.003371189956912657,0.003789641697823809,-0.002890730535474284,-0.0012187822098195245,-0.00013329145955565114,0.4842625070468216,0.13301521858620755,0.35124728846061404,61.969211879513765,56.34698150802823,59.19856362095356,4.432141985212054,0.5833621834875647,0.04545996205088849,0.007403547289514488,8.629974365234375,0.01975319663045827,-0.07787549154504754,-0.15339393063151274,0.005790955817666919,0.0004820846202686635,-0.026802724616577067,0.24949515387086918,31.403613173731564,-43.65301849197177,bull,low,neutral,normal,end_week,1
2023-09-11,448.239990234375,448.7699890136719,446.4700012207031,448.45001220703125,2023,9,11,0,0.006576636886363119,-0.006072807951303938,0.0012838607900762522,0.010072591992923652,0.003202576701549553,0.004523064287723866,0.0059624035271979015,0.6387568093390996,0.23416353673678597,0.40459327260231365,62.0598603640618,72.04072058700936,61.8988278348098,4.3221435546875,0.7177139364671774,0.04626526053577708,0.007546489076165135,8.480010986328125,0.019274066329068473,0.3195809002968782,-0.16885306194548,0.005128749538102228,0.0019162557059086982,-0.020402359517582402,0.25771262978914833,63.38232196827203,-27.95927941299064,bull,low,neutral,low,start_week,0
2023-09-12,446.95001220703125,448.5299987792969,445.3900146484375,445.989990234375,2023,9,12,1,-0.005485610225651083,-0.0072344405454741745,-0.004926418366091534,0.004771616694458247,-0.0024215554269975126,-0.0008355834462689948,0.00041117710366012084,0.5562790049477826,0.2985866303789853,0.2576923745687973,60.040976718626275,58.86439384156697,62.4173653122015,4.288572038922991,0.6045024872211107,0.04566031700625692,0.007550167391535699,3.22998046875,0.007295104339842595,-0.17213668752154634,-0.07937745491646864,0.007040481175842673,0.002517264034867628,-0.025776050351236424,0.2508133085262465,43.4022257616934,-41.13560615843303,bull,low,neutral,normal,start_week,1
2023-09-13,446.2200012207031,447.7099914550781,445.0799865722656,446.510009765625,2023,9,13,2,0.001165989243338661,0.0006499227827718723,-0.003176796391268888,0.005533138656257597,-0.0013799022991131116,0.0002787356172893052,0.0014606124340332816,0.5268033201830917,0.3442299683398066,0.1825733518432851,55.017313522146786,61.649713376889366,64.18494260182187,4.082142421177456,0.6205717559283026,0.04589083582350539,0.007055906570661712,-2.649993896484375,-0.005899888402525422,0.24867272271707663,-0.17098644671019636,0.005890136447765193,0.0018026206509345055,-0.02464011570534308,0.25227174338941283,37.10698124586061,-38.350286623110634,bull,low,neutral,normal,mid_week,1
2023-09-14,449.07000732421875,451.0799865722656,447.7200012207031,450.3599853515625,2023,9,14,3,0.008622372403159329,0.012386150775425042,0.005564108371349796,0.012980491797377702,0.006904941858234537,0.007523435017810165,0.00934077290817914,0.8048269378903683,0.436349362249919,0.3684775756404493,70.79340014095177,82.27088540142763,67.5949975399613,3.811425345284598,0.7791074286880814,0.04650715267017894,0.0070335314696266735,-0.6500244140625,-0.0014412638300429492,0.8150691875431191,0.14631468104096412,0.007460665824783722,0.0013334142256293813,-0.016230199555852254,0.26306929671086987,80.85789243665572,-17.72911459857236,bull,low,overbought,high,end_week,0
2023-09-15,447.1400146484375,447.4800109863281,442.9200134277344,443.3699951171875,2023,9,15,4,-0.015520895420845227,-0.004825807931186699,-0.008497893569152537,-0.003535297045833774,-0.008887544394334479,-0.006874469340391265,-0.005859319013208575,0.45587383405973014,0.4402542566118812,0.01561957744784892,54.68318482293508,24.817451584016823,56.24601678744458,3.892852783203125,0.4180751438638475,0.04315292345412743,0.007742812973434966,-6.980010986328125,-0.015499080474584703,-0.014899936545784928,0.5199207377660464,0.010284858264683637,-0.0003929904159101216,-0.03149918774673166,0.24346533024733996,-4.26426164343126,-75.18254841598318,bull,low,neutral,high,end_week,1
2023-09-18,443.04998779296875,444.9700012207031,442.55999755859375,443.6300048828125,2023,9,18,0,0.0005864396970667318,-0.010748148495965615,-0.006236349084414949,-0.003749153436945374,-0.008531497178557945,-0.005329210430061404,-0.004887387449299063,0.19802390399655678,0.39180818608881635,-0.19378428209225956,51.288117580717454,10.437209049083929,39.17518201150944,3.8199964250837053,0.40486314896555936,0.03940800432408846,0.007742596828596077,-7.55999755859375,-0.016755685005621412,0.35972243635688095,-0.21952469179441336,0.0054324631688201334,-0.002309551262041465,-0.030931220423784933,0.24419454767892312,-29.10516126365822,-89.56279095091607,bull,low,neutral,low,start_week,0
2023-09-19,442.67999267578125,443.2900085449219,439.94000244140625,442.7099914550781,2023,9,19,1,-0.0020738304839804655,-0.007354422411079642,-0.006844490859685415,-0.0061912625227095175,-0.0107225013304868,-0.006261881146038539,-0.006439503001330671,-0.07964333919409228,0.29751788103223464,-0.3771612202263269,38.600206254962195,20.17470354852691,18.47645472720919,3.5842808314732144,0.33611292723717545,0.037777613684451386,0.007649193981367003,-6.529998779296875,-0.014535657824874537,-0.185348789177273,-0.0674228651089831,0.0075670442686531295,-0.003904736403424147,-0.032940904799943826,0.2416142990979444,-70.03525223614474,-79.8252964514731,bull,low,neutral,normal,start_week,0
2023-09-20,444.010009765625,444.44000244140625,438.42999267578125,438.6400146484375,2023,9,20,2,-0.009193324942280201,-0.017625573772284464,-0.014298746820218478,-0.015381823834188513,-0.01964988348609531,-0.013059707823398492,-0.014436679646059769,-0.6209517981873205,0.11382394518832362,-0.7347757433756441,29.727972537189217,1.3780950569200117,10.663335884843589,3.8071376255580356,0.08853998206193824,0.03738352005930266,0.00792095229220408,-7.579986572265625,-0.0169871062514666,-0.8532533759877814,0.14349701565818607,0.013701462622925363,-0.005428761147066252,-0.04183139330050545,0.23019973539335536,-104.2662996062131,-98.62190494307998,bull,low,oversold,high,mid_week,0
2023-09-21,435.70001220703125,435.9700012207031,431.2300109863281,431.3900146484375,2023,9,21,3,-0.016528359834683037,-0.04212179438703145,-0.027649707011797697,-0.030389230859503957,-0.03522254389051138,-0.024966227681247677,-0.028515295083740733,-1.6163250717780784,-0.23220585820495682,-1.3841192135731215,24.447455072950163,0.7130287197034192,7.421942441716752,4.145710536411831,-0.14898545709149122,0.04682575014191692,0.008296156777992109,-13.459991455078125,-0.03025737050781563,-1.6190884097212461,0.4069929967848711,0.010987714303581803,-0.007788177710566724,-0.05766834881433158,0.2098665514982423,-219.77990785950132,-99.28697128029658,bull,low,oversold,high,end_week,0
2023-09-22,432.45001220703125,434.1000061035156,429.989990234375,430.4200134277344,2023,9,22,4,-0.0022485481530990503,-0.02920806963049072,-0.02652282987765342,-0.03186550451105341,-0.03656708969864653,-0.023076806772855396,-0.02849046033986702,-2.4551352829747657,-0.6767917431589187,-1.7783435398158471,22.105851618873828,2.038991313558402,1.3767050300605828,4.1542816162109375,-0.10140298865760157,0.05298527794512763,0.0077597856977628206,-15.0999755859375,-0.033892925027599885,-2.2284517470040917,0.3516007528665135,0.009548849358582807,-0.010317920264869329,-0.05978722690821192,0.20714610829837454,-211.3212170703402,-97.9610086864416,bull,low,oversold,high,end_week,1
2023-09-25,429.1700134277344,432.2699890136719,428.7200012207031,432.2300109863281,2023,9,25,0,0.004205189122549191,-0.025697075876316644,-0.018829787203826664,-0.02694730297882264,-0.03177664793492918,-0.016097380872873712,-0.022638220366422823,-2.9399567510847078,-1.1294247447440764,-1.8105320063406314,27.069316625046795,15.697728376998793,6.14991613675351,4.263567243303571,0.03513242115913539,0.05796769705044835,0.007634999386641142,-16.220001220703125,-0.036169028384851476,-1.6376969927955982,-0.029484436586236895,0.008213191362783551,-0.01319532591007433,-0.05583345438192455,0.21222238598231846,-190.55400722649546,-84.3022716230012,bull,low,oversold,normal,start_week,0
2023-09-26,429.0899963378906,429.82000732421875,425.0199890136719,425.8800048828125,2023,9,26,1,-0.014691266090073651,-0.038015827284470394,-0.028810937629497713,-0.03941752860936887,-0.044933080704805284,-0.025973910350305607,-0.034350529065568014,-3.7928520434617212,-1.6621102044876053,-2.130741838974116,24.839201409153603,3.300137949771294,7.012285880109467,4.390712193080357,-0.07247303199346614,0.06885482181074826,0.00802931127452385,-20.1099853515625,-0.045090665243393446,-2.1659629601999897,0.2864248418829549,0.011270823366942701,-0.016600416643857363,-0.06970445633694544,0.194413304349508,-196.90979336702543,-96.6998620502287,bull,low,oversold,high,start_week,1
2023-09-27,427.0899963378906,427.6700134277344,422.2900085449219,426.04998779296875,2023,9,27,2,0.00039913334321250993,-0.028702412992484105,-0.02386890784893092,-0.0365230571824956,-0.04334446696396066,-0.02173451894345868,-0.03152849598233398,-4.404291575499997,-2.210546478690084,-2.193745096809913,26.032613812588465,13.060028196186094,10.685964840985365,4.527141026088169,0.020243572450887544,0.07612833322333497,0.007080549998720783,-20.46002197265625,-0.045822090267127025,-1.3894754210050122,0.38065950860078823,0.0126276376879673,-0.019951786467647614,-0.06933314436642746,0.19489003452485054,-170.56702962713462,-86.9399718038139,bull,low,oversold,high,mid_week,1
2023-09-28,425.4800109863281,430.25,424.8699951171875,428.5199890136719,2023,9,28,3,0.005797444646104211,-0.006652971875356406,-0.013272452211527952,-0.028466776553453532,-0.03664406445367907,-0.013625507989835528,-0.02404043930247013,-4.636111150510942,-2.6956594130542557,-1.9404517374566863,29.27841064647835,21.639406820085014,12.666524322014107,4.727142333984375,0.1381746479120355,0.07867546148765396,0.007173890161099006,-21.839996337890625,-0.04849453114899127,-0.740707638390128,0.19819483025119755,0.012554851630598851,-0.023685983323900706,-0.06393765478692792,0.20181734335819002,-122.53042310419328,-78.36059317991499,bull,low,oversold,high,end_week,0
2023-09-29,431.6700134277344,431.8500061035156,425.9100036621094,427.4800109863281,2023,9,29,4,-0.0024269066881511536,-0.006830543073480633,-0.012052353816521144,-0.02830545640484028,-0.037913584007308265,-0.013588320561293332,-0.02450070854513109,-4.847864208321823,-3.1261003721077696,-1.7217638362140537,23.204683160571847,18.02711497895886,17.575516665076627,4.919285365513393,0.14994474935914281,0.08085996811366389,0.007169586002389837,-15.889984130859375,-0.03583910572626703,-1.4452150415713783,0.4488688855805505,0.01389539227273068,-0.026176721297622607,-0.06620939075305199,0.19890064480965797,-101.51725364509826,-81.97288502104114,bull,medium,oversold,high,end_week,0
2023-10-02,426.6199951171875,428.6000061035156,424.4599914550781,427.30999755859375,2023,10,2,0,-0.00039771082475204,-0.01138285936348371,-0.008706397790170683,-0.026048553734241864,-0.037218432185115446,-0.011855260519774036,-0.02308763409529746,-4.972083610148729,-3.4952970197159616,-1.4767865904327677,24.64710911121199,17.436585081461537,19.034368960168443,4.990716116768973,0.17916594512713713,0.0811901147606172,0.007113412439540433,-16.32000732421875,-0.036787429039047526,-1.8804458046033927,0.03850198914251579,0.009688550869605647,-0.028762451741224493,-0.06658076938640134,0.198423829045415,-100.34312396402743,-82.56341491853846,bull,medium,oversold,high,start_week,0
2023-10-03,425.05999755859375,427.3699951171875,420.17999267578125,421.5899963378906,2023,10,3,1,-0.013386069255070021,-0.010073280021921538,-0.01716048597928843,-0.03604844771225946,-0.04870838235818897,-0.021305984557331237,-0.033575732455817686,-5.469040975509074,-3.890045810874584,-1.57899516463449,20.361507442480033,4.563119548932329,13.342273203117548,5.316430228097098,0.07734351405410708,0.08529017987641692,0.007500972367811943,-21.1199951171875,-0.04770616323289045,-2.349838958711903,0.24830000412047304,0.01705449015361289,-0.03209872611840847,-0.07907558385140911,0.18238164467288698,-114.79331602707835,-95.43688045106767,sideways,medium,oversold,high,start_week,1
2023-10-04,422.07000732421875,425.42999267578125,420.55999755859375,424.6600036621094,2023,10,4,2,0.007281973839242228,-0.003262490718659028,-0.006766410825686409,-0.02662980417145966,-0.04044822374432688,-0.01202398027934004,-0.024620859069688694,-5.5511689142382465,-4.222270431547317,-1.3288984826909296,18.856041425821033,16.41028564657538,12.803330092323057,5.337860107421875,0.19399322694653126,0.08702357763436384,0.007797182050077876,-13.980010986328125,-0.03187126235515214,-1.7337730687571764,0.04164966872627107,0.01146798633068921,-0.03391127050650855,-0.07236943634509563,0.19099171687739513,-98.70536656763645,-83.58971435342461,bull,medium,oversold,high,mid_week,0
2023-10-05,424.3599853515625,425.3699951171875,421.1700134277344,424.5,2023,10,5,3,-0.0003767806262175988,-0.009381100337757187,-0.005538067058199703,-0.02472197930083808,-0.03946367845666132,-0.010509160267404005,-0.023180279641332513,-5.5650168060691385,-4.490819706451681,-1.0741970996174572,22.596574017773406,17.42640514379203,12.799936779766554,5.106432233537946,0.2201954787840254,0.08835446687352037,0.007809049464603754,-6.8900146484375,-0.015971660016406597,-2.0540251066718764,-0.16442687327980143,0.009893949798476149,-0.03411454000868941,-0.0727189495697681,0.19054297427249,-88.38738093467026,-82.57359485620796,bull,medium,oversold,normal,end_week,1
2023-10-06,421.9700012207031,431.1300048828125,420.6000061035156,429.5400085449219,2023,10,6,4,0.011872811648814707,0.0048189330627195215,0.006476483124718158,-0.011327801213147803,-0.027048904346537728,0.001048081709207782,-0.010733916009684985,-5.1103953353323845,-4.614734832227822,-0.49566050310456244,32.03264548777935,38.582077911622335,24.139589567329892,5.686431884765625,0.368800960559853,0.08634058039971855,0.008397517147091292,-0.8800048828125,-0.002044525940614217,-1.3283667856198214,0.30911996174111,0.02451459368119753,-0.03330965803311425,-0.06170951631249477,0.204678066765847,-57.53636924641153,-61.417922088377665,bull,medium,neutral,high,end_week,1
2023-10-09,427.5799865722656,432.8800048828125,427.010009765625,432.2900085449219,2023,10,9,0,0.00640219757250482,0.011654328274042447,0.012905904661038692,-0.00314420001503235,-0.01972610085362192,0.006302529737924667,-0.004075809181670276,-4.476599079509185,-4.587107681684095,0.11050860217491021,37.30508225027104,49.91760508810595,35.30869604784008,5.842145647321429,0.4612060812192411,0.08104878583681097,0.008388454426183679,0.05999755859375,0.00013880933083942892,-0.8219679627072269,-0.08181330174861756,0.013578835969273884,-0.03221622597370566,-0.05570239525552634,0.2123906537605451,-24.67562969284861,-50.08239491189405,bull,medium,neutral,normal,start_week,1
2023-10-10,432.94000244140625,437.2200012207031,432.5299987792969,434.5400085449219,2023,10,10,1,0.00520483924107662,0.030717076589863446,0.0161160754372367,0.0033688980302670757,-0.013583808151393262,0.009747455716975217,0.0010256715068552857,-3.7495325078014616,-4.419592646907569,0.6700601391061074,44.7730673433134,84.2723513388148,57.59067811284766,5.765001569475446,0.5439447493723856,0.0766621286588572,0.008481318193752117,8.660003662109375,0.020334374853997472,-0.3046951128131854,-0.10762866337061061,0.010793027912690822,-0.029228829566395942,-0.05078747802709749,0.2187009522107528,16.40261612480512,-15.727648661185206,bull,medium,neutral,normal,start_week,1
2023-10-11,435.6400146484375,436.5799865722656,433.17999267578125,436.32000732421875,2023,10,11,2,0.004096282837700693,0.027457268312433225,0.017834033284039874,0.00866563011062893,-0.008635798763534708,0.01172267909610647,0.0047446389300764835,-2.995169536088781,-4.134708024743811,1.1395384886550302,57.30369285300926,94.71834832645912,76.30276825112661,5.478572300502232,0.6213051533163629,0.07143661974548622,0.008550556384544508,10.27001953125,0.024105198510744996,0.15210760581726535,-0.2919366592508168,0.007792431791829162,-0.026006039474009035,-0.04689923506400928,0.22369309600558318,30.194667414701364,-5.281651673540879,bull,medium,neutral,normal,mid_week,0
2023-10-12,436.95001220703125,437.3399963378906,431.2300109863281,433.6600036621094,2023,10,12,3,-0.006096451268467251,0.02157833607092896,0.010417319871797615,0.004455263905162932,-0.013941605697291082,0.004696169211366064,-0.0012785916948194753,-2.582205453962672,-3.8242075105875837,1.2420020566249117,54.57109200222509,78.55482581331285,85.84850849286222,5.621427263532366,0.5738886354487891,0.060297011551267585,0.008297698219904816,5.1400146484375,0.011994807197368562,-0.3738456934809229,-0.07870291034778787,0.014089344878397312,-0.024107787040090756,-0.05270976743138045,0.21623291067822525,29.261244439903738,-21.445174186687154,bull,medium,neutral,high,end_week,0
2023-10-13,435.2099914550781,436.45001220703125,429.8800048828125,431.5,2023,10,13,4,-0.004980868984616693,0.004563000922120475,0.004443753632740632,0.0008280226087429288,-0.01807873396033477,-0.00026070455279847415,-0.005792583246555738,-2.401539237833049,-3.5396738560366767,1.1381346182036278,48.98014695161102,65.96739457121566,79.74685623699584,5.8371429443359375,0.5151151197823027,0.05478108150438939,0.007697017088480568,4.019989013671875,0.009403922780848895,-1.0091428867981367,0.0904452703190961,0.015225972941410777,-0.02242284598975197,-0.05742809597021181,0.2065542435159855,21.265355867516895,-34.03260542878433,bull,medium,neutral,high,end_week,1
2023-10-16,433.82000732421875,437.1400146484375,433.57000732421875,436.0400085449219,2023,10,16,0,0.010521456651035654,0.008674732068461255,0.012953473391072556,0.012249191185552899,-0.007260887275026384,0.008666177286261734,0.004320660656179642,-1.8704577402695577,-3.205830632883253,1.3353728926136954,64.94997112596175,92.42431517751233,78.98217852068025,5.724999564034598,0.7503284484050871,0.048932477565358214,0.008135175507060803,8.730010986328125,0.0204301585177189,-0.4468933883548822,-0.14509389656596305,0.008187338900693925,-0.019955862926682277,-0.04751086654147829,0.2192489516862619,75.06265659177194,-7.57568482248768,bull,medium,neutral,normal,start_week,0
2023-10-17,432.80999755859375,438.1400146484375,432.45001220703125,436.0199890136719,2023,10,17,1,-4.591214305493807e-05,0.0034058554785456607,0.009522849116722076,0.012989331705536289,-0.0066420097199983985,0.007284074181513223,0.003956663986709241,-1.434649489796584,-2.8515944042659194,1.4169449144693353,64.73542298314094,88.19586280020526,82.19585751631105,5.747142246791294,0.800792729192622,0.04318366251871146,0.008131505968635431,14.42999267578125,0.03422754999199773,-0.9494108890580115,-0.15056425537596574,0.01304986602627485,-0.01601237540176903,-0.04755459735883194,0.19323495428125925,84.94982805121072,-11.804137199794738,bull,medium,neutral,normal,start_week,0
2023-10-18,434.19000244140625,435.17999267578125,429.0899963378906,430.2099914550781,2023,10,18,2,-0.013325071567788949,-0.014003519817051169,-0.005207419599986496,0.00047089575694081454,-0.019049897225257073,-0.005198650722915477,-0.008729360784797802,-1.5403305860967862,-2.5893416406320933,1.049011054535307,52.27333931040372,55.84625004672786,78.82214267481513,5.857855660574777,0.5119782669405641,0.039312511507502805,0.008405714101521843,5.54998779296875,0.013069250094446705,-1.5464452528780355,0.04857080927738333,0.01415586913100909,-0.013914938549003275,-0.06024600051343709,0.17733501311827404,28.81608421743015,-44.15374995327214,bull,medium,neutral,high,mid_week,0
2023-10-19,430.95001220703125,432.82000732421875,425.7300109863281,426.42999267578125,2023,10,19,3,-0.008786403975676982,-0.016672072419114503,-0.014387928323787658,-0.007747377217724449,-0.026811487147143764,-0.011820206339699713,-0.01616816823073841,-1.907113905066808,-2.4528960935190365,0.5457821884522285,48.684519408184755,34.79951199121856,59.61387494605054,5.939998081752232,0.30578618291098597,0.03989096828354723,0.007806801523852726,1.92999267578125,0.004546508070156108,-2.2286744971192656,0.3467258122058827,0.016626401659512763,-0.012604917472477384,-0.06850305879068419,0.16699047207830797,-25.30056751823191,-65.20048800878143,bull,medium,neutral,high,end_week,0
2023-10-20,425.9800109863281,426.5400085449219,421.0799865722656,421.19000244140625,2023,10,20,4,-0.01228804334679856,-0.023893389475304172,-0.02461673555937005,-0.018886644327430147,-0.03768428113545563,-0.02035141455845557,-0.02621926645892636,-2.590751180448592,-2.480467110904948,-0.11028406954364423,43.196988138999366,5.623655512018406,32.089805849988245,6.034284319196429,0.0677114136599839,0.04368989819355265,0.008232967390238172,-8.350006103515625,-0.01943941411139205,-2.7558179579266264,0.35814700901088314,0.012963322825820918,-0.013397344461901994,-0.07994933358167455,0.1526504425721087,-111.23330452504071,-94.3763444879816,sideways,medium,neutral,high,end_week,0
2023-10-23,419.6099853515625,424.45001220703125,417.79998779296875,420.4599914550781,2023,10,23,0,-0.0017332106225139698,-0.03573070540438417,-0.023632451619763017,-0.019242654209069898,-0.0382451400017102,-0.018720648241947413,-0.02589337235854794,-3.1550746950507573,-2.61538862773411,-0.5396860673166475,48.58714249302119,13.077680187006191,17.83361589674769,5.995714460100446,0.08982124231845086,0.04691284921197531,0.008139985303328686,-11.83001708984375,-0.027365927631923137,-2.947764950769836,-0.0028691249136511,0.01581606942208433,-0.014966380648546829,-0.08154397516996192,0.13328476425930336,-130.31051001572612,-86.9223198129938,sideways,medium,neutral,high,start_week,1
2023-10-24,422.6499938964844,424.82000732421875,420.739990234375,423.6300048828125,2023,10,24,1,0.0075393937405647815,-0.028416092021118056,-0.013772667594306509,-0.011588964080110564,-0.029907681214017767,-0.009597207077638448,-0.017198815636757292,-3.3083746715716416,-2.753985836501616,-0.5543888350700255,48.715393732525115,28.66277970658753,15.788038468537346,5.959287370954241,0.25742287106336886,0.04777434761023148,0.007729497664576779,-10.910003662109375,-0.025107017645261354,-2.3143690258824163,-0.1406207698536781,0.00963108619034762,-0.01636033913231072,-0.07461937356537418,0.14182904431723742,-87.88483171303359,-71.33722029341247,sideways,medium,neutral,normal,start_week,0
2023-10-25,421.8900146484375,421.9200134277344,417.0199890136719,417.54998779296875,2023,10,25,2,-0.014352187096675628,-0.029427497997640772,-0.023660843937354903,-0.02480781631230733,-0.042719657088522545,-0.02022240335412684,-0.029052703478458564,-3.875794823630315,-2.9783476339273562,-0.8974471897029588,42.447292423082686,2.5094608712237796,14.749973588272473,6.131432669503348,0.03126726076479378,0.05292529033236352,0.008344961204266796,-18.77001953125,-0.04301892926331585,-2.56110332943578,0.036609260868350146,0.011735180355201085,-0.019520689130227642,-0.08790060945160283,0.12544130024077793,-140.67922807095263,-97.49053912877622,bear,medium,neutral,high,mid_week,0
2023-10-26,416.45001220703125,417.3299865722656,411.6000061035156,412.54998779296875,2023,10,26,3,-0.011974614168780984,-0.03254931670194594,-0.030566944921320727,-0.03468514605128625,-0.05300642246375198,-0.027172312112843988,-0.03777997419984169,-4.675046568706136,-3.317687420883112,-1.3573591478230242,31.52055933991305,3.5794324928161827,11.583891023542469,5.804288591657366,-0.057023175820767956,0.06226876646591596,0.0085301302242677,-21.110015869140625,-0.0486787245558129,-2.8062639002170933,0.2511535002985914,0.013889178616641953,-0.02314701095127203,-0.09882264773700022,0.1119645749007836,-177.09573594143222,-96.42056750718382,bear,medium,neutral,high,end_week,0
2023-10-27,414.19000244140625,414.6000061035156,409.2099914550781,410.67999267578125,2023,10,27,4,-0.004532772203415858,-0.024953132089328478,-0.03021659397978793,-0.037168256424141455,-0.05618925512687578,-0.026853637024202626,-0.039142091571725435,-5.397137471561621,-3.733577431018814,-1.6635600405428068,26.036828152210035,5.081230702367879,3.723374688802585,5.7700042724609375,-0.019583706571957644,0.07153468431365054,0.00855043583980819,-20.82000732421875,-0.048250306660993614,-2.9347140771491236,0.17145449987766392,0.013124609780279082,-0.026781919535697307,-0.10290747938968581,0.10692429278449023,-172.11810304340676,-94.91876929763212,bear,medium,oversold,high,end_week,1
2023-10-30,413.55999755859375,416.67999267578125,412.2200012207031,415.5899963378906,2023,10,30,0,0.011955789786880722,-0.01158254106492751,-0.013859913965586612,-0.024316383518730222,-0.04398643418519688,-0.012907755709554714,-0.02565837175913921,-5.509691163470279,-4.088800177509107,-1.4208909859611722,30.157080644274785,22.053231136976663,10.23796477738688,5.846433367047991,0.17657082225640863,0.07518302364794012,0.00909847078131945,-20.45001220703125,-0.04689939410668653,-2.372875308406016,-0.0569641883080062,0.010731710325991534,-0.030549939756286282,-0.0921820297938859,0.12015844693901312,-115.98360416253429,-77.94676886302334,bear,medium,neutral,high,start_week,1
2023-10-31,416.17999267578125,418.5299987792969,414.2099914550781,418.20001220703125,2023,10,31,1,0.006280266349381947,-0.012817771671492784,-0.0034528469710582987,-0.017797978460773134,-0.037045846534751736,-0.005682333001072903,-0.018118118490390578,-5.326879358014651,-4.336416013610216,-0.9904633444044348,31.350384955574313,31.075055460089306,19.403172433144587,5.912148611886161,0.2672011770052158,0.07645218404378205,0.008786605124568898,-17.819976806640625,-0.04086963271328792,-1.9386245924542123,-0.12056463880593593,0.010330002864945198,-0.033709392938999105,-0.08648069114423618,0.1271933403393002,-86.64317632792239,-68.9249445399107,bear,medium,neutral,normal,start_week,1
2023-11-01,419.20001220703125,423.5,418.6499938964844,422.6600036621094,2023,11,1,2,0.010664732962442303,0.012238093685861484,0.008990356736950256,-0.007089857161248103,-0.02608145276753293,0.004161448441656779,-0.007084207442025536,-4.7671627635002665,-4.422565363588226,-0.34459739991204064,39.082983716306835,46.49153620491593,33.206607600660604,5.854291643415179,0.4075892016869044,0.07672108985821137,0.008972189280466747,-7.54998779296875,-0.017549540789215,-1.5028098283576772,0.07628154696712253,0.011474958741052078,-0.03475931089956552,-0.07673825165925452,0.13921455631106228,-39.611888109213304,-53.50846379508407,sideways,medium,neutral,high,mid_week,1
2023-11-02,426.5799865722656,430.9200134277344,426.55999755859375,430.760009765625,2023,11,2,3,0.019164354406221662,0.04414015879645272,0.027265143656888702,0.011195094251555293,-0.006855344120197837,0.01973364183656412,0.011049837058777712,-3.6281573918652157,-4.263683769243624,0.6355263773784081,49.34304923987914,74.49015220801304,50.685581291006066,5.975006103515625,0.6447477881297914,0.07734207476467272,0.009961158191105124,4.33001708984375,0.010154110086566748,-1.1136623284128264,0.02795203304123417,0.010121682074231761,-0.033214879320857205,-0.059044536304344586,0.1610468678129342,33.10925252147636,-25.509847791986953,bull,medium,neutral,high,end_week,1
2023-11-03,433.1400146484375,436.2900085449219,433.010009765625,434.69000244140625,2023,11,3,4,0.009123392577504053,0.0584640357305648,0.03331060071417058,0.01980418084559199,0.002307183881866459,0.024460559068656407,0.018744111228117033,-2.3809240537200367,-3.8871318261389067,1.50620777241887,48.78836399969981,88.07463034518697,69.68543958603863,5.9671478271484375,0.7502894863857887,0.07912510082451688,0.009817945049219005,13.5,0.032052042835176486,-0.7313635980360931,0.09231800161501291,0.007545604363741952,-0.03000396667843752,-0.0504598302111019,0.1716395541888729,76.23342880893462,-11.925369654813029,bull,medium,neutral,high,end_week,1
2023-11-06,435.4700012207031,436.1499938964844,433.67999267578125,435.69000244140625,2023,11,6,0,0.002300489991450494,0.048364990208218384,0.03195168745003851,0.021742730887274186,0.004811307386528796,0.02259834381504855,0.019495215819206102,-1.296841819518363,-3.3690738248147984,2.0722320052964354,49.70895538859152,97.78432154778568,86.78303470032854,5.737147739955357,0.7697494998218484,0.08060341502628869,0.009733764369037643,15.230010986328125,0.03622225965809944,-0.4683986887242529,-0.2552098456528892,0.005669171215456804,-0.026300049114289403,-0.048275422554022396,0.16454172815643586,76.75863437666754,-2.215678452214326,bull,medium,neutral,normal,start_week,1
2023-11-07,435.69000244140625,437.5899963378906,434.510009765625,436.92999267578125,2023,11,7,1,0.0028460378421049093,0.0447871351555047,0.03163883062617989,0.02436358246781878,0.007942083966213431,0.021499907853840483,0.020703372909379736,-0.3337942176776778,-2.762017903387375,2.428223685709697,56.44665955058615,97.67440610093381,94.51111933130214,5.462147303989956,0.7976913500079865,0.08184175478113541,0.009687129584068085,13.29998779296875,0.0313952922117684,-0.21895832512296082,-0.2888669660593761,0.007049153465990358,-0.02297000263705007,-0.04556677839134993,0.16785605798347936,85.68088671671283,-2.325593899066192,bull,medium,neutral,normal,start_week,1
2023-11-08,437.54998779296875,438.0899963378906,434.8699951171875,437.25,2023,11,8,2,0.0007323995367289893,0.03451946295243591,0.02761457109283194,0.025002083851866974,0.009234872181163034,0.01876106144855272,0.01983046761126439,0.45006182920269566,-2.119601956869361,2.5696637860720566,61.11796108102142,97.09142591457616,97.51671785443186,5.185719081333706,0.8035384555343097,0.08236875228167236,0.009647211860776448,19.70001220703125,0.047180009059894834,0.026428314898029878,-0.3163797065324123,0.007364210910698971,-0.017885790478936903,-0.044867751942004985,0.16871139521931244,87.82832073442934,-2.9085740854238433,bull,medium,neutral,normal,mid_week,0
2023-11-09,438.42999267578125,438.4700012207031,433.3999938964844,433.8399963378906,2023,11,9,3,-0.007798750513686392,0.007150121883276572,0.014524261616933432,0.016986892997613134,0.0021584284210884874,0.009136794766170686,0.010987614980926708,0.7870420657731074,-1.5382731523408673,2.3253152181139747,63.50627913357015,84.17633855935385,92.9807235249546,5.157860892159598,0.7060531005906149,0.08243939522833299,0.009712517702939315,21.290008544921875,0.05160588819507095,-0.24797946236530954,-0.08016404661287801,0.01168635295734707,-0.012188799877625667,-0.052316590052185696,0.15959690662549475,73.65983876263519,-15.823661440646147,bull,medium,neutral,high,end_week,1
2023-11-10,435.9800109863281,440.92999267578125,433.8299865722656,440.6099853515625,2023,11,10,4,0.01560480608246917,0.013618861434371743,0.023194321764008485,0.031755109913544244,0.018255114449522214,0.020975542159205496,0.024732338884412508,1.5821448839400318,-0.9141895450846875,2.4963344290247194,69.05616051303215,98.99114971026582,93.41963806139859,5.19000244140625,0.865251983296537,0.08694028058914961,0.010226749518725394,29.92999267578125,0.07287911076644549,0.11068940799936039,-0.007508789061254073,0.016114038127961475,-0.0048272426942039814,-0.037528174212376975,0.16978171578530743,95.86348454685395,-1.0088502897341833,bull,medium,neutral,high,end_week,0
2023-11-13,439.2300109863281,441.3299865722656,438.4200134277344,440.19000244140625,2023,11,13,0,-0.0009531851844464256,0.010328444478376886,0.01641260014723178,0.030271055756935228,0.017802002418237484,0.016873153192494827,0.02195726906427886,2.153555636007752,-0.30064050886619964,2.4541961448739515,66.52035033111454,96.45085833076803,93.20611553346254,5.086427961077009,0.8390558096091434,0.08928045147443722,0.009989180734367251,24.600006103515625,0.05919296980265831,-0.056393508364515905,-0.41294019567274054,0.006610720662422579,0.0013669667916400563,-0.03844558809716481,0.16866669718478455,104.23457328119024,-3.5491416692319677,bull,medium,neutral,low,start_week,1
2023-11-14,446.32000732421875,450.05999755859375,446.0899963378906,448.7300109863281,2023,11,14,1,0.019400732632628648,0.02700665669180302,0.02887869663831255,0.048699234336091246,0.037572576384641065,0.03079686188034625,0.038569501660484784,3.2579544210003064,0.41107847710710155,2.8468759438932048,79.6500866831772,96.74421940379793,97.39540914827722,5.319283621651786,0.9950329704460859,0.09837573907896915,0.010841203752278166,30.529998779296875,0.07300334263066177,0.34886467026925605,0.07888274453077937,0.008847193464900842,0.00844985883635685,-0.019790728040113392,0.1913396873135238,156.2363445417933,-3.255780596202075,bull,medium,overbought,high,start_week,1
2023-11-15,450.1099853515625,451.3800048828125,448.79998779296875,449.67999267578125,2023,11,15,2,0.0021170451411640645,0.02842765620533161,0.024708475302053223,0.048533851297695385,0.03960282086433864,0.02776452772927085,0.0376346817764015,4.161878453745771,1.1612384724348357,3.0006399813109357,88.2547178709998,95.96867046308981,96.38791606588524,5.083570207868304,0.9487720852616047,0.10814810655926455,0.010264863214946428,27.019989013671875,0.06392842658297204,0.6710720538684608,-0.13368312723545928,0.005737451369565244,0.014535202861374774,-0.017715580763586702,0.19386180721002688,146.95310130176867,-4.031329536910192,bull,medium,overbought,normal,mid_week,1
2023-11-16,449.2200012207031,450.55999755859375,448.1199951171875,450.2300109863281,2023,11,16,3,0.001223132715498565,0.0377789387488201,0.021430023232211104,0.04691141434793633,0.04061553194931933,0.024447600282983428,0.035918571347167916,4.866528333760925,1.9022964447000537,2.964231889060872,91.88733898435464,97.06334578922143,96.59207855203636,4.872855050223214,0.9029487382895953,0.11642030335437262,0.009936411118074424,19.470001220703125,0.045199184648771595,0.9356471524058757,-0.22954045034562498,0.005419457570278104,0.018782988830108538,-0.016514116554494196,0.1953220586442097,124.84819665859995,-2.9366542107785643,bull,medium,overbought,normal,end_week,1
2023-11-17,450.239990234375,451.4200134277344,449.2900085449219,450.7900085449219,2023,11,17,4,0.0012438032670611943,0.02310438603709075,0.018978576328222863,0.044618597986100905,0.04165609337025433,0.021678822303276002,0.03435628386315659,5.407817608147695,2.6034006773895824,2.804416930758113,91.06395734657899,98.30689462297158,97.11297029176092,4.596426827566964,0.8661265351854585,0.12186660538958154,0.009297567952122025,16.100006103515625,0.03703790290342779,1.260725352769412,-0.016035238620023873,0.00472504900826843,0.022255146053950847,-0.015290853599556287,0.19680880412594148,115.63386873940058,-1.6931053770284212,bull,low,overbought,high,end_week,1
2023-11-20,450.5299987792969,455.1300048828125,450.5199890136719,454.260009765625,2023,11,20,0,0.00769760011297449,0.03196348678112382,0.02253007594143952,0.04855325749208239,0.049392575913655534,0.02488506896548137,0.039061207830951794,6.047086309582028,3.2921378038280715,2.7549485057539562,91.23973207056183,97.61514568207352,97.66179536475549,4.6171417236328125,0.8809281874159591,0.12746039567574463,0.009260328375202674,18.57000732421875,0.042622064358055045,1.527789946320361,-0.16126588812305231,0.010148407894234754,0.026270620888567686,-0.00771095636297725,0.20602135971179014,119.977017216847,-2.3848543179264783,bull,low,overbought,normal,start_week,0
2023-11-21,453.17999267578125,454.1300048828125,451.9599914550781,453.2699890136719,2023,11,21,1,-0.0021794142796411897,0.01011739334608941,0.01656254055016726,0.04270110207870581,0.04675343651327157,0.019100025579035895,0.033978370135535174,6.400049177392361,3.91372007854093,2.4863290988514315,88.02482652368012,93.48962060795871,96.47055363766792,4.402858189174107,0.8244632986377566,0.13160533797808358,0.009314916745787587,16.339996337890625,0.03739728700660638,1.3200336289567616,-0.398848054361326,0.004787463278688238,0.02969900498867961,-0.009873565274211238,0.20339293953888204,109.40974920079124,-6.510379392041291,bull,low,overbought,low,start_week,1
2023-11-22,454.9800109863281,456.3800048828125,453.8900146484375,455.0199890136719,2023,11,22,2,0.0038608335923762116,0.011875103239784801,0.01643648446814505,0.04223497877398197,0.050381926509095454,0.019421989043513666,0.03505915904575785,6.7432531430284826,4.47962669143844,2.263626451590042,85.78168674915716,94.18050426488793,95.09509018497336,4.035001482282366,0.8203319060556271,0.13184755553712346,0.008322593615682562,17.769989013671875,0.04064034079741985,1.5382692107471314,-0.2591902441196451,0.005472265602600118,0.033396520648029115,-0.006050851874322194,0.20803903942468227,111.42697605336978,-5.819495735112068,bull,low,overbought,low,mid_week,1
2023-11-24,455.07000732421875,455.5,454.7300109863281,455.29998779296875,2023,11,24,4,0.0006153548988119262,0.011260859300635584,0.012209629780121745,0.0377952788549758,0.05078862763156988,0.016912621281844453,0.0329647691725381,6.9576350341912985,4.975228359989012,1.9824066742022861,84.06609149018595,95.30018897516497,94.32343794933718,3.695000784737723,0.8004791842858778,0.12578335149837586,0.0074546208344929464,21.459991455078125,0.04946522136323339,1.6523917975245235,-0.6082270294945602,0.0016911685357259437,0.03811364436419029,-0.005439220396853184,0.20878241216554816,101.80359538479802,-4.699811024835029,bull,low,overbought,low,end_week,0
2023-11-27,454.6499938964844,455.489990234375,454.0799865722656,454.4800109863281,2023,11,27,0,-0.0018009594303206589,0.00818563493303004,0.007280687411734155,0.030780786249926306,0.048358583856223936,0.012731478458017254,0.02873420427792328,6.98089751096353,5.376362190183916,1.6045353207796138,81.24380285649623,91.73197133101995,93.73755485702425,3.619286673409598,0.7708019785798657,0.11366529303569421,0.007294681720318872,13.870025634765625,0.031479145039572165,1.4395230168216095,-0.30872021810639494,0.003102454735136396,0.04078098285597198,-0.007230384011906565,0.2066054440811529,89.7725683939084,-8.268028668980053,bull,low,overbought,low,start_week,1
2023-11-28,454.0799865722656,456.2699890136719,453.5,454.92999267578125,2023,11,28,1,0.000990102267592663,0.0014748886006978879,0.004994802892226202,0.02721869277982103,0.048849781396292036,0.011596731136541027,0.027488266860949295,6.9554646858159686,5.692182689310327,1.2632819965056417,80.7377382364406,93.69011525758657,93.57409185459046,3.597143990652902,0.7648093943710698,0.10278597873941069,0.00716357859751194,14.739990234375,0.03348551796411381,1.659536390516297,-0.1353606989386923,0.0060888247824231415,0.0436370201894154,-0.006247440563919571,0.20780010686742734,82.88485532186405,-6.309884742413438,bull,low,overbought,normal,start_week,0
2023-11-29,457.1499938964844,458.32000732421875,454.20001220703125,454.6099853515625,2023,11,29,2,-0.0007034210304239785,0.002956287357136711,0.0029850342693475973,0.02229385068699652,0.04753720084850421,0.009195115343650029,0.024733841569264614,6.830746478588139,5.91989544716589,0.9108510314222498,79.6448158624873,85.11227939978863,90.17812199613168,3.6614292689732144,0.7463458197057066,0.09049818955170237,0.007244885856610945,5.879974365234375,0.013103590625262562,1.4001123991091042,-0.11078560062985432,0.009062702646096507,0.04441957263261842,-0.006946467013264512,0.20695051487170835,81.9777401422384,-14.88772060021137,bull,low,overbought,normal,mid_week,1
2023-11-30,455.4800109863281,456.760009765625,453.3399963378906,456.3999938964844,2023,11,30,3,0.003937459806426347,0.0030328445258061,0.0054435740076332895,0.02244036011539441,0.05080178640101396,0.011120284987192086,0.026581031265841215,6.797982223191525,6.095512802371017,0.702469420820508,90.78094624443655,92.16001714665248,90.32080393467585,3.543572562081473,0.7801912399511048,0.08008944219423308,0.0070836828460167384,6.720001220703125,0.01494396310744528,1.6481315350258003,0.13773998278825306,0.007493456339769507,0.04511263840752977,-0.003036358641499537,0.21170283401236145,75.78223424021782,-7.839982853347522,bull,low,overbought,normal,end_week,1
2023-12-01,455.7699890136719,459.6499938964844,455.1600036621094,459.1000061035156,2023,12,1,4,0.005915890103284305,0.008346185838851383,0.009419213075965382,0.025234496801918915,0.0556712061001472,0.01443291645045841,0.030162386674395636,6.910227928804204,6.258455827657654,0.65177210114655,89.19038495621587,97.4093815405138,91.56055936231827,3.357142857142857,0.8296643829128552,0.07654602107437732,0.006134088919873569,8.8699951171875,0.01970103036391513,1.8778968336366488,0.27752160516375235,0.009779982955091965,0.04582040090483308,0.0,0.2188711348162169,91.57774656883925,-2.5906184594861887,bull,low,overbought,high,end_week,0
2023-12-04,455.6000061035156,459.1199951171875,454.3399963378906,456.69000244140625,2023,12,4,0,-0.005249408908885922,0.004862681309749872,0.0028194748127987612,0.017353539749976665,0.04886240114851037,0.007695768746404319,0.022879013074077026,6.72716968034041,6.352198598194205,0.3749710821462049,82.25173763967331,78.17115053090693,89.2468497393577,3.490716116768973,0.7374412006554871,0.07308563005101902,0.006245588352527629,5.899993896484375,0.013088120376777201,1.5446222884372587,0.058577576162234024,0.010466615765056414,0.04591347445092908,-0.005249408908885922,0.21247278182232865,76.904658935328,-21.82884946909307,bull,low,overbought,normal,start_week,0
2023-12-05,455.260009765625,457.5899963378906,454.8699951171875,456.6000061035156,2023,12,5,1,-0.00019706220282800224,0.003670923998463582,0.0021069479706365968,0.01478958555235721,0.047483165057701004,0.006336467583077043,0.020962418850968723,6.499905878318032,6.38174005421897,0.11816582409906129,72.97137441298662,73.54737106785066,83.0426343797571,2.9800022670200894,0.7146679890329317,0.06889516047075077,0.00627447939309126,2.339996337890625,0.005151226803120856,1.2568552387150116,0.01857176663281579,0.0059570766192378775,0.0452808127704889,-0.005445436651630775,0.21223384926507372,70.47014739300727,-26.45262893214933,bull,low,overbought,normal,start_week,0
2023-12-06,458.80999755859375,458.8399963378906,454.30999755859375,454.760009765625,2023,12,6,2,-0.004029777295871284,0.0003300068605982531,-0.0022575986937893866,0.008701615568720067,0.041881476643146565,0.0019295315346301578,0.015580710335117542,6.100996856864015,6.325591414747979,-0.22459455788396454,64.09548164205393,57.5890316689385,69.76918442256533,3.114288330078125,0.6366296708343451,0.06368759812991327,0.006433108192462957,1.490020751953125,0.003287269812844773,0.9849112663210272,0.0052399952737154365,0.00996129536902674,0.04423894913070803,-0.009453270050517215,0.20734881682201878,62.573247831132484,-42.4109683310615,bull,low,neutral,normal,mid_week,1
2023-12-07,456.9100036621094,458.8999938964844,456.2900085449219,458.2300109863281,2023,12,7,3,0.007630400972353568,0.004009678164585528,0.004648024321193711,0.014038963199648036,0.048285725647939426,0.008089715322520341,0.02156458355446289,5.995743483224089,6.259621828443201,-0.263878345219112,69.10219452549106,86.29358187323993,72.47666153667633,3.235715593610491,0.7403903779979861,0.05840068690172606,0.006544316749177961,3.21002197265625,0.007054683420863572,1.175280636190272,-0.02942978199278845,0.005695797501225585,0.04343581062256141,-0.0018950013191491033,0.21656137240786744,81.2279890114739,-13.706418126760065,bull,low,neutral,normal,end_week,1
2023-12-08,457.4599914550781,460.75,457.2099914550781,460.20001220703125,2023,12,8,4,0.004299153642212783,0.0023960054212406323,0.007884382678957857,0.015436781977538727,0.051268676220186604,0.01049226326640218,0.02398762590004,6.002103547314732,6.208118172217508,-0.20601462490277545,71.05145658244182,94.62378101349275,79.50213151855702,3.336430140904018,0.829367499770363,0.04686795748913107,0.006099284894543881,4.9000244140625,0.010762188766608505,1.407696653108793,0.2052295707623495,0.007692326056109105,0.04304491099059704,0.0,0.2217915566630302,105.74297447913085,-5.376218986507247,bull,low,overbought,high,end_week,1
2023-12-11,459.69000244140625,462.1700134277344,459.4700012207031,461.989990234375,2023,12,11,0,0.003889565362589442,0.011605219655862253,0.010143170667402224,0.01698755840007915,0.0536963192945783,0.012176752836953186,0.025845056282233436,6.081476733073373,6.182789884388681,-0.10131315131530805,68.698565214952,98.2367991583025,93.05138734834503,3.2000013078962053,0.9048349353719792,0.04196169084189881,0.005337041500541791,7.509979248046875,0.01652433345032822,1.550093528260482,-0.04133399316818731,0.005844308890029176,0.04311581753148963,0.0,0.22654379478213094,141.5602388572208,-1.763200841697503,bull,low,neutral,normal,start_week,1
2023-12-12,461.6300048828125,464.20001220703125,460.6000061035156,464.1000061035156,2023,12,12,1,0.004567232870283933,0.016425755365188754,0.012726185888308539,0.01895082710986018,0.05673538625357177,0.014178401121154316,0.028205037791869447,6.2426794780514,6.194767803121225,0.0479116749301749,74.85091328741453,99.07913483073447,97.31323833417655,3.2928575788225447,1.0420180369621264,0.03496346213139837,0.005297898318997816,9.170013427734375,0.020156977063215287,1.6788149286388192,-0.004107599218882818,0.007756961982699605,0.043456169079562956,0.0,0.2321457059185028,188.22683946990634,-0.9208651692655279,bull,low,overbought,normal,start_week,1
2023-12-13,464.489990234375,470.760009765625,464.1199951171875,470.5,2023,12,13,2,0.013790118104538118,0.03461164107742687,0.023144142914511834,0.030539449061585566,0.06892705080310901,0.02372829861660808,0.03912171812285936,6.808377102149109,6.3174896629268025,0.4908874392223064,79.2738793954189,98.50740777724637,98.60778058876109,3.5464281354631697,1.2099785748036176,0.04301460656053307,0.0044447255170658,15.8900146484375,0.03495307001703729,1.8556878513841502,0.3634249184839904,0.014112677254914984,0.04474727066137585,0.0,0.2491371407251186,262.3410495624029,-1.4925922227536224,bull,low,overbought,high,mid_week,1
2023-12-14,472.5,473.7300109863281,469.25,472.010009765625,2023,12,14,3,0.003209372509298536,0.03007223108245527,0.022955333929833843,0.03132475034932369,0.07005542688669664,0.02276324769919391,0.039188464753968866,7.294455767835132,6.5128828839084685,0.7815728839266631,80.19521556430533,91.56449247163768,96.38367835987282,3.811429704938616,1.125133846253957,0.05010886954375248,0.004448022861431081,15.610015869140625,0.0342024892153725,2.06786253695916,0.6883265452136149,0.009491347415603875,0.04604315691470218,0.0,0.2531460871249056,249.78504952442594,-8.435507528362319,bull,low,overbought,high,end_week,0
2023-12-15,469.489990234375,470.70001220703125,467.42999267578125,469.3299865722656,2023,12,15,4,-0.00567789482831127,0.019839144117899332,0.014896998975824749,0.023333670274546137,0.061821497647208234,0.014310144028035543,0.030746465485637975,7.378367906234644,6.685979888373703,0.6923880178609405,75.14385515274276,78.42069027449337,89.4975301744591,4.037859235491071,0.9449893125228352,0.052436473456536556,0.0048007091387955,10.22998046875,0.022282684235999328,1.5774712378217914,0.9066065996900212,0.006967420844196357,0.04623572512160057,-0.00567789482831127,0.24603085543770065,167.97221047433922,-21.57930972550663,bull,low,overbought,high,end_week,1
2023-12-18,470.9800109863281,472.9800109863281,469.8900146484375,471.9700012207031,2023,12,18,0,0.0056250713228847005,0.021602223418877742,0.01724468201101348,0.026719241268694738,0.06574820085447142,0.016884378045267212,0.03374613800308657,7.570626529001515,6.862909216499266,0.7077173125022496,76.85998597271703,91.36827610979735,87.11781961864277,4.100718906947544,0.9789636715676172,0.05578552791121801,0.004859642288647664,15.279998779296875,0.03345814162257099,1.6839348935302105,-0.04389043839491391,0.006547018517911433,0.04768127049587534,-8.476206879959314e-05,0.2530398678700527,166.7142456684545,-8.631723890202652,bull,low,overbought,normal,start_week,1
2023-12-19,472.5299987792969,474.9200134277344,472.45001220703125,474.8399963378906,2023,12,19,1,0.0060808846108111325,0.023141542971623075,0.01942277787237412,0.030655505131374827,0.07017241784229533,0.019449995252334373,0.036957287386895965,7.863927037338101,7.0631127806670335,0.8008142566710674,79.51558424557932,99.62920747694214,89.80605795374426,4.017148699079241,0.9967656410845407,0.06171019610866724,0.004778060639836432,18.239990234375,0.03994741566043647,1.739971320478111,-0.23506226407264752,0.005201754780036475,0.04978272123352023,0.0,0.26065945871931673,161.57052164002818,-0.3707925230578646,bull,low,overbought,low,start_week,0
2023-12-20,473.9599914550781,475.8999938964844,467.82000732421875,468.260009765625,2023,12,20,2,-0.013857271129248727,-0.0047608719115302955,0.0023911466954298355,0.014722665145476377,0.05374113406897085,0.00450056062680626,0.02087977657398188,7.479204267024102,7.146331077938447,0.3328731890856549,65.18178103458109,64.61331437351316,85.2035993200842,4.350003923688616,0.7401925332748064,0.06129526569684059,0.005921749400411998,13.5,0.029685987576079098,1.4079560748897435,0.3617312129854866,0.017255341912092485,0.05122749491835199,-0.013857271129248727,0.24319015879819106,104.84468559815406,-35.38668562648683,bull,low,neutral,high,mid_week,1
2023-12-21,471.3299865722656,472.9800109863281,468.8399963378906,472.70001220703125,2023,12,21,3,0.00948191677446153,0.001461838577848873,0.008771014627310558,0.022385661613484542,0.06199377195574085,0.01184188433295108,0.028232085727850187,7.446738425015326,7.206412547353823,0.24032587766150293,66.66666666666666,85.17840559408928,83.14030914818149,4.366433279854911,0.8533014954820227,0.06336135538555493,0.006161019944295956,14.470001220703125,0.03157803040782259,1.562901129095893,0.1263619778509546,0.00875822835101657,0.05275999860889491,-0.004506747846355741,0.2549779844187454,99.0282215988247,-14.821594405910714,bull,low,neutral,high,end_week,1
2023-12-22,473.8599853515625,475.3800048828125,471.70001220703125,473.6499938964844,2023,12,22,4,0.0020096925426713597,0.009204626697240759,0.007905334314975088,0.022411440527110305,0.062219378424634986,0.011715693104962233,0.02799135958332588,7.412221123169672,7.247574262516993,0.1646468606526792,71.5556596769977,89.57850680108162,79.79007558956133,4.287861415318081,0.8442330458274827,0.06510543016936907,0.006153294494060958,13.449981689453125,0.029226382730738187,1.648229818402296,-0.1478812458546528,0.007769434652596043,0.0538880411289564,-0.0025061124812228996,0.2575001043152483,105.69197621395914,-10.421493198918386,bull,low,overbought,normal,end_week,1
2023-12-26,474.07000732421875,476.5799865722656,473.989990234375,475.6499938964844,2023,12,26,1,0.004222527236930729,0.007797090209681334,0.009227633531247559,0.024388022415512856,0.06459647459170048,0.013494852989945016,0.029865584978933768,7.460252056217541,7.290109821257103,0.170142234960438,73.09089429450758,95.82400927449801,90.19364055655628,4.302860804966518,0.8664513628545601,0.06655186714421411,0.006104913525257947,13.660003662109375,0.029567748113285885,1.6913480605314748,-0.29942926132204317,0.00544517265032129,0.05486258919280629,0.0,0.2628099327561628,108.59730347792538,-4.1759907255019915,bull,low,overbought,low,start_week,1
2023-12-27,475.44000244140625,476.6600036621094,474.8900146484375,476.510009765625,2023,12,27,2,0.0018080855254416495,0.003517002444221262,0.00839715498638438,0.02386095527740273,0.06459274682282046,0.01293877600043536,0.02930859126966845,7.481471266186816,7.328382110243046,0.15308915594376948,77.00520170237532,99.26365276171414,94.88872294576457,4.105717250279018,0.8536598106361307,0.06746866497067854,0.006098435780005304,12.410003662109375,0.026739934279038424,1.754461268429758,-0.14307756537816763,0.003714484433480122,0.055727638221266806,0.0,0.2650932011169631,102.27777296453091,-0.7363472382858616,bull,low,overbought,normal,mid_week,1
2023-12-28,476.8800048828125,477.54998779296875,476.260009765625,476.69000244140625,2023,12,28,3,0.00037773115379002853,0.018002802929937722,0.00745835105314363,0.0218238012498162,0.06306302046303713,0.011248895224649447,0.027437229681130493,7.427195461624706,7.3481447805193785,0.07905068110532731,74.95941856521212,95.77194932940836,96.95320378854014,3.9021453857421875,0.8261266822940351,0.0669181714795724,0.0060748066238670234,6.19000244140625,0.013156221979609528,1.8228166495809226,-0.0361826998404029,0.002706115128777662,0.055193020487415145,0.0,0.265571066231473,99.82481668573251,-4.228050670591642,bull,low,overbought,normal,end_week,0
2023-12-29,476.489990234375,477.0299987792969,473.29998779296875,475.30999755859375,2023,12,29,4,-0.002894973411954771,0.005521441261184812,0.003841672156336573,0.016804832645175516,0.057857554134639555,0.007032145245017496,0.02260979468564095,7.189945419402932,7.316504908296089,-0.12655948889315738,70.76116964714012,87.6106642810725,94.21542212406497,3.915716988699777,0.7563989364720467,0.06554174083716438,0.006174597608784293,3.29998779296875,0.006991351294874715,1.4774578188544745,0.487968996321118,0.007847533200410556,0.053809164808103827,-0.002894973411954771,0.25285990679823334,78.52736973416752,-12.389335718927496,bull,low,overbought,high,end_week,0
2024-01-02,472.1600036621094,473.6700134277344,470.489990234375,472.6499938964844,2024,1,2,1,-0.005596355380219964,-0.0021112636184653644,-0.0024756231745369783,0.009651106133288234,0.049777637303090705,0.001181345457285321,0.015616490483023826,6.7099350324295415,7.19519093312278,-0.48525590069323865,64.30487404346006,71.0914502076818,84.82468793938752,4.067145211356027,0.6510284809205784,0.06390255714988977,0.006329895468573943,3.32000732421875,0.007073929685307956,1.1578027875009067,0.4734081155159342,0.006728072007667974,0.05238294090007023,-0.008475127492145074,0.24584845751816098,45.766010763408296,-28.908549792318205,bull,low,neutral,high,start_week,0
2024-01-03,470.42999267578125,471.19000244140625,468.1700134277344,468.7900085449219,2024,1,3,2,-0.008166688673242328,-0.014422338777650534,-0.009957641984561616,0.00011308256262143601,0.03900751466231034,-0.005925214885393104,0.006776201316228914,5.949472962939126,6.94604733908605,-0.9965743761469241,56.0112807835529,34.77301544740203,64.49170997871875,4.130000523158482,0.5018993201396622,0.05953844234045262,0.006523640044646668,-3.17999267578125,-0.006737700844453021,0.8953680634113957,0.21208415817370696,0.006442093386430364,0.04945763810047854,-0.016572602437693096,0.235674001031571,10.576830655182253,-65.22698455259797,bull,low,neutral,high,mid_week,0
2024-01-04,468.29998779296875,470.9599914550781,467.04998779296875,467.2799987792969,2024,1,4,3,-0.0032210792425203527,-0.019370025387017487,-0.011568513676161185,-0.004242758254071277,0.03351583035823236,-0.007733882420692395,0.00327071377821464,5.165412466075509,6.589920364483942,-1.4245078984084332,45.281361662544896,2.190580822172619,36.01834882575212,3.9335719517299106,0.4220135236815124,0.054403769145105446,0.006595510153737009,-7.55999755859375,-0.01592114736942707,0.6787646290462006,-0.02263459062622797,0.008367581904476349,0.04561200716305658,-0.019740300014506884,0.2316937971563262,-8.784506964768031,-97.80941917782738,bull,low,neutral,high,end_week,1
2024-01-05,467.489990234375,470.44000244140625,466.42999267578125,467.9200134277344,2024,1,5,4,0.00136965984015891,-0.018397677670510593,-0.01014350927917973,-0.0042750903699504406,0.032907736958563305,-0.0053993699252608,0.004299310935341305,4.5433102542648385,6.180598342440121,-1.637288088175283,43.849635212021255,13.399473077556397,16.787689782376987,3.900000435965402,0.40720485107141263,0.04607019245413822,0.006480655656818492,-0.339996337890625,-0.0007260845060436116,0.8377245966288941,-0.010498649213441458,0.008569861622822651,0.04349241192164399,-0.018397677670510593,0.23338079868566397,-22.61617959582759,-86.6005269224436,bull,low,neutral,high,end_week,1
2024-01-08,468.42999267578125,474.75,468.29998779296875,474.6000061035156,2024,1,8,0,0.014275928543528549,-0.0014937439959710197,0.00358423841130473,0.008183801188116124,0.045021363233303635,0.007435645691844739,0.01723233698020099,4.537009529640557,5.851880579880209,-1.3148710502396526,57.07385171979866,73.47137603600636,29.687143311911765,4.060712541852679,0.7028914096380035,0.040335868348085765,0.006966510543256078,1.899993896484375,0.004019449645480844,0.9738673862729441,-0.14352245037877964,0.013590417454871311,0.04128913471936824,-0.004384393058773028,0.23157573215740035,39.007077849714996,-26.528623963993635,bull,low,neutral,normal,start_week,0
2024-01-09,471.8699951171875,474.92999267578125,471.3500061035156,473.8800048828125,2024,1,9,1,-0.0015170695563498926,0.0026023717385206258,0.002012995524112604,0.005193762197901242,0.040625419677012164,0.0049939424455165415,0.014510104354650055,4.422933257361649,5.566091115376498,-1.143157858014849,52.70309140678919,66.99654207146385,51.28913039500884,4.0557098388671875,0.6497774739116727,0.03467652419458104,0.006977188261928873,0.230010986328125,0.000485613827281961,0.7938105421814481,-0.23834782401760735,0.007554626773397905,0.038534853664949686,-0.005894811185890414,0.22970734610780497,49.240749309418675,-33.00345792853614,bull,low,neutral,normal,start_week,1
2024-01-10,474.1600036621094,477.45001220703125,473.8699951171875,476.55999755859375,2024,1,10,2,0.0056554246817059894,0.0165745618977442,0.007485945042424058,0.009318865220383055,0.04349135222715672,0.009020083388724398,0.01871969217290359,4.4969420522782,5.352261302756839,-0.8553192504786384,52.447356285503616,91.09720621329382,77.18837477358798,4.100710187639509,0.8070190237240904,0.030352728985151286,0.007020207893757018,0.910003662109375,0.0019131791733133507,0.9402942381726065,-0.2234504565576838,0.007512206454977543,0.03573787541345452,-0.0002727241648590173,0.23666186338425832,102.54872420344057,-8.902793786706185,bull,low,neutral,normal,mid_week,0
2024-01-11,477.5899963378906,478.1199951171875,472.260009765625,476.3500061035156,2024,1,11,3,-0.00044064012118916196,0.0194102194570982,0.007076071722795563,0.007567072854534063,0.04026357098752853,0.007246605319408017,0.016894545602390787,4.486927492878635,5.179194540781198,-0.692267047902563,64.05978350225672,84.85895086383785,80.9842330495318,3.942138671875,0.7835834654030472,0.026683759025862605,0.006997216200497954,-0.160003662109375,-0.0003357823735709031,0.7199541867608944,-0.10577171901681437,0.012301847961536641,0.0329543121881144,-0.0007132441128391287,0.2361169405509067,86.93469777590907,-15.141049136162147,bull,low,neutral,normal,end_week,1
2024-01-12,477.8399963378906,478.6000061035156,475.2300109863281,476.67999267578125,2024,1,12,4,0.00069273972507089,0.01872110402775018,0.007775845995300346,0.007606492522531649,0.038332097918991614,0.0067139491913634775,0.016274144602948404,4.454271966431463,5.034210025911252,-0.5799380594797885,58.06971776778399,84.22340748319279,86.72652152010812,3.845709664481027,0.7792569334688423,0.027238330049844064,0.006352572136661658,-0.010009765625,-2.0998480299017075e-05,0.8597505361655079,-0.3205113214837192,0.00706972218043067,0.03032048450567215,-2.0998480299017075e-05,0.23697324786045915,110.24203832959284,-15.776592516807218,bull,low,neutral,low,end_week,0
2024-01-16,475.260009765625,476.6099853515625,473.05999755859375,474.92999267578125,2024,1,16,1,-0.0036712260361014826,0.0006952940750566405,0.004156745978231902,0.003597617968017941,0.032169740110033374,0.0025525703335385064,0.011603267741069345,4.238325078571904,4.875033036443383,-0.6367079578714785,52.513745500573556,69.84380132752572,79.64205322485209,3.841424124581473,0.6315070161933879,0.027356851916763233,0.006394094652906249,-0.3800048828125,-0.0007994885122644124,0.5891008523353249,0.01575093850885212,0.007474760170373589,0.027897033251030434,-0.003692147426232917,0.2324320394669528,49.912392515892044,-30.15619867247428,bull,low,neutral,high,start_week,0
2024-01-17,471.82000732421875,472.7900085449219,469.8699951171875,472.2900085449219,2024,1,17,2,-0.0055586805878179435,-0.003355272055177383,-0.0013490306786940742,-0.0022930917730630274,0.02458271211547447,-0.002556825823824882,0.005534667102099933,3.810238895837699,4.662074208322246,-0.851835312484547,43.563240431970286,48.15126872240068,67.40615917770637,3.993567330496652,0.4128611992130658,0.026315392825636337,0.006388254227333506,-0.3599853515625,-0.0007616319818283257,0.34474550378790664,-0.1401080999251697,0.006182670340053653,0.025966772767258117,-0.009230304545825296,0.2255813434133631,-46.02155957569328,-51.84873127759932,bull,low,neutral,normal,mid_week,1
2024-01-18,474.010009765625,477.05999755859375,472.4200134277344,476.489990234375,2024,1,18,3,0.00889280233217904,-0.00014690138613693282,0.00589402769120162,0.006098985667480239,0.03182279728686477,0.005336788149144178,0.013389982154749624,3.766463486918667,4.48295206404153,-0.7164885771228633,49.96599936974442,82.66217303974302,66.88574769655645,4.207853044782366,0.7277699666984973,0.02677695288753175,0.00656991236054821,7.699981689453125,0.016425225685489986,0.6133490386621828,0.13213809722801417,0.009737841772031913,0.025776840185816274,-0.0004195854874381455,0.23648019604234438,57.558054988869976,-17.33782696025698,bull,low,neutral,high,end_week,1
2024-01-19,477.6499938964844,482.7200012207031,476.5400085449219,482.42999267578125,2024,1,19,4,0.01246616416534696,0.012763695800067643,0.015186857640856921,0.017825590838441263,0.0425752086049862,0.015078876469033942,0.024049075534723796,4.1630902019014115,4.418979691613506,-0.2558894897120947,58.153406529383616,98.21971520688808,76.3443856563439,4.560712541852679,1.0661146377962032,0.031487599239322935,0.0069968097134903,15.149993896484375,0.03242166139372871,0.9624163196510227,0.32120751771482214,0.012810133635150118,0.026978630345723342,0.0,0.2518943611534086,179.34157882979056,-1.7802847931119108,bull,low,neutral,high,end_week,1
2024-01-22,484.010009765625,485.2200012207031,482.7799987792969,483.45001220703125,2024,1,22,0,0.002114336891851476,0.014202441124594678,0.01401948091031291,0.01834583478230445,0.042683061758071794,0.0145365584489765,0.02422542236298808,4.5077640842023925,4.436736570131284,0.0710275140711083,61.68200722471961,90.58015854840988,90.4873489316803,4.493569510323661,1.0391368958650216,0.03402815671309117,0.006086066400256015,15.529998779296875,0.03318943053008638,1.1979202321533788,-0.08105756607334458,0.005047062529313476,0.028267288141275992,0.0,0.2545412875858961,222.2746658787651,-9.419841451590113,bull,low,neutral,normal,start_week,1
2024-01-23,484.010009765625,485.1099853515625,482.8900146484375,484.8599853515625,2024,1,23,1,0.0029164817642561847,0.020908329288354954,0.014793020992038164,0.020009498903028167,0.04358086641588832,0.014764091200722751,0.025146123984218782,4.838913683469798,4.517171992798987,0.3217416906708106,68.17507438617211,98.08400369653945,95.62795915061245,4.307852608816964,1.0177610605012954,0.03864620271685732,0.005810219233760527,10.259979248046875,0.02161816080088519,1.3397631746290766,-0.381090504669365,0.004578580972227153,0.028368194132541102,0.0,0.25820013437364686,201.30633696547605,-1.915996303460552,bull,low,neutral,low,start_week,1
2024-01-24,487.80999755859375,488.7699890136719,484.8800048828125,485.3900146484375,2024,1,24,2,0.0010931594952936496,0.02773720778865396,0.013460924140698216,0.019865115184684035,0.04240850219698178,0.013398609961487784,0.024273856051779674,5.085498599074185,4.630837314054027,0.45466128502015835,77.42897800332608,84.87030027170758,91.17815417221895,4.267139979771206,0.9645794974267233,0.04275934537515264,0.005807831012662652,11.510009765625,0.024288869855294548,1.6124684408596006,0.004124999286188924,0.008014141233780523,0.02856309243578159,0.0,0.259575547797517,201.06189233259985,-15.129699728292422,bull,low,overbought,high,mid_week,1
2024-01-25,487.5799865722656,488.30999755859375,485.3900146484375,488.0299987792969,2024,1,25,3,0.0054388925424671,0.024218784825355,0.016538564435299108,0.02408013648845886,0.04594771087319449,0.01595467073023471,0.027573091185601584,5.431334533715187,4.790936757986259,0.6403977757289283,83.05197620811484,96.687599124088,93.21396769744497,4.196424211774554,0.9980836462167807,0.04834556739889118,0.005846934165603663,11.470001220703125,0.02406832566615691,1.8331232847807961,-0.11862290555970001,0.005983203732270487,0.028930674611673535,0.0,0.2664262438511069,173.64933706895596,-3.31240087591201,bull,low,overbought,normal,end_week,0
2024-01-26,487.5899963378906,489.1199951171875,486.5400085449219,487.4100036621094,2024,1,26,4,-0.0012704037021049608,0.010322764052679734,0.012913666214258157,0.02161080152481487,0.042508853689360526,0.01238006900699129,0.02427467353662216,5.5909347633737525,4.950936359063758,0.6399984043099947,81.06476121914916,91.78678744704865,91.11489561428137,4.094279697963169,0.9124067881591954,0.05240166298250356,0.005873364468867239,11.05999755859375,0.023218216472931763,1.5202347441294142,-0.07346000698517263,0.005293257325211091,0.02921787755684435,-0.0012704037021049608,0.2648173712624755,147.7676101876382,-8.21321255295135,bull,low,overbought,normal,end_week,1
2024-01-29,487.7300109863281,491.4200134277344,487.1700134277344,491.2699890136719,2024,1,29,0,0.007919380649885843,0.016175357553392278,0.017849168155646522,0.028130361912609425,0.04885621832713283,0.017205424497860777,0.029915542851633115,5.960182381454615,5.152785563541929,0.8073968179126858,79.19444076261004,99.30383161675053,95.9260727292957,3.9099949428013394,0.9797333630927195,0.05863749340104272,0.006060437338497639,14.589996337890625,0.0306075282413083,1.7270614474875683,-0.25148827351605807,0.008651047479071073,0.030463305508881655,0.0,0.27483394147809115,144.5208513591403,-0.6961683832494749,bull,low,overbought,normal,start_week,0
2024-01-30,490.55999755859375,491.6199951171875,490.1099853515625,490.8900146484375,2024,1,30,1,-0.0007734532410523798,0.012436640430335322,0.013709860503099414,0.02566301906344437,0.04620401456590084,0.013857711546924056,0.026903961227762174,6.151245296610796,5.352477510155703,0.7987677864550928,80.14900766133482,96.64376795977012,95.91146234118973,3.762139456612723,0.9064585711692025,0.06313809299093674,0.005997241686965063,15.96002197265625,0.033604999092048615,1.4489633174502694,-0.255573855578656,0.003076065351841449,0.03205468875154738,-0.0007734532410523798,0.2738479170342514,130.00092571888868,-3.356232040229885,bull,low,overbought,low,start_week,0
2024-01-31,488.6199951171875,489.0799865722656,482.8599853515625,482.8800048828125,2024,1,31,2,-0.016317320635176435,-0.00517111949128779,-0.005007100048387558,0.007849830833047022,0.02770251574890059,-0.0022734799865472555,0.009388905566812822,5.591863664257517,5.400354740976066,0.1915089232814502,59.421620401879466,59.81613685344828,85.25457880998961,4.079997471400669,0.6257707765124834,0.062413789997296,0.007061873805241849,10.589996337890625,0.022422655881536357,0.8874498355388848,0.5978595133500815,0.012881049448739594,0.032874220307379964,-0.017078153191698142,0.2530621321315518,61.374781879342216,-40.18386314655172,bull,low,neutral,high,mid_week,1
2024-02-01,484.6300048828125,489.2300109863281,483.79998779296875,489.20001220703125,2024,2,1,3,0.013088152875065706,0.002397421123006671,0.0053824735949454805,0.01887057869025499,0.03945379597022258,0.009110582755530672,0.02089089928195409,5.594036887972493,5.439091170375352,0.1549457175971405,66.2043226510084,88.87364179238506,81.77784886853446,4.114998953683036,0.8067527850906966,0.06151722040494454,0.007192843583502662,12.71002197265625,0.026674268574675475,1.24520594196911,0.1739176119387731,0.01109980183537152,0.033888916178783646,-0.004213521796429198,0.26946240087884554,77.9006181441058,-11.126358207614942,bull,low,neutral,high,end_week,1
2024-02-02,489.6499938964844,496.04998779296875,489.29998779296875,494.3500061035156,2024,2,2,4,0.010527378920638375,0.014238530988825104,0.013483735051268209,0.026702368927996822,0.04861003750491921,0.016647350859500643,0.029226140376461984,5.942815571936308,5.539836050687544,0.40297952124876346,69.8673681075439,93.50656163083745,80.7321134255569,4.363568987165179,0.9353011472376186,0.06134228934944823,0.007307794188490281,11.920013427734375,0.024708276037359145,1.6114918184167986,0.2556156858006118,0.013654293348155775,0.03465897008388996,0.0,0.2828265125984004,124.29432876397779,-6.49343836916255,bull,low,neutral,high,end_week,0
2024-02-05,493.70001220703125,494.3800048828125,490.2300109863281,492.54998779296875,2024,2,5,0,-0.003641181932482751,0.0026054894618470215,0.007913076719388679,0.020354232557600938,0.04305370619823612,0.010932156631419776,0.023546801572419618,6.00475962637222,5.63282076582448,0.37193886054773984,69.7888719041972,86.63101230262069,89.6704052419477,4.401426042829241,0.8485527389200601,0.05839642121495163,0.0074456367263759675,9.0999755859375,0.018822991738886463,1.2377531145966678,-0.03505737877237303,0.008425528371404046,0.03486474209980983,-0.003641181932482751,0.2781555078782174,106.49670868710066,-13.36898769737931,bull,low,neutral,normal,start_week,1
2024-02-06,493.5199890136719,494.32000732421875,492.04998779296875,493.9800109863281,2024,2,6,1,0.0029033057127196837,0.0062946815899354025,0.008956395950941776,0.021266586541542676,0.04435873235725274,0.011708806334404853,0.024506001771456676,6.098936908077178,5.726043994275019,0.3728929138021586,75.04041060272749,91.2400378661177,90.45920393319193,4.202141898018973,0.8570660067098271,0.05955925834974561,0.006922451517994106,9.120025634765625,0.018809606711828186,1.4311124782323814,-0.2790409560630731,0.0045953671824037175,0.0350880737248751,-0.000748447684068676,0.2818663840659843,108.98022264075033,-8.759962133882297,bull,low,overbought,low,start_week,1
2024-02-07,496.2900085449219,498.5299987792969,495.3599853515625,498.1000061035156,2024,2,7,2,0.008340408570300495,0.0315192202344281,0.014737224894727952,0.027212584589753064,0.05116678066745517,0.016994677178869155,0.030527854450931535,6.431879552287455,5.867211105877507,0.5646684464099483,74.9942289813146,98.04459815034807,91.97188277302878,4.186427525111607,0.9401181856180207,0.06183017534606222,0.007007319542898428,12.709991455078125,0.026185111089035873,1.670289988122101,-0.09301860271787832,0.006364210778739841,0.035900482291369995,0.0,0.2925576734416284,139.2178876573489,-1.9554018496519412,bull,low,overbought,normal,mid_week,1
2024-02-08,498.1000061035156,498.7099914550781,497.260009765625,498.32000732421875,2024,2,8,3,0.000441680823142665,0.018642671483270368,0.013061736744532926,0.025365628989579392,0.049688761668572834,0.01472068731795706,0.028622291150994794,6.636984233564817,6.021165731414969,0.6158185021498479,71.18103240671435,97.55188756958893,95.61217452868486,3.844996861049107,0.895427390428305,0.0641473747230934,0.006981421680258737,10.290008544921875,0.021084786940680056,1.8235721403641272,-0.320603992650204,0.0029097400628944298,0.036154780696525446,0.0,0.29312857137879345,133.40162663960297,-2.4481124304110775,bull,low,overbought,low,end_week,1
2024-02-09,498.8399963378906,501.6499938964844,498.489990234375,501.20001220703125,2024,2,9,4,0.0057794285609300555,0.013856591522082962,0.01606816292303548,0.028661754614452306,0.05370136757798516,0.01736325166623187,0.03192486675120065,6.95178761571799,6.207290108275574,0.744497507442416,72.54254788090005,97.605207637999,97.73389778597864,3.8835667201450894,0.9284584327050934,0.06689506478725335,0.0069934060382396265,13.790008544921875,0.028292420018694697,1.9968264548129182,-0.1619837254613029,0.00630487546916513,0.037038070897414954,0.0,0.30060211557717476,144.23448343882302,-2.3947923620010036,bull,low,overbought,normal,end_week,0
2024-02-12,501.1700134277344,503.5,500.239990234375,500.9800109863281,2024,2,12,0,-0.0004389489532020674,0.017115061216695704,0.013626852193352024,0.025652590554375854,0.051189314293618615,0.014276958073556001,0.029072876026976724,7.1016558363720605,6.386163253894871,0.7154925824771894,71.11054981963626,87.79075956778624,94.31595159179136,3.957855224609375,0.877321122585243,0.06798609730251831,0.007013935122932182,9.71002197265625,0.019765143790181794,1.689951138857293,-0.25918097989846467,0.006507265148576889,0.03705748522642871,-0.0004389489532020674,0.30003121764000973,139.1454384937207,-12.209240432213765,bull,low,overbought,low,start_week,0
2024-02-13,494.5299987792969,497.0899963378906,490.7200012207031,494.0799865722656,2024,2,13,1,-0.01377305334094614,0.00020238791796023392,-0.0009786760458012633,0.00954722557267984,0.0350745131834298,0.00025998322568643317,0.013780532111545174,6.58771410913738,6.4264734249433735,0.1612406841940066,59.75305090028531,54.36043245033504,79.9187998853734,4.411427089146206,0.6507974332018399,0.06331159204746598,0.007802122613735475,3.189971923828125,0.006498343475396906,1.1547709181746204,0.4560705180841118,0.012892639431481617,0.036088508187723134,-0.014205956626801797,0.28212581833455874,53.9127053173798,-45.63956754966496,bull,low,neutral,high,start_week,1
2024-02-14,496.7900085449219,499.07000732421875,494.3999938964844,498.57000732421875,2024,2,14,2,0.009087639398436487,0.0009435880645329853,0.004911994445222945,0.015993806254096743,0.04275643218462277,0.007900161926316374,0.02125398878929108,6.468157840273022,6.434810308009304,0.03334753226371845,61.357754382457145,76.11439352270779,72.75519518027632,4.559286934988839,0.7856452132977867,0.05599185811464381,0.0077417084023273285,15.69000244140625,0.03249254945897784,1.3976287946534913,-0.11929789338783159,0.009366815811480368,0.03765945470706855,-0.005247415839499503,0.2937773154350085,84.38423313732265,-23.885606477292217,bull,low,neutral,normal,mid_week,1
2024-02-15,499.2900085449219,502.20001220703125,498.79998779296875,502.010009765625,2024,2,15,3,0.00689973803251509,0.007404885188576182,0.009239798653216447,0.020350725418297966,0.047964519646609416,0.012540456686646717,0.02614923252984558,6.575193347568131,6.46288691592107,0.11230643164706144,64.83135680286301,92.78106018937444,74.41862872080573,4.634288242885044,0.888477436466518,0.05238586210669658,0.007670839291185031,12.80999755859375,0.026185603513788402,1.6051397314634466,-0.18990365404894838,0.006772821951597898,0.0383701881803209,0.0,0.3027040399839207,118.63863152564109,-7.2189398106255505,bull,low,neutral,normal,end_week,0
2024-02-16,501.70001220703125,502.8699951171875,498.75,499.510009765625,2024,2,16,4,-0.004979980381600746,-0.003371912211183603,0.00317314656140133,0.013510165207985425,0.040880913249246253,0.006337172560532567,0.019450270646153456,6.384691897755772,6.44724791228801,-0.06255601453223836,58.608449134369586,80.66866568490032,83.18803979899415,4.625002179827009,0.7668865905675907,0.050621371344484495,0.007484331179734767,5.160003662109375,0.010437956100740609,1.2399888193502009,0.015531332200780845,0.008248073185001122,0.03758849289087984,-0.004979980381600746,0.2962165994217689,101.93489376212936,-19.331334315099685,bull,low,neutral,normal,end_week,0
2024-02-20,497.7200012207031,498.4100036621094,494.45001220703125,496.760009765625,2024,2,20,1,-0.0055053951797489065,-0.008423492211585004,-0.0031925235262894036,0.006571213032613654,0.03334169605165371,0.0006742078168795462,0.012799652336961564,5.943305384110715,6.346459406652552,-0.40315402254183663,55.84310485193871,67.34503172997877,80.26491920141781,4.878572736467634,0.6378546912754726,0.04766767798625347,0.007657693216857545,4.21002197265625,0.008547400420251039,0.8980013231231961,-0.03283712161837227,0.007971638975018295,0.03665122949035848,-0.010457958801361467,0.28908041480340163,46.15401139963908,-32.65496827002123,bull,medium,neutral,normal,start_week,1
2024-02-21,495.4200134277344,497.3699951171875,493.55999755859375,497.2099914550781,2024,2,21,2,0.0009058331600915182,0.006335016531487714,-0.002935813089961048,0.00622398704425664,0.03260316475399616,0.0013371493484368724,0.012688107725588482,5.565655738856719,6.190298673093386,-0.6246429342366664,66.79161186457286,68.07104239926882,72.02824660471595,4.577141898018973,0.6381813966936705,0.04504214889399559,0.007649748162271492,3.22998046875,0.006538686580253916,1.1653535287594259,-0.2056051664723778,0.007662753412182738,0.035643620852630065,-0.009561598807139027,0.29024810658915534,33.396777142681174,-31.92895760073118,bull,low,neutral,low,mid_week,1
2024-02-22,504.010009765625,508.489990234375,503.0199890136719,507.5,2024,2,22,3,0.020695498324175388,0.017911211153089024,0.015784176208248013,0.024755665807491445,0.05190677585502734,0.018603287547319658,0.03107643007167793,6.027205493436611,6.157680037162031,-0.13047454372541978,69.61830842333518,94.84111459913679,76.75239624279476,4.929284232003348,1.017698799037042,0.04781866570588698,0.008793905879729438,9.399993896484375,0.018871700022687454,1.5130768848074012,0.027307674026309847,0.010778327528479063,0.03556129391739371,0.0,0.31695043411684165,163.55153736107775,-5.158885400863207,bull,medium,neutral,normal,end_week,1
2024-02-23,509.2699890136719,510.1300048828125,507.1000061035156,507.8500061035156,2024,2,23,4,0.0006896671990455072,0.011633226876526237,0.014549504152383541,0.023414501852066616,0.050634877463181294,0.016287288866995375,0.02936375700135785,6.348053161340204,6.195754661997666,0.15229849934253803,66.13285330003443,88.54271618796993,83.81829106212516,4.656428745814732,0.961299581716258,0.05075769148749994,0.008767812732893272,9.529998779296875,0.01912425477449564,1.764628299940185,-0.16920991567362365,0.005966326164972551,0.0355678783175255,0.0,0.3178586916340209,170.27251001617321,-11.457283812030063,bull,low,neutral,normal,end_week,0
2024-02-26,508.29998779296875,508.75,505.8599853515625,505.989990234375,2024,2,26,0,-0.003662529972996542,0.012972673904553922,0.009867333569030023,0.017760854668966486,0.04497571104013898,0.010611499928191659,0.023653011090598364,6.378709718867867,6.2323456733717055,0.14636404549616167,66.03815636330265,78.67071680919206,87.35151586543289,4.566430228097098,0.8505307870984506,0.05066845858528898,0.008831275787753981,4.78997802734375,0.009557018975819842,1.4493738968243708,-0.30499838066017204,0.0057116043878631725,0.03476533630118572,-0.003662529972996542,0.31303199467573717,135.30074821288525,-21.32928319080794,bull,low,neutral,low,start_week,1
2024-02-27,506.70001220703125,507.1600036621094,504.75,506.92999267578125,2024,2,27,1,0.0018577490850577583,0.020472628050221875,0.010543381234207727,0.018048227932046634,0.04534407206622215,0.010547318274436224,0.023617054992638886,6.405022490389285,6.266881036775223,0.13814145361406283,65.63627319122281,83.5135929763988,83.57567532452022,4.576429094587054,0.845808520944199,0.05219139159083642,0.008717441013494243,5.949981689453125,0.011876684815705252,1.6253078020390377,-0.3202877234609153,0.0047541153550382815,0.03443760206465485,-0.001811584949645284,0.3154712786624976,113.90025005018511,-16.4864070236012,bull,low,neutral,low,start_week,0
2024-02-28,505.3299865722656,506.8599853515625,504.9599914550781,506.260009765625,2024,2,28,2,-0.0013216478011486288,0.018201601870594164,0.006763341338058559,0.015136017737799934,0.042489932945508846,0.007783510596931054,0.020581051963323604,6.299200270225299,6.273344883465238,0.025855386760061272,60.74814591498342,80.06185272008892,80.74872083522656,4.392144339425223,0.7890880881515392,0.05235780496727255,0.00872617456974464,12.180023193359375,0.024651925850831535,1.2778140265043623,-0.21266746714402707,0.0037530001576936414,0.03548658372877078,-0.0031308384735285744,0.31373268893957906,98.40503843291975,-19.938147279911075,bull,low,neutral,low,mid_week,1
2024-02-29,508.07000732421875,509.739990234375,505.3500061035156,508.0799865722656,2024,2,29,3,0.003594944833748892,0.0011428306842673486,0.008475389445904424,0.016217892106179743,0.04457061847160659,0.009634692992989136,0.022413428259622448,6.289688700310592,6.276613646834309,0.013075053476282683,62.335657635599084,89.43834145405776,84.3379290501818,4.602144513811384,0.8562949105954887,0.04551816942620433,0.007645928668888747,9.509979248046875,0.019074511319054466,1.630160716589549,0.20468479600191536,0.008640340589827534,0.035791878912914576,0.0,0.3184554854826096,110.00432239279753,-10.561658545942231,bull,low,neutral,high,end_week,1
2024-03-01,508.9800109863281,513.2899780273438,508.55999755859375,512.8499755859375,2024,3,1,4,0.00938826393429193,0.009845366589210425,0.01575772030920608,0.023338085122543317,0.05260797625527447,0.016125468021985778,0.029570727454601764,6.591071195623954,6.339505156592239,0.25156603903171515,64.05302768153352,98.05049670553143,89.18356362655935,4.736430576869419,1.0050343322690933,0.04621088831265503,0.00741956807084871,10.8399658203125,0.021593126848951538,1.9044328536202682,0.11509842407138748,0.00922293203455053,0.03627858810155127,0.0,0.33083349356593517,147.1741066786192,-1.949503294468565,bull,low,neutral,normal,end_week,0
2024-03-04,512.030029296875,514.2000122070312,512.0,512.2999877929688,2024,3,4,0,-0.0010724145835053767,0.012470597601488054,0.012104543028635284,0.020413220267741172,0.04986475825212522,0.012693204523493096,0.026302501266166622,6.708211489714017,6.413246423216595,0.29496506649742216,63.54712438652581,91.90790662249331,93.13224826069415,4.660716465541294,0.922498672147839,0.04831546609121214,0.007200074716159901,12.78997802734375,0.025605048502120864,1.5790084904285595,-0.25047983886595104,0.0042943827043781255,0.037308611529887736,-0.0010724145835053767,0.3294062883192175,141.91103170285564,-8.092093377506684,bull,low,neutral,low,start_week,0
2024-03-05,510.239990234375,510.70001220703125,504.9100036621094,507.17999267578125,2024,3,5,1,-0.00999413476319777,0.0004931647438739528,-6.900547265931145e-05,0.008745308594511947,0.037716915662503236,0.002175626265856101,0.014839303187587527,6.315108559898135,6.393618850552904,-0.07851029065476833,66.37502012254342,65.98830160335457,85.31556831045975,4.455714634486607,0.6918078593421649,0.045594109774778305,0.007583144987923686,10.41998291015625,0.020975889172464735,1.181905601729035,0.09893584125858834,0.01141608231502772,0.03778852875045002,-0.011055831490833556,0.31612002271871265,66.52155778738641,-34.011698396645436,bull,low,neutral,normal,start_week,1
2024-03-06,510.54998779296875,512.0700073242188,508.4200134277344,509.75,2024,3,6,2,0.005067249026642129,0.006893671566100323,0.0025193391812219357,0.01226936069794271,0.04139639916332505,0.006131072975469554,0.018474272962499594,6.140169714140825,6.3429290232704885,-0.20275930912966356,64.6796291725303,78.43987863948475,78.77869562177752,4.448571341378348,0.7789301174355909,0.04398722092380729,0.007619694059635467,12.540008544921875,0.025220749301967382,1.446380683297534,0.021857692407122542,0.007160360758184159,0.03877936161695872,-0.006044605115552049,0.32278913062277836,89.29261016337874,-21.56012136051525,bull,low,neutral,normal,mid_week,1
2024-03-07,513.1400146484375,515.8900146484375,509.80999755859375,514.8099975585938,2024,3,7,3,0.00992642973731006,0.013245967493684896,0.011017289334944058,0.020624214906643124,0.04996795235479978,0.013604877650812863,0.026410825857715148,6.336782449755617,6.341699708567515,-0.004917258811897973,66.12091125446618,95.16338440092386,79.86385488125437,4.627857753208706,0.9395880717224264,0.04691713955256303,0.007701351780331716,7.30999755859375,0.014403936076046842,1.639934623407531,-0.11567932619740495,0.011810215649807276,0.038526208632374326,0.0,0.3359197039851829,120.74581312830021,-4.836615599076136,bull,low,neutral,low,end_week,0
2024-03-08,515.4600219726562,518.219970703125,511.1300048828125,511.7200012207031,2024,3,8,4,-0.00600220732414769,-0.0022033234260045997,0.004185757957113623,0.013152454643124978,0.042132523097165864,0.006356577350576931,0.018722005083540827,6.172114287459692,6.3077826243459505,-0.13566833688625834,65.15265247257845,73.64161978471843,82.414960941709,4.839998517717634,0.7791467850201338,0.04711662590767918,0.007888376677476765,3.8699951171875,0.00762035063636235,1.1851862002479707,0.2719024033821955,0.013855166503946406,0.03778859124356626,-0.00600220732414769,0.32790123695344975,112.66046942481107,-26.358380215281578,bull,low,neutral,high,end_week,0
2024-03-11,510.4800109863281,511.8800048828125,508.5,511.2799987792969,2024,3,11,0,-0.0008598499967885642,-0.0019909994885342064,0.0022818428155422232,0.01127218105361627,0.03976393002164014,0.004642530112567211,0.01650231192115359,5.937663375378236,6.233758774552408,-0.29609539917417216,69.11533458092914,71.85734192347579,80.22078203637267,4.719999040876116,0.7362741794106951,0.047708052914333776,0.0078319763169288,5.290008544921875,0.010454769159507604,0.8668871762052284,-0.0795376971271271,0.006610868586454405,0.037396753692360285,-0.006856896322987804,0.3267594410791199,67.13255294830233,-28.14265807652421,bull,low,neutral,normal,start_week,1
2024-03-12,513.4500122070312,517.3800048828125,510.8599853515625,516.780029296875,2024,3,12,1,0.010757374688447952,0.018928263653394284,0.01111136819362235,0.020556134077449606,0.04923819270027319,0.013041947418602318,0.0253532946965076,6.125059957054077,6.2120190110527425,-0.08695905399866533,72.73999348939402,90.52668986273096,78.67521719030837,4.913572038922991,0.9054580111582567,0.05069855203681318,0.008116786061826885,9.85003662109375,0.019430763149564934,1.1643756844200202,0.06281110356355346,0.012616624408108542,0.03770783882567308,0.0,0.3410318895082438,115.96003794856988,-9.473310137269035,bull,medium,overbought,normal,start_week,0
2024-03-13,517.1099853515625,517.2899780273438,514.489990234375,515.969970703125,2024,3,13,2,-0.0015675114126452172,0.012202002360225617,0.00761216534022946,0.01675872030451675,0.04586670086290923,0.009674791436212749,0.02194846904090797,6.137459328870818,6.197107074616358,-0.05964774574553999,62.62288878701218,83.2961774781143,81.89340308810698,4.307856968470982,0.8503415952484008,0.04783537133989041,0.007321140530490418,9.7099609375,0.019179790523046192,0.8819556290588546,-0.16374194146613963,0.0054266487430521156,0.037965535588549315,-0.0015675114126452172,0.32544690793542475,121.7602191789547,-16.703822521885705,bull,low,neutral,low,mid_week,0
2024-03-14,516.969970703125,517.1300048828125,511.82000732421875,514.9500122070312,2024,3,14,3,-0.001976778793354672,0.0002719734447689248,0.004272993042745199,0.013113745607526983,0.042012373959388505,0.006489853477779306,0.018424934042563734,5.995867169450605,6.156859093583209,-0.16099192413260344,60.374058810991684,75.72408605658565,83.1823177991436,4.470714024135044,0.7820457567140856,0.046495099803329276,0.007189767164037227,6.870025634765625,0.013521543489862564,0.3608684489675414,0.6205821305974866,0.010311675760207402,0.03757880693605098,-0.003541191582681069,0.3228267925961006,96.13695328845432,-24.275913943414352,bull,low,neutral,high,end_week,0
2024-03-15,510.2099914550781,511.70001220703125,508.1199951171875,509.8299865722656,2024,3,15,4,-0.009942762430127261,-0.0036934547094678027,-0.0051263054661913054,0.00226959847989594,0.029941257394513476,-0.0029779034946597616,0.007679516944241405,5.408169077451191,6.007121090356805,-0.5989520129056141,55.122725736781895,37.71341960741667,65.5778943807055,4.752142769949777,0.5503961225395659,0.04503518059576936,0.007520296072806526,-3.019989013671875,-0.005888640260188205,-0.16144234611400343,0.53165534592412,0.007021982198248557,0.03524825618908056,-0.013448744786182076,0.30728992881553086,21.709411185402846,-62.28658039258333,bull,low,neutral,high,end_week,1
2024-03-18,514.0,515.47998046875,512.4400024414062,512.8599853515625,2024,3,18,0,0.005943155285291102,0.003090256955167181,0.000677032420201451,0.006904952383505414,0.03415787079457622,0.002492953376729279,0.012643044503976908,5.127799602267885,5.831256792739022,-0.7034571904711369,57.49303964893609,59.729537007527384,57.72234755717653,4.983570643833706,0.6637511976170792,0.042167339744604855,0.007474950243991232,0.55999755859375,0.0010931047666158378,0.21729632008526029,0.2529175870455753,0.005927500905066444,0.03345818609766571,-0.007585517479547499,0.3150593558653787,72.94917594920945,-40.270462992472616,bull,medium,neutral,high,start_week,1
2024-03-19,512.1500244140625,516.0,511.1199951171875,515.7100219726562,2024,3,19,1,0.005557143669806974,-0.002070527620184115,0.0045659852907538045,0.010620470457890052,0.03790445465057202,0.006814888335767266,0.016894216848618804,5.077053794023357,5.68041619299589,-0.603362398972533,61.31736334358138,81.14233699652176,59.5284312038219,5.191428048270089,0.7909457718245438,0.036503264478765944,0.00734952499900309,8.530029296875,0.01681854454051357,0.48281671521730307,-0.13699821178901073,0.00946269158033009,0.03318693828775121,-0.002070527620184115,0.31521777368223614,80.20150077663416,-18.857663003478233,bull,medium,neutral,normal,start_week,1
2024-03-20,515.77001953125,520.6199951171875,515.0800170898438,520.47998046875,2024,3,20,2,0.009249303470675319,0.008740837687664538,0.01174285401048314,0.017647695115493134,0.04557344912230055,0.013612339540427065,0.024304300220191033,5.35994702891594,5.6163223601798995,-0.2563753312639596,63.87022600054208,99.10875414007789,79.993542714709,5.273570469447544,1.0518403894036783,0.03197970908683095,0.0075248774973953,10.72998046875,0.021049495769985382,0.7993573699811916,-0.018619889182871385,0.010643979087061878,0.033437938284135216,0.0,0.3273826220010492,157.27675263544833,-0.8912458599221034,bull,medium,neutral,normal,mid_week,1
2024-03-21,523.3900146484375,524.1099853515625,521.9099731445312,522.2000122070312,2024,3,21,3,0.003304702971922424,0.014079036465941774,0.013630264356718325,0.019545549359055725,0.04699615567268567,0.014315128658407783,0.025585782821844205,5.6577155193763815,5.624600992019196,0.033114527357185786,61.224510730588584,90.05221371861812,90.10110161840589,5.160714285714286,1.0409358852297157,0.03613283920099995,0.006172577323306115,7.3900146484375,0.014354839034757427,1.0745996958538773,-0.1405210639457486,0.004212968509389911,0.03291722089330307,0.0,0.3317692272968542,204.75656602817918,-9.947786281381875,bull,medium,neutral,normal,end_week,0
2024-03-22,522.1099853515625,522.6099853515625,520.969970703125,521.2100219726562,2024,3,22,4,-0.001895806609024997,0.02232123590238766,0.009848390028609266,0.016287238606020216,0.04314356689713961,0.010465740762767961,0.021851982848138718,5.7475609502499765,5.649192983665353,0.09836796658462355,60.58448036844334,84.89600966390896,91.35232584086829,5.120714460100446,0.9242446924581567,0.03839114288418989,0.006216188875223161,9.490020751953125,0.018545338719054838,0.6297487113541961,0.11374916261897283,0.003146552405555123,0.03297047081254134,-0.001895806609024997,0.3256606663072894,159.75552387799127,-15.103990336091044,bull,medium,neutral,normal,end_week,0
2024-03-25,519.7999877929688,520.9500122070312,519.6099853515625,519.77001953125,2024,3,25,0,-0.0027628065092766274,0.01347352957347736,0.005404536150920958,0.012119694041231588,0.03845671903567216,0.006485743873505312,0.017594462419360468,5.637581409879203,5.646870668908123,-0.009289259028919972,66.38895554026547,72.85823345293534,82.60215227848744,4.707146780831473,0.8192007238477472,0.037968880192804685,0.006181409929124953,8.490020751953125,0.016605423197119773,0.3353382565053944,-0.31578107804031597,0.0025781149452929995,0.03287451139944886,-0.004653375371461821,0.3138776832962007,121.38852952389875,-27.141766547064663,bull,low,neutral,low,start_week,0
2024-03-26,521.22998046875,521.5800170898438,518.4000244140625,518.8099975585938,2024,3,26,1,-0.0018470129799368351,0.006011082689608482,0.0031536406184451415,0.009083125558192684,0.0347966537544151,0.003912158989915149,0.014533963144469864,5.410586211942245,5.599613777514948,-0.18902756557270273,62.30974254187448,66.85434002595618,74.8695277142668,4.585002354213169,0.7458801139820328,0.03694127764580637,0.006221170693799588,2.02996826171875,0.003928108956688492,-0.07487724178644498,-0.08738358908429711,0.006129397449443148,0.03154353615908945,-0.006491793506687049,0.31145093416110337,101.81563902728183,-33.145659974043824,bull,low,neutral,normal,start_week,1
2024-03-27,521.7100219726562,523.2100219726562,519.489990234375,523.1699829101562,2024,3,27,2,0.008403819070718743,0.005168311063537212,0.010177623076778275,0.015892651141287573,0.041488709630963516,0.01042921759323634,0.021315370876781703,5.518886968532911,5.58346841571854,-0.06458144718562941,61.578895756969146,94.1213069699977,77.94462681629638,4.460717337472098,0.9283546692028339,0.03710161761715776,0.006393274794030503,7.20001220703125,0.0139543241193274,0.37926703868846834,0.13610347053070537,0.007110560352848243,0.030995624768264785,0.0,0.3224721305319185,127.88419917715964,-5.878693030002291,bull,low,neutral,high,mid_week,0
2024-03-28,523.2100219726562,524.6099853515625,522.780029296875,523.0700073242188,2024,3,28,3,-0.00019109579907738983,0.0016660189522219593,0.00840353438421193,0.014222436431049257,0.039188672058090956,0.008647721429106303,0.01952519603096814,5.532869429450443,5.573348618464921,-0.04047918901447822,67.13980631383353,90.66113438846365,83.87892712813915,4.085002354213169,0.8810760372878341,0.03732178106047282,0.006389127472955731,8.1199951171875,0.01576851135974522,-0.3286866526840484,0.3070217592643807,0.003498491653246758,0.03052858962129501,-0.00019109579907738983,0.30327644043764956,133.35146118389034,-9.338865611536354,bull,low,neutral,high,end_week,0
2024-04-01,523.8300170898438,524.3800048828125,520.969970703125,522.1599731445312,2024,4,1,0,-0.0017397942282005863,0.0018225880774120906,0.004261945323631222,0.011544882645615262,0.035501613536949694,0.005826260149927043,0.016414926761980864,5.408176386724676,5.540314172116872,-0.1321377853921959,66.200028536297,85.14242778674326,89.97495638173484,4.087147303989956,0.8000075606842149,0.03848197231858149,0.0061434813324852434,12.329986572265625,0.024184506398228445,-0.9142150965234761,-0.14363576527389055,0.006530631138100698,0.03110709149021007,-0.0019305575599096736,0.29343561395967876,101.89221335828516,-14.85757221325674,bull,low,neutral,normal,start_week,0
2024-04-02,518.239990234375,518.97998046875,516.47998046875,518.8400268554688,2024,4,2,1,-0.006358101845817976,-0.001789238780297353,-0.0032696257452693445,0.004477062568484014,0.027434067805109263,-0.0004814069150246292,0.009208449448279366,4.984011747436284,5.429053687180755,-0.4450419397444705,53.28024833902865,65.00932739143953,80.2709631888821,4.0271453857421875,0.6177274632215521,0.038029041363597985,0.006344024514391484,5.98004150390625,0.011660183431559723,-1.6072625984662154,0.0007018230683284443,0.004818440888517676,0.030804412450394336,-0.008276384724142494,0.28311416967822356,27.724641297702235,-34.99067260856047,bull,low,neutral,normal,start_week,1
2024-04-03,517.719970703125,520.9500122070312,517.6699829101562,519.4099731445312,2024,4,3,2,0.0010985010013910834,0.0011564456906398846,-0.0028834551106432516,0.00439141740583171,0.027099913790361585,0.0005216595838395399,0.009545543870524753,4.640356970512471,5.271314343847099,-0.6309573733346276,55.519916791375145,68.46564410819774,72.87246642879347,4.061434064592634,0.6283694548239174,0.03420920819407872,0.005828055585470862,3.699951171875,0.007174479870921013,-1.1760824707853448,-0.1950852629323101,0.006314913972516846,0.030070074611320274,-0.00718697533965873,0.28452367187851424,41.17352774145754,-31.53435589180226,bull,low,neutral,low,mid_week,0
2024-04-04,523.52001953125,523.8699951171875,512.760009765625,513.0700073242188,2024,4,4,3,-0.012206091812080655,-0.019305342270892423,-0.013651270145877747,-0.008186646134212272,0.013432381646045322,-0.009910039134409465,-0.0025718825079203977,3.812477954828978,4.979547066043475,-1.1670691112144969,47.423233230771295,30.01828464829812,54.49775204931177,4.475718906947544,0.24712299426607257,0.03237402353152717,0.00647054407470968,-7.40997314453125,-0.014236807221399306,-1.9999534016556526,0.2928715077952564,0.02165393648617992,0.027458495126696958,-0.019305342270892423,0.2688446580047741,-13.657089030172822,-69.98171535170188,bull,low,neutral,high,end_week,1
2024-04-05,514.4600219726562,520.4400024414062,514.010009765625,518.4299926757812,2024,4,5,4,0.010446888874904303,-0.008870733522217455,-0.0026241310359849113,0.001824189668193421,0.022684755690909553,0.0003666315041550572,0.007262572576264281,3.547984931215069,4.693234639077794,-1.1452497078627246,61.710286502160415,54.18830875033934,50.8907458356117,4.514288766043527,0.5568482480594606,0.03208875788547482,0.006512021998539235,-3.77001953125,-0.0072194933801635885,-1.3441683484741611,-0.015390674803404059,0.012402817673788553,0.02537547529917994,-0.00906013416138407,0.282100137146466,2.6263720519195086,-45.81169124966066,bull,low,neutral,normal,end_week,1
2024-04-08,519.1500244140625,520.1799926757812,517.8900146484375,518.719970703125,2024,4,8,0,0.0005593388334788063,-0.006588024012430527,-0.0015879749046112668,0.0017070504377241225,0.02201930566399235,0.0007835752339513391,0.0072420736540830255,3.323460325935571,4.41927977644935,-1.0958194505137788,58.622733624799274,56.33788797393901,46.848160457525466,4.274287632533482,0.5562499097289011,0.030347612039758557,0.00633699681953544,-2.49005126953125,-0.004777443189037278,-0.9144994718913579,-0.3441954376668751,0.004414671029996559,0.023644827962031156,-0.008505863012778114,0.2828172655415806,24.615583628756294,-43.66211202606099,bull,low,neutral,low,start_week,1
2024-04-09,520.5,520.75,514.3499755859375,519.3200073242188,2024,4,9,1,0.0011567640634317922,0.0009251030065260402,-0.000346461163388434,0.002087859948484594,0.021916554811845623,0.0016421021040211592,0.007779613608583036,3.1575427123601685,4.166932363631513,-1.009389651271345,55.688625058188514,55.35874323976307,55.29497998801378,4.382860456194196,0.5746830834556342,0.02795626334476349,0.006326929629997249,-0.45001220703125,-0.0008657910039464589,-0.3548157196539216,-0.08140705525472391,0.012323854894477184,0.022270731918924147,-0.007358938226007972,0.2843011824543089,0.08035660264295562,-44.64125676023693,bull,low,neutral,normal,start_week,0
2024-04-10,513.47998046875,516.1599731445312,512.0900268554688,514.1199951171875,2024,4,10,2,-0.010013117410638928,-0.01018459078734657,-0.009461859879692947,-0.007691495270950477,0.010775010926228568,-0.00710624948322458,-0.002140553519352273,2.5767510987433297,3.848896110653877,-1.2721450119105473,40.11193604955703,16.21385775641432,42.63682965670544,4.503574916294643,0.23260107445561687,0.02876412182768406,0.006311025822976971,-4.69000244140625,-0.00903992302283374,-1.0509129462149744,0.1085892435747593,0.007916335345282194,0.020430178290220757,-0.017298369724172202,0.2714413239237716,-94.10067624644921,-83.78614224358569,bull,low,neutral,high,mid_week,1
2024-04-11,515.6799926757812,519.47998046875,512.0800170898438,518.0,2024,4,11,3,0.007546885784763369,0.0096088108940382,-0.0009912854154880968,-0.0003984873188053184,0.017318772463902343,0.0003274473294856417,0.0049889133908211925,2.4018663083704723,3.5594901501971963,-1.157623841826724,43.88108063887945,47.24659142388122,39.60639747335284,4.772857666015625,0.4860170815087385,0.028498150729718476,0.006535145895633008,-5.16998291015625,-0.009882032759979786,-0.46927579163651945,-0.06915055190797981,0.014285643588622105,0.018328226382895663,-0.009882032759979786,0.2810367463774526,-38.45999983046055,-52.75340857611878,bull,low,neutral,normal,end_week,0
2024-04-12,514.3699951171875,515.8200073242188,509.0799865722656,510.8500061035156,2024,4,12,4,-0.013803077020240084,-0.014621041759453224,-0.012453293681381372,-0.013805929773329173,0.0021756271286543782,-0.011429984614478306,-0.008230439705538495,1.6671067309130194,3.181013466340361,-1.5139067354273417,37.20350259528289,11.397422217506048,24.95262379926717,5.292857578822544,0.051298988813554755,0.030768662046969448,0.00724097701397866,-12.220001220703125,-0.023362075916405378,-1.3365093002488053,0.24366702742793334,0.013193737244641174,0.014813396385644939,-0.023548707320917406,0.2633544975014468,-137.70172248347342,-88.60257778249395,bull,medium,neutral,high,end_week,0
2024-04-15,515.1300048828125,515.2999877929688,503.5799865722656,504.45001220703125,2024,4,15,0,-0.012528127278102708,-0.027509946217707415,-0.021475336517478683,-0.025655116291950608,-0.010971535021364165,-0.02022518412318297,-0.019154728665106036,0.561901204343144,2.657191013940918,-2.095289809597774,33.142553194347244,4.137069354574227,20.92702766532047,6.015712193080357,-0.20874053715824525,0.03619817824279805,0.007441092169500715,-17.7099609375,-0.033916734043875074,-2.098946056494318,0.2505501624230868,0.023233226161352774,0.010734324732022626,-0.0357818133964688,0.24752703155938516,-219.7755352840949,-95.86293064542578,bull,medium,neutral,high,start_week,0
2024-04-16,504.94000244140625,506.5,502.2099914550781,503.5299987792969,2024,4,16,1,-0.0018237950351298604,-0.03040516121510406,-0.02035058587349914,-0.026555005697628253,-0.013130560898872212,-0.018688906316834397,-0.019422343785809093,-0.38379537856462775,2.0489937354398085,-2.432789114004436,33.171760002097244,5.892891445947769,7.14246100600932,6.094999040876116,-0.11587872251807861,0.04311726436830866,0.007288015091686421,-15.310028076171875,-0.029508186114632018,-2.523409693434761,0.00831194606236374,0.008519866850678416,0.007370008975164266,-0.03754034973797826,0.24525179795303687,-242.85649472373157,-94.10710855405223,bull,medium,neutral,normal,start_week,0
2024-04-17,506.04998779296875,506.2200012207031,499.1199951171875,500.54998779296875,2024,4,17,2,-0.00591823921822443,-0.026394630539754882,-0.02256184302278441,-0.03089596077068335,-0.01927862915689693,-0.0208062541355738,-0.02340079715588861,-1.3580736874039303,1.3675802508710608,-2.7256539382749914,24.307078819004417,5.6100165697702264,5.213325790097379,6.287854875837054,-0.09430010144357513,0.051987136962682826,0.007204783624431985,-18.8599853515625,-0.0363104028160709,-2.8654060026987573,0.03088584807510575,0.014184409702657393,0.0033589990757481036,-0.04323641618611751,0.23788209992582687,-221.70392745035412,-94.38998343022978,bull,medium,oversold,normal,mid_week,0
2024-04-18,501.9800109863281,504.1300048828125,498.55999755859375,499.5199890136719,2024,4,18,3,-0.00205773410131993,-0.03567569688480332,-0.021985372553978366,-0.030923854613573165,-0.021509111793260538,-0.01937826067826487,-0.023572497709522078,-2.1880856703141944,0.6564470666340096,-2.844532736948204,23.8041603102411,3.718013875920432,5.073640630546115,6.555001395089286,-0.02205969485097371,0.05923432687597272,0.006748911124530815,-13.550018310546875,-0.026409687015644168,-3.0407925178232595,0.008992989181032085,0.011150719584249309,0.00048696690964789013,-0.0452051812394324,0.2353348677153959,-184.532575818908,-96.28198612407957,bull,medium,oversold,normal,end_week,0
2024-04-19,499.44000244140625,500.4599914550781,493.8599853515625,495.1600036621094,2024,4,19,4,-0.00872835011101658,-0.030713521100021124,-0.02608461766922543,-0.036856059513966866,-0.02993798993909802,-0.02374144058423,-0.029788503708450875,-3.1612496089546767,-0.10709226848372766,-3.0541573404709492,22.107395677211443,4.331948975358157,4.55332647368291,6.782856532505581,-0.04466213067572325,0.06766774746803528,0.006784439529053978,-23.269989013671875,-0.04488549918489104,-3.238031407319244,0.34523026595029926,0.013329037189399857,-0.003956578096806163,-0.05353896470175934,0.22455243248562962,-185.60617879811588,-95.66805102464184,bull,medium,oversold,high,end_week,1
2024-04-22,497.8299865722656,502.3800048828125,495.42999267578125,499.7200012207031,2024,4,22,0,0.00920913952029423,-0.009376570268347817,-0.013428832113369094,-0.02595054019025589,-0.021058252635218877,-0.012509953805238228,-0.019338845907178936,-3.523913862657537,-0.7904565873184896,-2.733457275339047,30.741281973882963,19.526870917093092,9.192277922790533,6.892857142857143,0.13392534780069362,0.07088865627365902,0.007283982626633028,-18.999969482421875,-0.0366285675422664,-2.571010992813987,-0.09897117704770242,0.013907812755250819,-0.007733269296925749,-0.04482287297717569,0.2358295066863052,-132.12193260842264,-80.47312908290691,bull,high,neutral,normal,start_week,1
2024-04-23,501.7799987792969,506.0899963378906,499.5299987792969,505.6499938964844,2024,4,23,1,0.011866630635747333,0.004210265768329613,0.0009798875956561481,-0.013033660088784815,-0.00961418483494847,-0.0006700443787625021,-0.007135276402461477,-3.294846111648326,-1.291334492184457,-2.003511619463869,37.49092101547021,39.286920054343845,21.048579982265,7.127140590122768,0.31634327582325983,0.07096750825328851,0.007918494522470529,-13.670013427734375,-0.02632290925621894,-2.064552979947231,-0.1521469145369584,0.012973395901863097,-0.010583701592697725,-0.033488138819081636,0.2504946389709095,-78.73185615602662,-60.713079945656155,bull,high,neutral,normal,start_week,0
2024-04-24,506.55999755859375,507.3699951171875,503.1300048828125,505.4100036621094,2024,4,24,2,-0.00047461729906428385,0.00970935168846876,0.0022328767701098595,-0.012210302833333242,-0.010255994431660365,-0.00096846129230721,-0.007047032815153287,-3.0969734922419434,-1.6524622921959542,-1.4445112000459892,42.16768443946566,42.95281524221116,33.922202071216,6.636426653180804,0.32799756360842464,0.07098912718617331,0.007919873657916982,-8.709991455078125,-0.016941553601883874,-2.1951040029070206,-0.2617268535486529,0.0083892091641495,-0.012461047218903842,-0.0339468620681489,0.24990113258286684,-57.9919216069082,-57.04718475778884,bull,medium,neutral,low,mid_week,0
2024-04-25,499.17999267578125,504.2699890136719,497.489990234375,503.489990234375,2024,4,25,3,-0.003798922486342393,0.007947632343086264,0.0013065800751002055,-0.014066731124626641,-0.014379207756368362,-0.004033783297432203,-0.010025798005998565,-3.0598154058340583,-1.933932914923575,-1.1258824909104832,33.56797710041528,35.812568377950186,39.350767891501704,6.675713675362723,0.2966206442146492,0.06916499007634205,0.007598278098079957,-14.510009765625,-0.028011601864140978,-2.3508104410109874,-0.07912219891908523,0.013466005105962048,-0.015665319836699942,-0.03761682305683978,0.24515285506459294,-79.14703716717138,-64.18743162204981,bull,medium,neutral,normal,end_week,1
2024-04-26,506.3500061035156,509.8800048828125,505.70001220703125,508.260009765625,2024,4,26,4,0.009473911346339792,0.026456107130282014,0.011313778176419875,-0.003280798409073582,-0.005418846614468009,0.0045670533949935255,-0.0005989825724639353,-2.6153188751774223,-2.0702101069743444,-0.545108768203078,39.52748534009274,53.55156775602293,44.105650458728064,6.968573434012277,0.4498713256605097,0.06544753980236433,0.00800816266711739,-2.589996337890625,-0.005069974174309433,-1.9180492442316899,-0.12463432617564041,0.008224122684192248,-0.016545433427259226,-0.028499290157271373,0.2545602735908039,-20.176700233710935,-46.44843224397707,bull,high,neutral,normal,end_week,1
2024-04-29,510.0899963378906,510.75,507.25,510.05999755859375,2024,4,29,0,0.0035414704253415863,0.020691579910014246,0.013763701657811156,0.0014371862707556193,-0.0022109203370498376,0.006866161997654885,0.002721968784194173,-2.0936736340537436,-2.0749028123902242,-0.0187708216635194,40.946414633156614,63.23190981470276,50.8653486495586,6.7614288330078125,0.5233617732783377,0.06151871493797095,0.008083248883440756,5.6099853515625,0.01112099358867713,-1.617378519189992,-0.36118751073509525,0.006861937844082614,-0.01575773720122109,-0.025058749125165036,0.2590032616965341,-1.2821921803140597,-36.76809018529724,bull,medium,neutral,low,start_week,0
2024-04-30,508.55999755859375,509.55999755859375,501.9800109863281,501.9800109863281,2024,4,30,1,-0.015841247325688257,-0.007257951061910961,-0.0019881263576994046,-0.012792878066212876,-0.01811203089809199,-0.007697094726958897,-0.01219929970850775,-2.3056750248748585,-2.1210572548871514,-0.18461776998770718,38.763433358171476,31.694095169121255,49.49252424661562,6.8221435546875,0.2877263722771473,0.060265979356208206,0.008662778296075578,-1.54998779296875,-0.0030782431964855306,-1.8539474477036255,0.06402027037465352,0.015100176115323589,-0.016156024759051646,-0.04050303460828919,0.23905907964415118,-45.21088779009436,-68.30590483087875,bull,medium,neutral,normal,start_week,0
2024-05-01,501.3800048828125,508.19000244140625,499.8699951171875,500.3500061035156,2024,5,1,2,-0.0032471509764099293,-0.010011668787578198,-0.005189268537594827,-0.014150818301615353,-0.021437801402486967,-0.00925491433129555,-0.014281889645780255,-2.575526361328002,-2.2119510761753216,-0.36357528515268056,32.953450220142784,29.55379898997479,41.493267991266244,6.887860979352679,0.25775727870541254,0.058415865814216775,0.008645625977016623,-0.199981689453125,-0.0003995239123566474,-2.0612773380528213,0.08618379513371721,0.01662837458324614,-0.016333290696418423,-0.04361866611632326,0.2350356677438552,-58.03760405390952,-70.4462010100252,bull,high,neutral,normal,mid_week,1
2024-05-02,504.1499938964844,505.8900146484375,499.54998779296875,505.0299987792969,2024,5,2,3,0.009353437830903255,0.0030586676493906673,0.0030168103330321383,-0.0041409500622224815,-0.012586911046945537,1.0118486890586809e-05,-0.00468882905900414,-2.38426487174803,-2.2464138352898635,-0.13785103645816665,44.0973541934134,52.098937293785745,37.782277150960574,6.703576224190848,0.4282118228810742,0.05768289749665276,0.008628107338702524,5.510009765625,0.011030609158413807,-1.7057779228514967,-0.13317950956548252,0.012553762886943681,-0.015556789496675383,-0.03467321276720603,0.24658749708104533,-45.22273020182122,-47.901062706214255,bull,medium,neutral,normal,end_week,1
2024-05-03,511.1600036621094,512.5499877929688,508.55999755859375,511.2900085449219,2024,5,3,4,0.012395322615995186,0.005961513243377459,0.012206916409425839,0.008913278678966963,-0.0004957350430508933,0.010477021922143948,0.0070778178743076126,-1.7078710183035923,-2.138705271892609,0.43083425358901684,56.95687126561651,93.25853887929148,58.30375838768398,6.403575352260044,0.6637822924732036,0.054421503963411125,0.008771051144272034,16.1300048828125,0.03257533880668473,-1.3500269738078785,0.00951408895199335,0.007803771182093107,-0.012549461228279712,-0.02270767580959343,0.26203935127643074,48.343395483053385,-6.741461120708517,bull,medium,neutral,normal,end_week,1
2024-05-06,513.75,516.6099853515625,513.2999877929688,516.5700073242188,2024,5,6,0,0.010326817835387025,0.012763223536025547,0.01925973016846383,0.019548411906806118,0.009481801851261906,0.01763805226913462,0.016162156319467602,-0.7372734126319642,-1.8584189000404803,1.121145487408516,62.18237221759402,99.82427240728022,81.7272495267858,6.477144513811384,0.8688481177071746,0.05299854050583909,0.009107780631192334,16.850006103515625,0.03371889470574496,-1.1153849910955431,-0.3436748650317427,0.00640764564659727,-0.009593166518592544,-0.012615356005757139,0.25915906721320847,113.97456723498415,-0.17572759271978022,bull,medium,neutral,low,start_week,1
2024-05-07,517.5599975585938,518.5700073242188,516.4500122070312,517.1400146484375,2024,5,7,1,0.0011034464179817682,0.03020041302505616,0.018076316942815307,0.02089305505197725,0.010155497433507854,0.015828972398586938,0.015982720281539686,0.07703895286192619,-1.4713273294599991,1.5483662823219253,66.22973156943155,94.2129040704065,95.76523845232605,6.121429443359375,0.9063379627937452,0.05141792538489028,0.009107380191813532,11.490020751953125,0.022723268843359845,-0.8714000880510077,-0.26219150654072954,0.004099460604743024,-0.007780182465193741,-0.01152582995717144,0.2605484817755941,140.45555511530551,-5.7870959295935025,bull,medium,neutral,low,start_week,1
2024-05-08,515.260009765625,517.739990234375,515.1400146484375,517.1900024414062,2024,5,8,2,9.666200942248793e-05,0.03365643276200281,0.015818951575522933,0.020682442148355795,0.009848365773440726,0.013443889467222858,0.014872032155086368,0.7181426648348292,-1.0334333306010335,1.7515759954358627,67.62419954476249,94.41520171718345,96.15079273162337,5.909284319196429,0.8892051458063613,0.053140207346193895,0.008807993909302408,11.779998779296875,0.02330780691703982,-0.6742563352632134,-0.3924647317101646,0.005027118802885324,-0.005877608202546125,-0.011430282057632746,0.2606703289248171,126.01240744598579,-5.584798282816556,bull,medium,neutral,low,mid_week,1
2024-05-09,517.3800048828125,520.2100219726562,516.7100219726562,520.1699829101562,2024,5,9,3,0.005761867891264316,0.029978385774021454,0.018335758788659007,0.026343713962004633,0.015115564607243392,0.01626830779355215,0.019155406810879905,1.4499671755419854,-0.5367532293724298,1.9867204049144152,75.65127682496797,99.83842205341925,96.15550928033637,5.687855311802456,0.9811307210111853,0.05475375570829976,0.008739846187513497,16.67999267578125,0.03312874734215998,-0.47561645282688264,-0.3571098557353968,0.006728569727185738,-0.003162212613692539,-0.0057342739415444655,0.2679341448145185,150.498069682822,-0.1615779465807545,bull,medium,overbought,low,end_week,1
2024-05-10,521.8099975585938,522.6400146484375,519.5900268554688,520.8400268554688,2024,5,10,4,0.0012881249732326072,0.018678280723156027,0.017142496697617027,0.02665394185562775,0.0159172068721114,0.014833063012668957,0.01892335201490747,2.060260914034984,-0.017350400690946954,2.077611314725931,73.53992216183562,92.84299783040251,95.69887386700172,5.389997209821429,0.9463550203788172,0.05971466800800576,0.008090457350573467,12.58001708984375,0.02475114478442797,-0.240091489019542,-0.2070298125164718,0.005855901305018385,-0.0012046393002788092,-0.004453535429779443,0.2695674024508683,155.1639532779319,-7.157002169597484,bull,medium,overbought,low,end_week,1
2024-05-13,522.5599975585938,522.6699829101562,519.739990234375,520.9099731445312,2024,5,13,0,0.0001342951490974631,0.00840150562126718,0.01512816000617545,0.025128798442002998,0.01573426605468753,0.012637269879683055,0.01762344073169131,2.5205122830468554,0.4902221360566136,2.0302901469902417,69.56409126797506,93.01028483889186,95.23056824090452,5.130711146763393,0.8931271548398333,0.06392028160008664,0.007445869873236336,10.8499755859375,0.021271959451576228,-0.05889354546500064,-0.41813348014542384,0.0056247582631102685,0.0005970734261853128,-0.004319838368886497,0.2697378991944699,131.47392035039266,-6.989715161108135,bull,medium,neutral,low,start_week,1
2024-05-14,521.1099853515625,523.8300170898438,520.5599975585938,523.2999877929688,2024,5,14,1,0.004588152985457228,0.011911615752107085,0.015566298888903374,0.027832777281949994,0.01995706598748548,0.014585636277943737,0.02060713155446381,3.0430407374694823,1.0007858563391874,2.0422548811302947,71.73752950712806,97.98774200275747,94.61367489068391,5.061427525111607,0.9066787350932953,0.06843922457751564,0.00742721079067998,21.319976806640625,0.04247176449267287,0.21127428426806505,-0.0765246314161454,0.006248843125415294,0.004323466723330283,0.0,0.2755636509274071,125.24863965813577,-2.01225799724253,bull,medium,overbought,low,start_week,1
2024-05-15,525.8300170898438,530.0800170898438,525.1799926757812,529.780029296875,2024,5,15,2,0.012383033929039389,0.024343136557236633,0.0223032330782178,0.037581992893875205,0.031678332058374004,0.02287691900181832,0.03070710632127005,3.934676988539991,1.5875640827793482,2.3471129057606426,78.75741240971915,99.01740090043262,96.67180924736063,4.980000087193081,0.9995914570858795,0.07522545143804363,0.007532960166845932,29.430023193359375,0.05881887245799433,0.4857865201326239,-0.032179338827987625,0.009249167849089784,0.009170565715543422,0.0,0.29135899889549055,151.6483343835989,-0.9825990995673765,bull,medium,overbought,low,mid_week,0
2024-05-16,529.8800048828125,531.52001953125,528.5399780273438,528.6900024414062,2024,5,16,3,-0.002057508390634233,0.016379298712285717,0.015563168659809667,0.0324978342809088,0.028796738630806118,0.017520604982634413,0.026412975567898345,4.5014590658536235,2.170343079394203,2.3311159864594204,74.30404286834539,91.14790653631083,96.05101647983362,4.736430576869419,0.9144489472300491,0.07841215304829847,0.007532952397980797,23.660003662109375,0.04684870942181196,0.30021877836330746,-0.16631366144318493,0.0056366518945788514,0.013030769901255956,-0.002057508390634233,0.2873527122583499,139.648193657676,-8.852093463689178,bull,low,overbought,low,end_week,1
2024-05-17,528.8099975585938,529.52001953125,527.3200073242188,529.4500122070312,2024,5,17,4,0.0014375338328991294,0.01653095942634164,0.013487661365715331,0.030531545855679187,0.02968898230560879,0.016016038670320754,0.025769430859633236,4.954847978774865,2.7272440592703355,2.227603919504529,73.65209855549814,93.52516337436067,94.563490270368,4.643574305943081,0.8949565713756271,0.07730355200658727,0.007035814188941345,18.160003662109375,0.0355180100502861,0.6068485043945888,0.018421810630903313,0.004155278414028967,0.01598571108212754,-0.0006229322956581296,0.2892033253370956,119.3818276720656,-6.474836625639322,bull,low,overbought,low,end_week,1
2024-05-20,529.5700073242188,531.5599975585938,529.1699829101562,530.0599975585938,2024,5,20,0,0.0011521113183465825,0.017565462144691457,0.012041925475610116,0.028681427552054384,0.03014043496574459,0.014504159253613258,0.024905123639683557,5.302261508638026,3.2422475491438734,2.0600139594941522,91.88535895883501,95.31396581574673,93.32901190880604,4.237147739955357,0.8699234362489403,0.0775334156788954,0.006913913359217921,13.489990234375,0.026114544094907544,0.8085791165006326,-0.33287214298408296,0.004508951174292876,0.017883161788607715,0.0,0.29068863107986664,119.34609856729394,-4.686034184253278,bull,low,overbought,low,start_week,1
2024-05-21,529.280029296875,531.52001953125,529.0700073242188,531.3599853515625,2024,5,21,1,0.0024525295229904653,0.015402250614579671,0.011776998812895734,0.02863809965032993,0.031861531870997384,0.014340577657090625,0.02533625802288131,5.617729693483966,3.717343978011892,1.900385715472074,96.71580062359148,99.37515730705574,96.0714288323877,3.8178623744419644,0.8579646962402063,0.08000258112356626,0.006589492124804276,14.219970703125,0.0274973320577252,0.9772217734641545,-0.39257703964099244,0.004610833097283857,0.019850750789617067,0.0,0.2938540830525782,111.379234393417,-0.6248426929442542,bull,low,overbought,low,start_week,0
2024-05-22,530.6500244140625,531.3800048828125,527.5999755859375,529.8300170898438,2024,5,22,2,-0.0028793441431358424,9.435575182981104e-05,0.0064414217327446455,0.023257637480837756,0.028369226599967545,0.009646080557714543,0.02069158269020721,5.678822914938678,4.109639765397249,1.5691831495414288,91.27831434112426,92.47834578804348,95.72248963694864,3.635005405970982,0.7898562115795026,0.0802385339755213,0.006668161746601309,12.6400146484375,0.024439789224018238,0.7850346241907824,-0.11487760151036008,0.0071344189172921416,0.021787462631924326,-0.0028793441431358424,0.2901286318764684,94.08100653767558,-7.5216542119565215,bull,low,overbought,low,mid_week,0
2024-05-23,532.9600219726562,533.0700073242188,524.719970703125,525.9600219726562,2024,5,23,3,-0.007304220207159928,-0.005163669553317374,-0.0020074900433288967,0.013584251000598346,0.02046205392418199,0.0019212852128696056,0.0122437608437036,5.353254484622539,4.358362709242307,0.994891775380232,76.5280590705657,64.03652843982316,85.29667717830743,3.6942945207868303,0.6768368249918832,0.07681799874670801,0.006881847012177822,5.7900390625,0.011131051872902864,0.5389019164516771,0.05800025871548953,0.015875800958742553,0.022514742088080908,-0.010162532986622064,0.28070524825368093,74.19427838722508,-35.963471560176835,bull,low,overbought,low,end_week,1
2024-05-24,527.8499755859375,530.27001953125,526.8800048828125,529.4400024414062,2024,5,24,4,0.006616435324681147,-1.890596920239851e-05,0.0029590161041941343,0.01821258551672722,0.02663663171328512,0.007225476666422148,0.017513581436598535,5.314779034051526,4.549645974204151,0.7651330598473747,74.89363108758377,79.75456572430345,78.75647998405668,3.6221531459263394,0.7391618421349901,0.0761517194973249,0.006751486808506786,8.5999755859375,0.01651174092332952,0.7464967765770721,-0.2198052701704205,0.0064030194787041556,0.02360775986745911,-0.0036133374041816824,0.2891789516987311,74.92069177804673,-20.24543427569656,bull,low,overbought,low,end_week,1
2024-05-28,530.27001953125,530.510009765625,527.1099853515625,529.8099975585938,2024,5,28,1,0.0006988423909817243,-0.0004716447216380759,0.001970603699383622,0.01699273590174255,0.02655864513630557,0.00670129075282766,0.016851938323034776,5.253582447835015,4.690433268930324,0.5631491789046912,74.6978576986501,81.81811992579102,75.20307136330585,3.7135838099888394,0.7248315510260261,0.07557985444745446,0.006748691127708023,8.9000244140625,0.017085532765549694,0.9073919739492564,-0.3080539723853829,0.006417441025518734,0.024539683445941707,-0.002917020166551043,0.29007988459973943,71.34937761437996,-18.181880074208976,bull,low,overbought,low,start_week,0
2024-05-29,525.6799926757812,527.3099975585938,525.3699951171875,526.0999755859375,2024,5,29,2,-0.007002551838871107,-0.009899145420490862,-0.00557232716374656,0.007538774856210351,0.01884736938591436,-0.0002946357398462274,0.009004046452526726,4.84981035029864,4.722308685203988,0.12750166509465188,65.19954603667108,57.39585587333328,72.98951384114257,3.8450142996651784,0.6115727207377624,0.06756826226304277,0.005737886232757912,2.79998779296875,0.005350636075452275,0.691898357927977,-0.1104646379069858,0.003687516691567217,0.02455653358882537,-0.009899145420490862,0.281046033331545,40.63099160813816,-42.60414412666672,bull,low,neutral,low,mid_week,0
2024-05-30,524.52001953125,525.2000122070312,521.3300170898438,522.6099853515625,2024,5,30,3,-0.0066337015706721125,-0.01362707190116963,-0.010828466258728908,-0.0012737359912310398,0.01181823162226725,-0.005867037332860869,0.0021390919586756763,4.199792416434775,4.6178054314501455,-0.41801301501537047,54.091217039079275,22.403285398630782,53.87242039925167,3.935725620814732,0.47677240381852865,0.05483718509998451,0.005957965270381778,-7.1700439453125,-0.01353400194195431,0.4843864303146431,-0.0556168253073579,0.007405130452270509,0.022894611408135868,-0.01646717901463879,0.2725479562481301,0.5104593236371217,-77.59671460136921,bull,low,neutral,low,end_week,1
2024-05-31,523.5900268554688,527.5,518.3599853515625,527.3699951171875,2024,5,31,4,0.009108149287317735,0.0026807610571675244,-0.0015694916267973147,0.0056760692651109945,0.020761690735527694,0.0026959405821656013,0.010423453112036185,4.022374102928325,4.498719165745782,-0.47634506281745725,59.6283890197829,61.250824658000326,47.0166553099881,4.3707275390625,0.6285488106559218,0.044154973011020365,0.0059426882209789745,-1.32000732421875,-0.0024967510604005927,0.9562989938550052,0.7970034437396503,0.017331313372135414,0.022366286061020313,-0.007509015252127216,0.28413851300890935,4.907899711047841,-38.749175341999674,bull,low,neutral,high,end_week,1
2024-06-03,529.02001953125,529.3099975585938,522.5999755859375,527.7999877929688,2024,6,3,0,0.0008153529396106585,-0.0030976402252850255,-0.00044316992954474,0.004914116868636631,0.021372555648946134,0.0029713483613846847,0.010405501978294263,3.871833539668728,4.373342040530371,-0.5015085008616431,60.052539716463635,64.17395201009091,49.276020688907316,4.640729631696429,0.6307204116770089,0.037592574913079414,0.005438055041904855,-1.6500244140625,-0.003116487630596687,1.2274984851146185,-0.0485308060338111,0.01271319084472635,0.021825397938557645,-0.006699784810175968,0.2851855391203584,27.032637624306574,-35.82604798990909,bull,low,neutral,low,start_week,1
2024-06-04,526.4600219726562,529.1500244140625,524.9600219726562,528.3900146484375,2024,6,4,1,0.0011178985773303562,-0.0026801738674234743,0.0009908108654550496,0.0049067420457789,0.02223028169348118,0.0034607636790360274,0.010671467771275367,3.7568328641646076,4.250040205257219,-0.493207341092611,57.83803800454521,68.18500553921223,64.53659406910113,4.706442696707589,0.6421479129236043,0.034518565519959944,0.005035612630415066,-1.66998291015625,-0.0031505544992038725,1.4084027248056765,-0.2872904971311717,0.00792975326037161,0.021218447359834025,-0.005589375912753325,0.2866222462061465,35.99173567939224,-31.814994460787773,bull,low,neutral,low,start_week,1
2024-06-05,530.77001953125,534.6900024414062,528.72998046875,534.6699829101562,2024,6,5,2,0.011885100186643571,0.01628969344595399,0.01225295227776857,0.015157942915797973,0.033783601001695196,0.012989017336636488,0.020967916233335604,4.124885838830892,4.225009331971954,-0.10012349314106217,57.576634494080885,99.87740655052681,77.41212136660995,4.672154017857143,0.946782176959522,0.03392691941955264,0.005578865183147683,3.30999755859375,0.0062292939811863235,1.6233370985457067,-0.015204425068618077,0.011147104126205917,0.02127002808485612,0.0,0.30191388050467105,121.83574157999146,-0.12259344947318455,bull,low,neutral,low,mid_week,0
2024-06-06,534.97998046875,535.4199829101562,532.6799926757812,534.6599731445312,2024,6,6,3,-1.8721390661391446e-05,0.02305732406712946,0.011309238584277903,0.013458138635973782,0.03313102245742816,0.010952804891819268,0.019366986186066137,4.365440685669569,4.253095602711477,0.11234508295809142,59.57034613397623,95.54507693793803,87.86916300922569,4.655007498604911,0.9212769177216402,0.03194606224513396,0.005580651279895536,4.8299560546875,0.009116048353048356,1.4360321231508637,-0.3552485553076552,0.0051247341712530176,0.02157775588374755,-1.8721390661391446e-05,0.30188950686630656,146.5774279976263,-4.454923062061958,bull,low,neutral,low,end_week,0
2024-06-07,533.6599731445312,536.8900146484375,532.5399780273438,534.010009765625,2024,6,7,4,-0.0012156574487586225,0.012590808559296285,0.008544168115209194,0.01090012129860951,0.03144298998318629,0.008215568062265755,0.016762477582370483,4.452312040451943,4.29293889025957,0.15937315019237275,57.335928187222244,84.45763448793792,93.29337265880092,4.808580671037946,0.8536993464681997,0.030817476502149728,0.005529723952473898,8.04998779296875,0.015305322565727808,1.22327759004305,-0.09501310335687552,0.00814598329908266,0.022704828000513766,-0.0012343560806220566,0.3003068551898238,145.64747728461595,-15.542365512062082,bull,low,neutral,low,end_week,1
2024-06-10,533.1799926757812,535.989990234375,532.5700073242188,535.6599731445312,2024,6,10,0,0.003089761144422054,0.014891977137835077,0.010473306859219988,0.012603147823134764,0.034126953124905546,0.00957084291470478,0.018402525947482706,4.601256054733085,4.354602323154273,0.24665373157881199,58.71730653755235,93.36190200134389,91.12153780907327,4.882149832589286,0.9169131833506105,0.030229669692493025,0.005543692269281014,6.219970703125,0.011748206925133786,1.3703888819750154,-0.23967323895288428,0.006384615393380296,0.023408482050066848,0.0,0.30432449278681495,141.9772643317246,-6.638097998656109,bull,medium,neutral,low,start_week,1
2024-06-11,534.0700073242188,537.010009765625,532.0499877929688,536.9500122070312,2024,6,11,1,0.0024083170801936227,0.016200150118826695,0.011544399713119047,0.013505250262487944,0.03602582277395361,0.010136997928068547,0.0192805502084874,4.768423215583198,4.437366501640058,0.3310567139431395,58.70451577584781,99.678297694085,92.49927806112225,5.061436244419643,0.9588186508381766,0.02943483277721238,0.005539288016832924,7.1400146484375,0.013476557032406467,1.494833812361534,-0.22454150078971935,0.009237399869438535,0.024202025207966882,0.0,0.3074657197409083,143.0871479499645,-0.32170230591500254,bull,medium,neutral,low,start_week,1
2024-06-12,541.6300048828125,544.1199951171875,540.2999877929688,541.3599853515625,2024,6,12,2,0.008213005017738695,0.012512395786636876,0.01692876378720709,0.020090498445305638,0.04362776518704381,0.015553265005310957,0.0255512806961935,5.196846362074098,4.589262473726866,0.6075838883472313,66.47612402424664,89.28568043748163,94.10862671097016,5.303575788225446,1.1089489980650522,0.03299208720129846,0.005701471433653837,15.260009765625,0.029005912324229444,1.7101396449811488,0.3399468502204299,0.007056316365418131,0.026254544419026304,0.0,0.3182039422576617,239.40878142066833,-10.714319562518362,bull,medium,neutral,normal,mid_week,1
2024-06-13,543.1500244140625,543.3300170898438,539.5900268554688,542.4500122070312,2024,6,13,3,0.002013497275312748,0.014570080899611648,0.015192834529332178,0.020925759292268475,0.0448009823166593,0.014850475878698033,0.025518377504035294,5.5602359113329385,4.783457161248081,0.7767787500848575,75.59765636843223,93.51714954555362,94.1603758923734,4.974286760602679,1.0455277970237167,0.038358740666259314,0.0051221894193420586,19.84002685546875,0.037963352043727694,1.8221771141427134,-0.036719177973851824,0.006894626509746666,0.029165048038439112,0.0,0.32085814230370424,186.35434781706894,-6.482850454446371,bull,medium,overbought,low,end_week,1
2024-06-14,540.8800048828125,542.8099975585938,539.8499755859375,542.780029296875,2024,6,14,4,0.0006083824913212244,0.01642294970294489,0.01288930637515695,0.020194180076724244,0.04424151124176112,0.013057145497870293,0.02415903623770488,5.8079044609525,4.988346621188965,0.8195578397635348,72.95256017928291,94.79827130306218,92.5337004286991,4.877859933035714,0.9750404850526,0.042510440082781834,0.005067494296435729,15.4100341796875,0.02922053647792988,1.885931802853591,-0.12771035472838088,0.005453446724063714,0.03095323908473757,0.0,0.3216617292710009,152.68224258666336,-5.201728696937818,bull,medium,overbought,low,end_week,1
2024-06-17,542.0800170898438,548.530029296875,541.6099853515625,547.0999755859375,2024,6,17,0,0.007958926371441244,0.021356836454008432,0.017286959750375974,0.026610971414096074,0.051392708800396925,0.017812884924482963,0.029845460623986853,6.280370926466162,5.246751482244405,1.033619444221757,76.18904101990441,95.26002112052049,94.5251473230454,5.129289899553571,1.0422908460809654,0.04907140071865238,0.005280248477070168,19.29998779296875,0.03656685911205293,1.9993743123863588,0.21941645464812232,0.01264859121571193,0.03352618326926171,0.0,0.33218073766222034,172.98045649435767,-4.739978879479513,bull,medium,overbought,low,start_week,1
2024-06-18,547.1599731445312,548.6199951171875,546.72998046875,548.489990234375,2024,6,18,1,0.0025406958699802917,0.02149171759939228,0.016074077393225306,0.027442668209542997,0.05285928124109218,0.01720655612268618,0.02998529089637958,6.68985014147097,5.535371214089718,1.154478927381252,86.47777353507391,99.57037395619025,96.54288879325763,4.947147914341518,0.9975738213119197,0.055152958283027693,0.005282427739037924,20.0999755859375,0.03804003676964052,2.040375167573743,-0.0999768449007501,0.003445850757695466,0.03620326968899823,0.0,0.33556540376046606,166.45916064902104,-0.42962604380975433,bull,medium,overbought,low,start_week,0
2024-06-20,549.4400024414062,550.1199951171875,545.1799926757812,547.0,2024,6,20,3,-0.002716531314889248,0.010418233340195648,0.011004616888835361,0.02315281263681257,0.04888454002969689,0.012194143256635703,0.025122835026233803,6.815569961977872,5.791410963667349,1.0241589983105222,92.50621202580118,90.17634081282814,95.00224529651295,4.959293910435268,0.8919674038987879,0.0590682092605611,0.005370605386406902,12.33001708984375,0.023060986185782673,1.6880757001392193,0.4707734075772596,0.00903108307386883,0.03746760648574443,-0.002716531314889248,0.33193729851806797,137.59559548956486,-9.82365918717186,bull,medium,overbought,normal,end_week,0
2024-06-21,544.4000244140625,545.6500244140625,543.02001953125,544.510009765625,2024,6,21,4,-0.004552084523537503,0.003797580444716786,0.004573557621025737,0.0170989269156967,0.042894466275489096,0.00641190470112174,0.018912443342588015,6.6377663842826,5.9606820477903995,0.6770843364922001,82.43767095438753,79.61489327726619,89.78720268209484,4.590720040457589,0.7823420532160249,0.060561034819046386,0.005454198418791974,9.85003662109375,0.018422992398630544,1.385511161140834,0.3234423373150259,0.004830039550502553,0.03814644369618181,-0.007256249958270566,0.3258742073551615,94.0877640754757,-20.385106722733806,bull,low,overbought,normal,end_week,0
2024-06-24,544.3300170898438,546.9500122070312,542.6199951171875,542.739990234375,2024,6,24,0,-0.003250664817000981,-7.37666464107889e-05,-0.0003020931306881858,0.01220637114629719,0.03852017591486656,0.002655975738920624,0.014428049961291212,6.281619386338662,6.024869515500052,0.25674987083860934,76.90927599770458,70.66767583407929,80.15296997472451,4.420719691685268,0.7058539267590527,0.059296275463253945,0.005183021950193273,8.72998046875,0.0163479715906103,1.1808746229559521,-0.052086946491872066,0.00797806899759476,0.03883400053035202,-0.010483327138828824,0.3215642347175429,80.57026553342263,-29.332324165920706,bull,low,overbought,low,start_week,1
2024-06-25,543.989990234375,545.2000122070312,542.4400024414062,544.8300170898438,2024,6,25,1,0.0038508805193555595,-0.00414907438747858,0.0018554172944795777,0.01464812161889606,0.041165462504549444,0.005508932368266883,0.016953356189274738,6.097727221020136,6.03944105660407,0.05828616441606638,78.09301306855517,75.26893686475258,75.18383532536599,4.318577357700893,0.7456447561707602,0.05963132226894956,0.005077518936570347,9.1700439453125,0.017119150963400998,1.2742394568425686,-0.20739556876370258,0.0050658181066588846,0.039237243749429496,-0.006672816659730296,0.32665342068409364,72.11463213134321,-24.73106313524742,bull,low,overbought,low,start_week,1
2024-06-26,543.6900024414062,546.239990234375,543.030029296875,545.510009765625,2024,6,26,2,0.0012480822540090752,-0.005433062629778607,0.0015293610883384545,0.014431465499739282,0.04083153943870599,0.005717342269390802,0.01685003103652205,5.938406823798459,6.019234210042948,-0.08082738624448904,72.90794412413419,74.48819323175448,73.47493531019542,4.097861153738839,0.7414238119552701,0.059776479307737114,0.005074750068079508,8.55999755859375,0.015941889121874775,1.3554724572827346,-0.196473542974396,0.005884330039844988,0.03924216291338567,-0.005433062629778607,0.3283091932756699,71.2938245639047,-25.511806768245517,bull,low,overbought,low,mid_week,1
2024-06-27,545.3699951171875,546.9600219726562,544.6099853515625,546.3699951171875,2024,6,27,3,0.0015764795075565718,-0.0011517456724177144,0.002186427517424372,0.014119376640301606,0.04077096599420127,0.006172387207486141,0.017062856758947254,5.814511818991036,5.978289731832566,-0.16377791284152998,73.88830368726825,79.24737974525348,76.33483661392016,4.07000732421875,0.7449690023346,0.05763740108234636,0.004666777525142972,5.010009765625,0.009254488512614234,1.4150416377540107,-0.26180749357611466,0.004301181693899031,0.038500360229739794,-0.0038651482341210963,0.3304032454985679,73.9986762325038,-20.75262025474652,bull,low,overbought,low,end_week,0
2024-06-28,547.1599731445312,550.280029296875,542.9500122070312,544.219970703125,2024,6,28,4,-0.003935107039692687,-0.0005326606624271868,-0.002081264641770053,0.008106931037871412,0.03495354353949964,0.0018718936791934926,0.012081465047729001,5.479668921008738,5.878565569667801,-0.39889664865906305,69.62698405248881,66.75784532661937,73.4978061012091,4.282863071986607,0.6598089544147103,0.05072889105346074,0.004440513243069205,1.76995849609375,0.0032628969605741354,1.099721322229169,0.5553129877300125,0.01346884988504458,0.037112048174919865,-0.007785045501788268,0.3251679663215765,67.42763716591548,-33.24215467338063,bull,low,neutral,normal,end_week,1
2024-07-01,545.6300048828125,545.8800048828125,542.52001953125,545.3400268554688,2024,7,1,0,0.00205809454382333,0.0047905749859540325,-0.0004966389614853295,0.008503183734544173,0.03527935627135537,0.003326621194842172,0.01310146149628566,5.244230458434572,5.751698547421155,-0.5074680889865828,68.99531937930274,72.90185850455838,72.96902785881038,4.278577532087054,0.6830739854216156,0.04644670685986086,0.004117761213076228,2.55999755859375,0.004716454954892146,1.1938865125816882,-0.13213521253187643,0.006161266707189633,0.03579377181450227,-0.005742973317635625,0.32789528728271233,50.30954702751221,-27.098141495441624,bull,low,neutral,low,start_week,1
2024-07-02,543.7000122070312,549.010009765625,543.6500244140625,549.010009765625,2024,7,2,1,0.006729714910746587,0.00767210422455844,0.005877603601709636,0.013302837074572249,0.04011987397215844,0.00851494745364656,0.018416664514380843,5.292768983912538,5.659912634719431,-0.36714365080689326,71.64389353698799,88.11955808044763,75.92642063720844,4.307146344866071,0.8135557976237185,0.04242574104956049,0.004261884981321958,1.9100341796875,0.0034911977059437493,1.2921105342474501,-0.12314092106982322,0.009763001140636222,0.03404218390770297,0.0,0.336831643997449,79.9404008229677,-11.880441919552371,bull,low,overbought,low,start_week,1
2024-07-03,548.6900024414062,551.8300170898438,548.6500244140625,551.4600219726562,2024,7,3,2,0.004462600250361826,0.01090724661420528,0.00981693208625578,0.015662451875696703,0.042717299432753375,0.01099114615915675,0.021224503097616143,5.465923856754898,5.621114879126525,-0.15519102237162663,69.49807586715589,96.97716166350853,85.99952608283816,4.022147042410714,0.9086702512030311,0.03832540252095663,0.004291772876895409,2.97003173828125,0.005414924230453311,1.357143914418449,-0.2875026740460378,0.005766497205737477,0.032580526530215925,0.0,0.3427973892266438,126.43238703794476,-3.022838336491473,bull,low,neutral,low,mid_week,1
2024-07-05,551.77001953125,555.0499877929688,551.1199951171875,554.6400146484375,2024,7,5,4,0.005766497205737409,0.015136298854544927,0.01422112661287711,0.01964413067505899,0.04679080320846496,0.014196435722912737,0.02505467219498847,5.792971405263415,5.6554861843539035,0.13748522090951187,71.77559862970983,97.30281042576003,94.1331767232387,4.035718645368304,0.9911300326488577,0.03999782006632846,0.0037442890652983362,7.6400146484375,0.013967120015424994,1.4444726813148674,-0.09245513260039351,0.0070856638035254335,0.03211299364701503,0.0,0.3505406266194908,165.67885054758136,-2.6971895742399723,bull,low,overbought,low,end_week,1
2024-07-08,555.4400024414062,556.25,554.1900024414062,555.280029296875,2024,7,8,0,0.0011539280101222626,0.02032277238826885,0.013395664922232875,0.018889539387901833,0.046029649331760236,0.012971963511943185,0.024246867865922894,6.034243771004299,5.731237701683983,0.3030060693203156,72.08476754919468,93.37452368445189,95.88483192457346,3.971431187220982,0.9647127306448564,0.040647776878610396,0.003722740674730568,10.77001953125,0.01977928658443906,1.514082941094311,-0.21464912472432363,0.0037098354882350586,0.03220260904908412,0.0,0.35209905327735513,183.7628331960196,-6.625476315548107,bull,low,overbought,low,start_week,1
2024-07-09,556.260009765625,557.1799926757812,555.52001953125,555.8200073242188,2024,7,9,1,0.000972442729531453,0.019217332219641836,0.011965445386455498,0.01784367601582626,0.044986586155139285,0.011784482732632107,0.023329423261061022,6.197583686275948,5.824506898602376,0.3730767876735719,67.78140923041691,90.77349896480331,93.81694435833839,3.61285400390625,0.9503623189302629,0.039620712625803384,0.003657932168313584,13.08001708984375,0.024099969276624167,1.5617351839397478,-0.39602302574101145,0.002986530032487587,0.03263069991097711,0.0,0.353413892171321,179.29362775575544,-9.226501035196687,bull,low,neutral,low,start_week,1
2024-07-10,557.0700073242188,561.6699829101562,556.77001953125,561.3200073242188,2024,7,10,2,0.009895289711641775,0.022422173256638755,0.018920048341790174,0.02550611470822206,0.05322569658755105,0.018381455229003585,0.03090079637785248,6.693675258796247,5.998340570641151,0.6953346881550964,72.40654479560838,98.18005230683289,94.10935831869601,3.8957083565848216,1.0981803720038992,0.042639504574141854,0.004058306191780185,16.489990234375,0.030266302731363215,1.6403902056087363,-0.14631149620263773,0.00872935814681558,0.033668636024573706,0.0,0.36680631473411696,202.76396385300396,-1.8199476931671026,bull,low,overbought,low,mid_week,0
2024-07-11,561.4400024414062,562.3300170898438,555.8300170898438,556.47998046875,2024,7,11,3,-0.008622580332635743,0.009103032488441576,0.008126852954030817,0.014853089498515493,0.042328446682020404,0.008111417474852223,0.020348092260749517,6.619970784308293,6.122666613374579,0.49730417093371404,64.8216855420813,70.588072837074,86.51387470290338,4.007136753627232,0.8615408288559723,0.04108274450085007,0.004741973358840303,10.969970703125,0.020109568122935517,1.3969351024710646,0.14916421978684635,0.011680563952228318,0.033925883064984896,-0.008622580332635743,0.35502091748616826,149.0827433127652,-29.411927162926002,bull,low,neutral,low,end_week,1
2024-07-12,557.6300048828125,563.6699829101562,557.1500244140625,559.989990234375,2024,7,12,4,0.006307522083127459,0.009645852164720914,0.011988637160804227,0.01952235571052352,0.04662848591158619,0.012216736359719649,0.02475085769056551,6.766784629938229,6.25149021668731,0.5152944132509187,73.45442910145485,82.666057177028,83.81139410697827,4.236424037388393,0.9506159031258133,0.043323716662243286,0.0046239882121548274,13.6199951171875,0.024928153520337837,1.5494033407315897,0.16261979077863553,0.011642991142332604,0.034229483888244205,-0.002369445365369871,0.36356774184631213,147.11954333513586,-17.33394282297201,bull,low,overbought,low,end_week,1
2024-07-15,562.030029296875,564.8400268554688,559.6300048828125,561.530029296875,2024,7,15,0,0.002750118911688748,0.011255582175202727,0.011607220925914152,0.0205536028976816,0.04711217171503823,0.012663466521371403,0.025474869425517577,6.927547486856838,6.386701670721217,0.5408458161356213,78.66945051834027,85.2232412902382,79.4924571014467,4.299281529017857,0.9475747584953373,0.04592216720795196,0.004629519383996679,17.31005859375,0.03180709919811586,1.6783548715224543,-0.10706524124670669,0.009278260646505453,0.035097565591343693,0.0,0.3673177152805325,142.76655467056372,-14.7767587097618,bull,low,overbought,low,start_week,1
2024-07-16,562.8699951171875,565.1599731445312,562.0999755859375,564.8599853515625,2024,7,16,1,0.005930147776526118,0.01626421846680781,0.01404026949089987,0.024549915612178452,0.05097659730425419,0.015751361581810785,0.029150460172108206,7.240192402060529,6.55739981698908,0.6827925850714491,79.44711344331961,98.67496286391344,88.85475377705986,4.361419677734375,0.9936526326643805,0.049731155042516,0.004713227945084332,19.51995849609375,0.03579410557601914,1.7858456679354746,-0.19426742833816013,0.0054172673546511564,0.0364249122294702,0.0,0.375426111389608,142.37409530779172,-1.325037136086571,bull,low,overbought,low,start_week,0
2024-07-17,558.7999877929688,560.510009765625,556.6099853515625,556.9400024414062,2024,7,17,2,-0.014021143496696697,-0.0078030442985486115,-0.0015990556002527523,0.00928387129442676,0.03448340130691285,0.00127685933300703,0.013615333173257138,6.770839298323722,6.600087713256008,0.17075158506771348,63.854516077006274,63.69263451890234,82.53027955768464,4.721422467912946,0.6859298743256803,0.0499321119217499,0.005709463267247257,7.92999267578125,0.014444167746898717,1.526585629861987,0.2599674723290901,0.007002593451657853,0.03614024717179998,-0.014021143496696697,0.35614106451271077,67.7286964927588,-36.30736548109766,bull,low,neutral,low,mid_week,0
2024-07-18,558.510009765625,559.52001953125,550.4299926757812,552.6599731445312,2024,7,18,3,-0.007684901925006371,-0.006864590745925825,-0.00948473845432729,0.0011493483551456851,0.025159067154375103,-0.00543585996628837,0.005391931262616723,5.984525107345348,6.476975192073876,-0.492450084728528,57.040478223740394,44.78787274251684,69.05182337511084,5.202850341796875,0.5231716611473091,0.04960146567994998,0.006005653480437867,1.199951171875,0.0021759531499356832,1.2689711755774928,0.22118797067867568,0.016447774937902972,0.03497553945271026,-0.021598294309054467,0.34571925343545695,23.4830803647499,-55.21212725748316,bull,medium,neutral,low,end_week,0
2024-07-19,552.4199829101562,554.0800170898438,547.9099731445312,548.989990234375,2024,7,19,4,-0.0066405802636198,-0.019643208256983513,-0.015064953586466201,-0.005678085216309192,0.01714954702616267,-0.010206889347477821,-0.0011894229389861621,5.007505094716294,6.1830811726023605,-1.1755760778860669,55.16346933975353,28.577667665050022,45.68605830882304,5.1199951171875,0.3844465203253842,0.04913815864565895,0.006174415918004491,-5.6500244140625,-0.010186831575150213,0.9638240614309472,0.4291609340003715,0.011238900626727971,0.03270723356827676,-0.028095449365757807,0.33678289672072026,-20.80570630859304,-71.42233233494997,bull,medium,neutral,normal,end_week,1
2024-07-22,553.0,555.27001953125,551.02001953125,554.6500244140625,2024,7,22,0,0.01030990415193389,-0.01225224747361664,-0.004797881688318517,0.0036516535706661024,0.02621178448347594,-1.8761322141402914e-06,0.008427849408353838,4.636480687819926,5.873761075645874,-1.2372803878259475,59.1760200490639,51.13912700507067,41.50155580421249,5.328569684709821,0.5769214128618239,0.047472523382085824,0.006460147339209408,-0.6300048828125,-0.0011345714766840542,1.129118031942299,-0.03217746951964218,0.007662489521189041,0.031159164154916708,-0.018075206603890392,0.3505650002578553,11.784238566569401,-48.86087299492933,bull,medium,neutral,low,start_week,0
2024-07-23,554.5399780273438,556.739990234375,553.280029296875,553.780029296875,2024,7,23,1,-0.0015685478750434578,-0.01961540265202444,-0.005995067340088145,0.0010774417795682556,0.023329403187522857,-0.0013291389480462046,0.006335751890599317,4.223553343292679,5.543719529175235,-1.320166185882556,54.976021474978545,34.02931102807971,37.915368566066775,5.192853655133929,0.5242952760853555,0.0443477890838925,0.006413459089855473,-2.03997802734375,-0.0036702133792636538,0.9433325434055919,-0.22141196229410787,0.006247897638874867,0.029501333005601982,-0.01961540265202444,0.34844657439659277,18.291903458578044,-65.9706889719203,bull,medium,neutral,low,start_week,0
2024-07-24,548.8599853515625,549.1699829101562,540.2899780273438,541.22998046875,2024,7,24,2,-0.022662516096977336,-0.02820774572447604,-0.025005842260441336,-0.021291027468755885,-0.0006149238763190068,-0.020350162286271845,-0.015268951000796505,2.850759610228124,5.005127545385813,-2.1543679351576888,41.185571618643934,3.779664760595872,29.64936759791539,5.929286411830357,0.042687647110153375,0.04655686061007042,0.008270379877163473,-20.09002685546875,-0.0357906837335743,0.5585727778629522,0.6177047810837308,0.016407082392445593,0.02501647644809557,-0.04183338437065154,0.31788738219841606,-122.58613385786448,-96.22033523940412,bull,medium,neutral,normal,mid_week,0
2024-07-25,541.3499755859375,547.4600219726562,537.4500122070312,538.4099731445312,2024,7,25,3,-0.005210367913795921,-0.02578438948440609,-0.026918339136080438,-0.02576504956526937,-0.006464187684358302,-0.021623099410712054,-0.01891725431590152,1.5177638264339066,4.307654801595432,-2.7898909751615255,35.92854867404618,3.46431718061674,13.757764323097417,6.363573346819196,-0.005705083892228791,0.05094876517152076,0.008332657666428473,-18.07000732421875,-0.032471980948887924,0.22291589257701605,0.2959258886085139,0.018591798564136,0.021019974247138196,-0.046825784960797034,0.3110207040682129,-145.17573390738826,-96.53568281938325,bull,medium,neutral,normal,end_week,1
2024-07-26,542.280029296875,547.1900024414062,541.489990234375,544.4400024414062,2024,7,26,4,0.011199698366761712,-0.008287924869133323,-0.013246959387271606,-0.014681862744545637,0.003879887068353405,-0.00903954842443222,-0.007346373788997385,0.9371254345916213,3.6335489281946702,-2.696423493603049,41.40500611221505,25.22555066079295,10.82317753400183,6.843575613839286,0.21603951734814764,0.05170389417370531,0.008734422777012314,-15.54998779296875,-0.0277683316918943,0.4672198638404865,0.11708027158756718,0.010469495594502531,0.017356770894762175,-0.036150521261383184,0.3257037405063563,-102.36511434305685,-74.77444933920705,bull,medium,neutral,low,end_week,1
2024-07-29,546.02001953125,547.0499877929688,542.719970703125,544.760009765625,2024,7,29,0,0.0005877733502015481,-0.017831090260719606,-0.009656894611940192,-0.014150895150326193,0.003915353427864421,-0.007165320505766015,-0.006265100065176887,0.4970574732900559,3.0062506372137476,-2.5091931639236917,41.19989549065487,26.380396475770926,18.356754772393515,7.01715087890625,0.2250555391469073,0.05146819509081601,0.00868944036772973,-16.77001953125,-0.029864866803737566,0.6438041010837176,-0.1464795288290871,0.007948485594063111,0.013704591838892277,-0.03558399622417496,0.3264829538352887,-95.11970856041596,-73.61960352422908,bull,high,neutral,low,start_week,0
2024-07-30,546.260009765625,547.3400268554688,538.52001953125,542.0,2024,7,30,1,-0.005066469116946526,-0.02127203704299685,-0.010562516294006619,-0.01884914442420249,-0.0016607067307027323,-0.010338655700106503,-0.010471567961894301,-0.07356130929861138,2.390288247911276,-2.4638495572098873,33.92682503267555,16.420044052863435,22.675330396475747,7.229296003069196,0.144626096023682,0.05304031672921759,0.008750148855191708,-22.8599853515625,-0.04047018012319403,0.36164658324372295,0.004898315214203253,0.016273076243946034,0.008996838819933961,-0.04047018012319403,0.31976236891552623,-117.95453488800088,-83.57995594713657,bull,high,neutral,low,start_week,1
2024-07-31,548.97998046875,553.5,547.5800170898438,550.8099975585938,2024,7,31,2,0.01625460804168588,0.017700455325011077,0.006646891430500013,-0.003063343379140604,0.013769190054150116,0.0048593119467048584,0.005194903887479008,0.1830028265017063,1.948831163629362,-1.7658283371276557,45.575174450451314,48.213656387665196,30.33803230543316,7.586438860212054,0.44197400734536435,0.052792606192422986,0.00938722088252689,-6.1300048828125,-0.011006580342480254,0.6927613444911853,0.37122573527546154,0.010747776794894682,0.007075270071642326,-0.02487339899678709,0.341214588930415,-27.486387963740285,-51.786343612334804,bull,high,neutral,normal,mid_week,0
2024-08-01,552.5700073242188,554.8699951171875,539.4299926757812,543.010009765625,2024,8,1,3,-0.014160940846283387,0.008543743337865228,-0.0058548976458665525,-0.01642876401128046,-0.0010629203360199568,-0.007940281730991594,-0.00837560987002317,-0.24029213692847406,1.5110065035177949,-1.751298640446269,37.58049020903348,20.064977973568283,28.23289280469895,8.175724574497767,0.20141443311919102,0.055021962993404144,0.009854773579726639,-9.64996337890625,-0.017460941352419268,0.2335184742386819,0.5264801272095068,0.028434102804238345,0.00482019908210507,-0.038682109111231044,0.3222217284743989,-79.13065944035391,-79.93502202643172,bull,high,neutral,normal,end_week,0
2024-08-02,535.75,536.989990234375,528.5999755859375,532.9000244140625,2024,8,2,4,-0.01861841433811906,-0.021196050943346534,-0.021481825348108052,-0.0328370375469621,-0.019717089589973202,-0.022438824931377277,-0.024899577953417906,-1.3756896760718291,0.9336672675998701,-2.309356943671699,31.392184522326644,11.761622306548091,26.680085555927164,8.832868303571429,-0.020760780042408486,0.06305589592266915,0.010496850548959566,-16.0899658203125,-0.029308304534739094,-0.26768792010957276,0.5880174827683173,0.015744068801014862,0.0018034777522273338,-0.0565803239144449,0.29760405648679855,-182.8336604913108,-88.23837769345191,bull,high,neutral,high,end_week,0
2024-08-05,511.6400146484375,523.5800170898438,510.2699890136719,517.3800048828125,2024,8,5,0,-0.0291236982927795,-0.050260673309320825,-0.043433563122448504,-0.057763816572559246,-0.047830419492666865,-0.043416912562209586,-0.04954570726722085,-3.4876330134939053,0.049407211381115035,-3.53704022487502,23.36180541097316,14.152095804745894,15.326232028287398,10.190017700195312,-0.19503173838663662,0.08310960979515152,0.012089034094971092,-37.27001953125,-0.06719556096769741,-1.1480246901640951,1.5375378644522653,0.025725826182994103,-0.004596498686040729,-0.08405619392423236,0.25981302744219037,-254.43942185654663,-85.8479041952541,bull,high,oversold,high,start_week,1
2024-08-06,519.219970703125,529.75,517.8699951171875,522.1500244140625,2024,8,6,1,0.00921956682947278,-0.036623571191766624,-0.028935684903500403,-0.046152371646934975,-0.038917050033442924,-0.02943157422594944,-0.03787639558276956,-4.7220299903091245,-0.9048802289569329,-3.8171497613521916,29.766246490147566,24.12188434309792,16.678534151463946,10.484303065708705,0.00531460679118938,0.09329641077041814,0.01238516031348308,-31.6300048828125,-0.05711655027172535,-0.6973824677017905,0.40166374482294986,0.02275209102239113,-0.010278788927539417,-0.0756115887920753,0.2714279578413339,-170.24498685747298,-75.87811565690208,bull,high,oversold,high,start_week,0
2024-08-07,528.469970703125,531.5900268554688,518.0499877929688,518.6599731445312,2024,8,7,2,-0.0066840009697359815,-0.05836862903099804,-0.03136047441664758,-0.04882162165356796,-0.04496193203858645,-0.030561760510369407,-0.04116030241559676,-5.913746469539319,-1.9066534770734103,-4.007092992465909,30.04230462771355,18.054624296247066,18.776201481363604,10.802161080496651,0.019152243850842632,0.10153238947094857,0.012022910106261697,-22.57000732421875,-0.04170132501653223,-1.1709343739474443,0.13812629642061136,0.02610581067285656,-0.014041815621500198,-0.08179020182900176,0.26292973213817294,-150.4495404181264,-81.94537570375293,bull,high,neutral,normal,mid_week,1
2024-08-08,523.9099731445312,531.2899780273438,521.8400268554688,530.6500244140625,2024,8,8,3,0.023117363765007726,-0.02276198436359822,-0.00752976122493676,-0.024522469103245292,-0.022914196526710118,-0.006905578330565598,-0.01761223993333061,-5.823563023280826,-2.690035386314894,-3.1335276369659324,40.19255725539654,43.8563263719283,28.6776116704244,11.263586861746651,0.2608586989844124,0.10254384750397781,0.013381348500107968,-7.75994873046875,-0.014412713577996228,-0.8085946938468327,0.010335902047077905,0.017808255417135852,-0.015501155299892266,-0.06056361191208848,0.2921253381656548,-104.73881087649936,-56.1436736280717,bull,high,neutral,normal,end_week,1
2024-08-09,529.8099975585938,534.510009765625,528.5599975585938,532.989990234375,2024,8,9,4,0.004409621620005133,0.00016882307410548414,-0.0010140284614360562,-0.017783451576762976,-0.018854565499954234,-0.002138560802436129,-0.012308665398841234,-5.499877146406334,-3.2520037383331823,-2.2478734080731515,37.99068975412721,48.89175946606389,36.93423671141306,11.240014212472099,0.3228489195689534,0.10038579236148053,0.013323788331108184,-11.45001220703125,-0.021030806251720158,-0.5671767441291424,-0.2672260020434968,0.011163459569690632,-0.01785864621406197,-0.05642105290455646,0.29782312199258665,-70.39579506600737,-51.10824053393611,bull,high,neutral,low,end_week,1
2024-08-12,534.2100219726562,535.72998046875,530.9500122070312,533.27001953125,2024,8,12,0,0.000525393163109511,0.03071246375676351,0.0016679990756827134,-0.014701746943815874,-0.018724196573792762,-0.001366278047029712,-0.010925966915137142,-5.161261918375999,-3.6338553743417457,-1.5274065440342532,38.55343135451539,51.56956809421856,48.10588464407022,11.334300449916295,0.34707049628586,0.0961341440778931,0.013287915220125858,-11.489990234375,-0.021091838659960338,-0.34669339804162463,-0.31773174806010596,0.008963504578638029,-0.020358238127096917,-0.05592530297689835,0.2985049893878071,-54.43210637963801,-48.43043190578144,bull,high,neutral,low,start_week,1
2024-08-13,536.530029296875,542.280029296875,536.280029296875,542.0399780273438,2024,8,13,1,0.016445624495827982,0.038092411535556314,0.018133409414516688,0.00361789869518625,-0.0031247040085828903,0.012710990234382491,0.0049424646492932656,-4.137549458910257,-3.734594191255448,-0.4029552676548094,50.47197088297783,71.23314947521405,57.231492345165485,11.014297485351562,0.5415132987883409,0.08715035424268233,0.013835551775438517,0.03997802734375,7.376019805116485e-05,-0.014288406040751335,-0.17124713029842675,0.011069294227772484,-0.020879496956419663,-0.04039940501364392,0.3198597148492379,-3.163592411470451,-28.766850524785948,bull,high,neutral,low,start_week,1
2024-08-14,542.8499755859375,544.9600219726562,540.1199951171875,543.75,2024,8,14,2,0.0031547893918812964,0.04837471205528532,0.022701615645387863,0.008014990964321456,-0.0005661192520226566,0.013425967515222625,0.0075073833114447375,-3.1519319676765463,-3.618061746539668,0.46612977886312157,53.15231309904613,75.06727893404714,65.95666550115989,10.645012991768974,0.5971576407801207,0.08249470551122412,0.013578741305234749,-7.05999755859375,-0.012817482598148966,0.2687915471820201,-0.3199051386641657,0.008901198814655172,-0.02275124488067526,-0.03737206723613795,0.3240235942764158,22.507399705334095,-24.932721065952858,bull,high,neutral,low,mid_week,1
2024-08-15,549.5,553.3599853515625,548.8800048828125,553.0700073242188,2024,8,15,3,0.017140243354885065,0.04225003651872461,0.038266450607001845,0.02525364692034615,0.01564297256178593,0.02593555747555598,0.022898997074361604,-1.6003287111575446,-3.214515139463243,1.6141864283056986,54.90396287535637,95.96415348286945,80.75486063071018,10.704295567103795,0.8054217906564526,0.08268449630285919,0.014071771019691915,10.05999755859375,0.01852635748452558,0.7047761024645298,-0.02865847647805131,0.008100205054373455,-0.02178966490922396,-0.020872390208355407,0.34671768088992305,89.55406730967039,-4.035846517130555,bull,high,neutral,normal,end_week,1
2024-08-16,551.4199829101562,555.02001953125,551.260009765625,554.3099975585938,2024,8,16,4,0.0022420131591913695,0.04000076495778759,0.03642859379634755,0.02704584459298065,0.017186332534541604,0.023788425912295796,0.02328280204289057,-0.2675311699899794,-2.6251183455685903,2.357587175578611,55.370586866368775,98.4133598023417,89.81493073975274,10.663580758231026,0.8187104828164451,0.08486022911445043,0.013986702458340649,21.40997314453125,0.04017634108399992,1.013559640324313,-0.278583096524889,0.006783225599728689,-0.0185659305204261,-0.018677173222674925,0.34973703965219416,100.24362351496636,-1.5866401976582976,bull,high,neutral,low,end_week,1
2024-08-19,554.72998046875,559.6099853515625,553.8599853515625,559.6099853515625,2024,8,19,0,0.009561414761256382,0.04939329955857197,0.03814114711355643,0.03638963500493775,0.0259725999020628,0.028265542136672428,0.03054262730920798,1.2025232650646558,-1.8595900234419414,3.0621132885065974,59.62819641758291,100.0,98.12583776173703,10.44429452078683,0.9149647315886361,0.08769332002173999,0.013960261682548705,42.22998046875,0.08162275323785506,1.2770493284242825,-0.3625969135599312,0.010275013224411446,-0.011721476646337381,-0.009294338661168355,0.36264243530693907,127.46245485725215,-0.0,bull,high,neutral,low,start_week,0
2024-08-20,559.1500244140625,560.8400268554688,557.3300170898438,558.7000122070312,2024,8,20,1,-0.0016260845380726696,0.03073580336328452,0.02947275861418608,0.034233194774477615,0.023377798780460646,0.022410500211003992,0.02667155917203967,2.2679808962125207,-1.0340758395110492,3.30205673572357,54.721729525657395,95.76821624074651,98.06052534769606,9.873580932617188,0.8793896798447646,0.09023227724192412,0.013960724587638825,36.54998779296875,0.06999901576943102,0.980161043587755,-0.45009002470513637,0.006282458723706515,-0.0059204673292475585,-0.010905309818852404,0.36042666351196484,132.6217649389658,-4.2317837592534815,bull,high,neutral,low,start_week,1
2024-08-21,559.77001953125,562.1099853515625,554.72998046875,560.6199951171875,2024,8,21,2,0.003436518468241667,0.03102527837643687,0.025084968058438184,0.03592819274250547,0.02595652936393744,0.02184858106805021,0.02790030407676869,3.2300562422670964,-0.18124942315542014,3.4113056654225167,61.33640748546615,97.12579023990797,97.63133549355148,9.297866821289062,0.8734872284802312,0.09619657648991649,0.012854153951547905,41.96002197265625,0.0809008293396174,1.284481247569684,-0.30451357698404424,0.013164005827637031,0.0008502332320314832,-0.007506267649205256,0.36510179486581196,120.39232800326536,-2.8742097600920236,bull,high,neutral,low,mid_week,0
2024-08-22,562.5599975585938,563.1799926757812,554.97998046875,556.219970703125,2024,8,22,3,-0.007848497114596786,0.005695415294974859,0.012306627898289069,0.026109262001362765,0.01718689510019744,0.011676286629729304,0.01833679431663482,3.596010121475615,0.5742024857707869,3.0218076357048282,66.20339034804249,86.84554622769653,93.24651756945032,8.854293823242188,0.763681705159548,0.09901810209231116,0.01294353879086822,25.5699462890625,0.04818608331790153,0.7801045127017254,-0.05582337168373552,0.014742390850629665,0.004820937715325213,-0.015295851843815877,0.3543877973676768,100.98429927944811,-13.15445377230347,bull,high,neutral,low,end_week,1
2024-08-23,559.530029296875,563.0900268554688,557.2899780273438,562.1300048828125,2024,8,23,4,0.010625354160183287,0.014107642580255098,0.01766564536988624,0.03532268235049818,0.027214529048658065,0.018910354162410714,0.026939024588105376,4.313201669417822,1.322002322500194,2.991199346917628,85.88607049720815,97.68265758211324,93.88466468323922,7.728581019810268,0.8389255847963565,0.10421958074284016,0.012921991619000855,29.1400146484375,0.05467272403300405,1.1689640280222477,-0.14580810142468215,0.010317984768192793,0.009383124724919867,-0.004833021526654768,0.36877864738493904,106.044600485068,-2.317342417886764,bull,high,overbought,low,end_week,0
2024-08-26,563.1799926757812,563.9099731445312,559.0499877929688,560.7899780273438,2024,8,26,0,-0.002383837980234005,0.002108598321454158,0.01020670188946271,0.03133220074783738,0.024079401405445067,0.013910559581312931,0.022635757969785564,4.719053854754975,2.00141262895115,2.717641225803825,82.79012624475966,93.19669403888896,92.57496594956622,7.192151750837054,0.7897885645226291,0.10812090117997258,0.012952255347224216,27.51995849609375,0.051606048508566316,0.8265163797683467,-0.3944096015638008,0.008666319909385989,0.013732535618735442,-0.007205338366614189,0.3655157008587695,96.75574278663974,-6.803305961111037,bull,high,overbought,low,start_week,1
2024-08-27,559.489990234375,562.0599975585938,558.3200073242188,561.5599975585938,2024,8,27,1,0.0013730978823098816,0.005118999980445071,0.00804917592359855,0.030894143733837254,0.02478266838390364,0.012918074916125954,0.02221963358903878,5.044676881603095,2.6100654794815394,2.434611402121556,88.16723176604233,94.41412268560833,95.09782476887017,6.492148263113839,0.776490917042145,0.11173655924880956,0.012859323916931313,19.52001953125,0.036012139920545305,1.0659784672664112,-0.44006800589596795,0.0066600011586202155,0.016599877128983476,-0.005842134119156794,0.36739068757587967,83.60253479403129,-5.585877314391665,bull,medium,overbought,low,start_week,0
2024-08-28,561.2100219726562,561.6500244140625,555.0399780273438,558.2999877929688,2024,8,28,2,-0.005805274200081922,-0.004138288581258642,-0.00041359541726493365,0.024205385091728537,0.018417220716839156,0.005948627280681684,0.015060876453446115,4.982247683367518,3.0845019202587354,1.8977457631087828,79.12359900173449,84.13015777641952,90.58032483363893,6.062151227678571,0.7133065603798402,0.1134769837768952,0.01250009104716218,14.54998779296875,0.026758598239942533,0.6952410136495223,-0.2815502880245756,0.011839596151253932,0.018838607695914833,-0.011613493128763364,0.359452609695863,67.7563639016589,-15.869842223580479,bull,medium,overbought,low,mid_week,1
2024-08-29,560.3099975585938,563.6799926757812,557.1799926757812,558.3499755859375,2024,8,29,3,8.953572284031708e-05,0.003829428993928241,-0.0012682291218879538,0.022857861649284494,0.018142159512739342,0.005104922896059572,0.014013679730595863,4.88054579719892,3.4437106956467725,1.4368351015521474,78.06546613890278,83.131055376137,87.22511194605494,6.101436070033482,0.6982703120043794,0.11528635537114432,0.01200162081020251,5.27996826171875,0.009546654477366356,0.9990339093437886,-0.2995704452277411,0.01164144404802533,0.019435036714173126,-0.011524997228425149,0.3595743292679392,68.09180712633108,-16.868944623862998,bull,medium,overbought,low,end_week,1
2024-08-30,560.77001953125,564.2000122070312,557.1400146484375,563.6799926757812,2024,8,30,4,0.009546014727143781,0.0027573475521767143,0.006578623331947586,0.02971895333550556,0.027236477289790617,0.012410116384798275,0.021899961449790117,5.170432625206104,3.7890550815586392,1.3813775436474645,80.27070278467355,98.13746472222647,88.46622595826098,6.264295305524554,0.7557666113720256,0.11619559400690407,0.011143030443144738,9.3699951171875,0.016903889806167527,1.4580127484588319,0.15535629325438838,0.012524832618379868,0.020522841911208012,-0.0020890002945541664,0.3725528458377776,71.12049967294742,-1.8625352777735271,bull,medium,overbought,normal,end_week,0
2024-09-03,560.469970703125,560.8099975585938,549.510009765625,552.0800170898438,2024,9,3,1,-0.020579008899841544,-0.015531591645304488,-0.01280834299539868,0.005341963439758235,0.005819455165441134,-0.007137487762537753,0.000805756435294791,4.413275447983551,3.9138991548436217,0.4993762931399295,59.46101392327018,49.667830085139926,76.97878339450111,6.632864815848214,0.5514257642366215,0.10387718139060971,0.009951913784180678,-7.52996826171875,-0.013455743211923221,0.9206711489080839,0.21234885300684536,0.020468025364391747,0.018869484996825614,-0.022625019638742194,0.34430706860777915,29.00891858792072,-50.332169914860074,bull,medium,neutral,normal,start_week,0
2024-09-04,550.2000122070312,554.4299926757812,549.4600219726562,550.9500122070312,2024,9,4,2,-0.0020468135919301522,-0.01889376985128899,-0.013461793780583986,0.0006602345644348695,0.003460542723074056,-0.007769931575784872,-0.0011507599948172853,3.6796245583913105,3.8670442355531596,-0.18741967716184904,56.85976230267971,13.511790695728736,53.77236183436502,6.642146519252232,0.507118094889013,0.09275439211324363,0.009917890565561052,-7.75,-0.013871487078343181,0.5019161665030736,-0.018308150034429427,0.009020728910080189,0.017153250018068,-0.024625524032958035,0.34155552262802513,8.313914433361015,-86.48820930427127,bull,medium,neutral,low,mid_week,0
2024-09-05,550.8900146484375,553.7999877929688,547.0999755859375,549.6099853515625,2024,9,5,3,-0.0024322113182296823,-0.01556511307793318,-0.013917233967324805,-0.004571374423769536,0.0008456496148372405,-0.008630112127072764,-0.003315853822070003,2.955997080258612,3.6848348044942503,-0.7288377242356381,46.11234019440699,14.678388247009819,25.95266967595947,6.434291294642857,0.43896629374347684,0.07489917791582563,0.009749515230727318,-11.010009765625,-0.01963898872947545,0.10780556183387548,-0.05385663986080691,0.012190484863089837,0.01497124185787957,-0.026997840872917456,0.3382925761018556,-12.194317531854804,-85.32161175299018,bull,medium,neutral,low,end_week,0
2024-09-06,549.9400024414062,551.5999755859375,539.4400024414062,540.3599853515625,2024,9,6,4,-0.01683011634892906,-0.03221991765199983,-0.02774655570612683,-0.022184359032748735,-0.01581410029850039,-0.02150412018407788,-0.01862972769268112,1.6174741605791496,3.27136267571123,-1.6538885151320804,36.71682213117137,3.715599948726545,10.635259630488344,7.034288678850446,0.176288977608261,0.0685313674796723,0.00948830192852146,-15.8599853515625,-0.02851387254491,-0.48199230266650533,0.455927580495904,0.022503467085224445,0.012272988568626575,-0.04337358041878547,0.3157689563371533,-78.19958714119288,-96.28440005127345,bull,high,neutral,normal,end_week,1
2024-09-09,544.6500244140625,547.7100219726562,542.6799926757812,546.4099731445312,2024,9,9,0,0.011196217256969065,-0.03063798565790754,-0.014072339979996573,-0.012435638615342026,-0.004796390440739873,-0.008940304740223004,-0.0070800198221692145,1.0329612222569722,2.8236823850203785,-1.7907211627634063,37.60796595970952,28.150112900204107,15.514700365313466,7.148577008928571,0.2957394126933798,0.06088124380389947,0.009736648610906931,-15.72003173828125,-0.02796511768048815,-0.14496013958200205,-0.1355166529713583,0.009205595695714917,0.009408346996846229,-0.03266298319139771,0.3305005914322796,-76.52982309989414,-71.8498870997959,bull,high,neutral,low,start_week,1
2024-09-10,548.3599853515625,549.1500244140625,543.3800048828125,548.7899780273438,2024,9,10,1,0.0043557127427886755,-0.005959351834255222,-0.007629193238831822,-0.009523249918422128,-0.0006279364874824944,-0.003915005359994894,-0.0025515814909471413,0.753095791462556,2.409565066308814,-1.6564692748462582,40.94645019839456,37.762406697102065,23.209373182010882,7.310006277901786,0.31391896602651537,0.05117797184950689,0.009758479677446065,-12.0,-0.02139838526039939,0.1413859685921707,-0.2169620850143894,0.010514075989489929,0.007055081330132662,-0.028449541020713176,0.33629586981266923,-77.6136561263445,-62.237593302897935,bull,high,neutral,low,start_week,1
2024-09-11,548.7000122070312,555.3599853515625,539.9600219726562,554.4199829101562,2024,9,11,2,0.010258942597767273,0.0062981588642221364,0.003847570480911555,-0.00047866590538159226,0.009290791234988216,0.005328794201932885,0.007108163564317316,0.9743629142102463,2.122524635889101,-1.1481617216788544,44.69541495775904,60.50070501000818,42.137741535771426,7.882860456194196,0.48978747259539096,0.04687046471626256,0.009348587963124556,-7.1400146484375,-0.012714606951134355,0.7617013998704794,0.5800398513412057,0.02777671053281969,0.005422357850075832,-0.018482460631210285,0.350004852434711,-55.88982713586553,-39.49929498999182,bull,high,neutral,normal,mid_week,1
2024-09-12,555.010009765625,559.4000244140625,552.739990234375,559.0900268554688,2024,9,12,3,0.008423296578884854,0.017248670432802093,0.012158490482227613,0.0065487753017647865,0.017418951882647304,0.011649637322389328,0.014419767074353551,1.5091556138328315,1.999850831477847,-0.49069521764501545,52.444259164347486,79.36194129189387,59.20835099966802,7.772862025669643,0.6508271877996549,0.04341906387901108,0.009480712131540819,0.7900390625,0.0014150798491383565,1.1633065309168202,0.07748445568005247,0.011912275053708293,0.0051972704372746925,-0.010214847299729657,0.3613763436897022,28.14603539897754,-20.638058708106136,bull,high,neutral,low,end_week,1
2024-09-13,559.7100219726562,563.030029296875,559.4500122070312,562.010009765625,2024,9,13,4,0.005222741901835137,0.04006592827182942,0.016771019808864418,0.010992124349598509,0.022340118065454106,0.01429088181912741,0.018230613205896917,2.1438874982352445,2.0286581648293267,0.11522933340591779,49.89232329738268,91.15508248124081,77.00590959438092,7.563572474888393,0.7474670473793132,0.04441853760331189,0.008791086919721207,3.6600341796875,0.00655508971026042,1.4344443617294451,-0.16389661758902208,0.006370023714233709,0.0054772393666733254,-0.005045454908907621,0.3684864609640577,81.89859373272807,-8.844917518759182,bull,high,neutral,low,end_week,1
2024-09-16,561.739990234375,563.1099853515625,559.9000244140625,562.8400268554688,2024,9,16,0,0.0014768724318450221,0.030069095584738914,0.01842742520502494,0.01170901960802384,0.02354463069203505,0.01332743159684946,0.01824592973633954,2.6829649818059806,2.1595195282246573,0.5234454535813233,51.85658915585664,94.50733111805712,88.34145163039723,7.445713588169643,0.756473717929838,0.04565387714006254,0.008786323293611226,-0.8399658203125,-0.001490146592440178,1.6586468456418209,-0.2138537734690742,0.005703149712776706,0.0050246147740766745,-0.0035760339703236887,0.37050754089160853,80.78514910869568,-5.49266888194287,bull,high,neutral,low,start_week,1
2024-09-17,565.0999755859375,566.5800170898438,560.7899780273438,563.0700073242188,2024,9,17,1,0.00040860716682655784,0.026020936731034006,0.01682153400954567,0.011807768567606569,0.023672824163665895,0.01160288056304215,0.017255768665773497,3.093090056392157,2.3462336338581573,0.7468564225339995,51.38102117416943,87.06703068847798,90.90981476259196,7.592145647321429,0.7531443574453064,0.0466444075102789,0.008540938160307243,10.989990234375,0.019906516979741662,1.94593368915121,0.04632093164800999,0.010282982554895815,0.006737947540414568,-0.0031688879966063066,0.37106754009500675,93.68568949165686,-12.93296931152201,bull,high,neutral,low,start_week,0
2024-09-18,563.739990234375,568.6900024414062,560.8300170898438,561.4000244140625,2024,9,18,2,-0.0029658530705484187,0.012589808663223012,0.011896222808331913,0.008562229151105827,0.020429724242418956,0.007269514762675122,0.01317012541114404,3.2459462210680385,2.5261761513001337,0.7197700697679048,52.92015412866823,75.07699819711539,85.55045333455014,7.681427001953125,0.6814874346162829,0.04717808243424066,0.008562422423110245,10.45001220703125,0.018967260142476183,1.4340874220698676,0.21985592887243444,0.014000685802901465,0.008433178464095636,-0.00612534261095965,0.3670011552212866,89.86052710094337,-24.923001802884617,bull,high,neutral,low,mid_week,1
2024-09-19,571.010009765625,572.8800048828125,568.0800170898438,570.97998046875,2024,9,19,3,0.01706440263283948,0.02126661725689294,0.025214666953969678,0.02481905247068905,0.03747841730694157,0.020617623861901135,0.02813953665816782,4.092927502927978,2.839526421625703,1.253401081302275,60.08625446236213,94.31810922444838,85.4873793700139,8.037139892578125,0.9756833745040505,0.05217557266231028,0.009334599846246646,21.3699951171875,0.03888210856197971,1.920089491175641,0.5035068618068472,0.008406578088829256,0.011962129247925057,0.0,0.3903282133335395,158.63485568452265,-5.681890775551626,bull,high,neutral,normal,end_week,0
2024-09-20,567.8400268554688,569.3099975585938,565.1699829101562,568.25,2024,9,20,4,-0.004781219240837187,0.011102987715427393,0.01522887807349571,0.018819250324895842,0.03207655984388946,0.013284458663218146,0.02146656790912216,4.492097558126829,3.1700406489259283,1.3220569092009011,53.80770807249367,86.15429262923882,85.18313335026751,7.947854178292411,0.8420050111963321,0.055026241454960594,0.009206626577113717,27.8900146484375,0.05161376749666613,1.3008804601836288,0.5148478469498048,0.007285551515068192,0.01659495916070064,-0.004781219240837187,0.3836807493288703,110.01495467907716,-13.845707370761168,bull,high,neutral,normal,end_week,1
2024-09-23,569.3400268554688,570.3300170898438,568.0999755859375,569.6699829101562,2024,9,23,0,0.0024988700574681832,0.012134808700166255,0.013553872116029986,0.02067524848144786,0.03429190405019078,0.013350726862831008,0.02220039027235643,4.866920624883505,3.509416644117444,1.3575039807660612,67.64999130343185,90.40065269647971,90.29101818338894,7.095001220703125,0.857309279441681,0.05786373226509623,0.008940080862862326,23.260009765625,0.042568787007612796,1.5686361722691786,-0.13217507021328812,0.00391461999193655,0.020460710086248612,-0.002294296828968201,0.38713838772246323,118.31796206084046,-9.59934730352029,bull,high,neutral,low,start_week,1
2024-09-24,570.47998046875,571.3599853515625,567.5999755859375,571.2999877929688,2024,9,24,1,0.0028613143253319873,0.01461626504998903,0.01239934011861532,0.022632874547955817,0.03688348685089404,0.013715914315954425,0.02322088194278371,5.235150817411295,3.854563478776215,1.3805873386350802,70.21656403179216,95.27506885619323,90.61000472730389,7.008575439453125,0.8683237174457665,0.06144832242927307,0.008921630480887175,22.510009765625,0.04101753068913272,1.8315819596966871,-0.08915343035003187,0.006581498067504906,0.02418427764819553,0.0,0.39110742666247167,114.76273293732555,-4.724931143806775,bull,high,overbought,low,start_week,0
2024-09-25,571.1400146484375,571.8900146484375,568.9099731445312,570.0399780273438,2024,9,25,2,-0.0022055133774685487,0.015390012891963956,0.007378041702393201,0.019603603032768646,0.03440212883025695,0.009696846987994112,0.019381157253144377,5.363476818089339,4.15634614663884,1.207130671450499,70.32837561262974,91.5070973441313,92.39427296560139,6.742863246372768,0.8066467407455847,0.06392894633448311,0.008948896368328206,15.6199951171875,0.028173578872821237,1.5367459895283648,-0.2563228168104259,0.005227776329335454,0.026826162581621293,-0.0022055133774685487,0.3880393206234718,105.21138721647722,-8.4929026558687,bull,medium,overbought,low,mid_week,1
2024-09-26,574.3800048828125,574.7100219726562,569.9000244140625,572.2999877929688,2024,9,26,3,0.003964651345061521,0.00231182768113003,0.00901642366176203,0.022365915468554043,0.03792458293727474,0.011567877993727604,0.02165007404081476,5.583180568378907,4.441713030986854,1.141467537392053,86.91636649919367,93.0646498426259,93.28227201431679,6.217864990234375,0.8327320067569298,0.06721900813375332,0.00883599950155698,13.2099609375,0.023627609692481455,1.7914649579382051,-0.07112720086268942,0.00840467877195514,0.0286498401786206,0.0,0.39354241258298006,109.78548130680143,-6.935350157374101,bull,medium,overbought,low,end_week,0
2024-09-27,573.3900146484375,574.219970703125,570.4199829101562,571.469970703125,2024,9,27,4,-0.0014503182029491635,0.005666468461284602,0.005875353097124947,0.019688198667912715,0.03571261901664702,0.008533555259988335,0.018646546967672872,5.625474957383062,4.6784654162660955,0.9470095411169668,82.93902738400666,90.67611145458633,91.74928621378116,5.964290073939732,0.7828328219358432,0.0696107281084185,0.008853576157695926,9.4599609375,0.01683237090642753,1.4543682565504858,-0.1935705385626899,0.00664949689008737,0.02966298540634482,-0.0014503182029491635,0.3915213326554292,96.05794600976171,-9.323888545413668,bull,medium,overbought,low,end_week,1
2024-09-30,570.4199829101562,574.3800048828125,568.0800170898438,573.760009765625,2024,9,30,0,0.0040072780371684935,0.0071796425617773885,0.007968773105355043,0.02285451832893015,0.03893020737362951,0.010619864282083613,0.021009579191193728,5.777184788997374,4.898209290812352,0.8789754981850226,82.89858195836744,97.26615192221223,93.66897107314146,6.002144949776786,0.8148139730835602,0.07259689938497099,0.008663334550561936,10.91998291015625,0.019401574850966385,1.767978868116857,0.2164231886615382,0.010980179318426583,0.030716660172803056,0.0,0.39709754553003074,87.69668624687327,-2.7338480777877696,bull,medium,overbought,normal,start_week,0
2024-10-01,573.4000244140625,574.0599975585938,566.0,568.6199951171875,2024,10,1,1,-0.0089584749040581,-0.004691042767451359,-0.002034116032559985,0.01219900765977,0.029102334041169575,0.00132497053997227,0.010974514205909225,5.420179245925169,5.002603281834915,0.4175759640902541,68.95355562978109,72.28030014696199,86.74085450792018,5.477861676897321,0.6697218885243842,0.07187645486290616,0.007450126737290925,5.54998779296875,0.009856656758087778,1.2632231767204791,0.3749268014875262,0.014174664323811998,0.031199914319661515,-0.0089584749040581,0.3845816822298789,63.19779633325626,-27.719699853038,bull,medium,neutral,normal,start_week,1
2024-10-02,567.7100219726562,569.9000244140625,565.27001953125,568.8599853515625,2024,10,2,2,0.00042205732551758857,-0.002070017404506741,-0.0029183690057944522,0.011014580716336653,0.028975017010399062,0.0014783300652378983,0.010547761880784545,5.097850144027689,5.0216526542734705,0.07619748975421814,64.78953660911776,61.66426685865131,77.07023964260848,5.332859584263393,0.6568760575817902,0.07021199337951203,0.0074085434442200575,7.4599609375,0.013288137892915053,1.4346703923281896,-0.2728941124783252,0.008139093981010283,0.031986735112542464,-0.008540198568499191,0.38516605507164137,46.71931433724569,-38.33573314134869,bull,medium,neutral,low,mid_week,0
2024-10-03,567.3599853515625,569.7999877929688,565.489990234375,567.8200073242188,2024,10,3,3,-0.0018281792604923908,-0.00782802824446438,-0.0041896623767577745,0.007535869118672656,0.026106812510063415,-0.0002983292828382389,0.008050644425384057,4.704256729886538,4.958173469396084,-0.2539167395095463,59.32584974165345,53.47727357024814,62.47394685862046,5.359287806919643,0.6124797968873684,0.06699753491036951,0.00739233882732713,-3.15997314453125,-0.005534297615718553,1.139363390987921,-0.2178836415585803,0.00759042919058819,0.0304239409274778,-0.010352764815088289,0.3826337232174213,39.97130693439932,-46.52272642975186,bull,medium,neutral,low,end_week,1
2024-10-04,572.3499755859375,573.3599853515625,568.0999755859375,572.97998046875,2024,10,4,4,0.009087339434985742,0.002642325656704525,0.0040267469265979905,0.013757839275710504,0.03413931046571994,0.007424524789858111,0.01591595209351171,4.753897847375242,4.917318344991916,-0.16342049761667354,64.28970777718334,87.57158015662132,67.57104019517357,5.525717599051339,0.7456993464504906,0.05599461078942155,0.006147888801463174,4.72998046875,0.008323766772987184,1.3387601384630035,-0.1571953842231285,0.009180093449899996,0.029991794174108133,-0.0013595044680677626,0.39519818517455607,69.49780821500813,-12.428419843378672,bull,medium,neutral,low,end_week,0
2024-10-07,571.2999877929688,571.9600219726562,566.6300048828125,567.7999877929688,2024,10,7,0,-0.009040442689714157,-0.010387656635551967,-0.004723970013062795,0.0026956803059752232,0.023926835201768526,-0.0014244786695298828,0.006229877015550667,4.325396197796977,4.7989339155529285,-0.4735377177559519,55.84960235747369,50.215909590607275,63.75492110582556,5.565713065011161,0.5580879098862551,0.04640690827495415,0.006380676321104763,-1.8699951171875,-0.00328259373547235,0.9998994868808966,-0.02837430478466052,0.009387138436831354,0.02878679316250321,-0.010387656635551967,0.3825849759406923,36.88626709846576,-49.784090409392725,bull,medium,neutral,low,start_week,1
2024-10-08,570.4199829101562,573.780029296875,569.530029296875,573.1699829101562,2024,10,8,1,0.009457547081078044,0.008001807590376941,0.004359686190893219,0.010004514994226499,0.03255266923343014,0.006777450375361482,0.014562961463316926,4.368758946674461,4.712898921777235,-0.34413997510277383,63.33556930949829,83.85709898659023,73.88152957793959,5.431431361607143,0.7681756365808445,0.037305831065718206,0.00658112419821177,1.8699951171875,0.003273228001302142,1.1732263477998626,-0.27344512824139244,0.007414903303940435,0.028070604017830236,-0.0010283513061667415,0.3956608384442426,77.86570221556644,-16.142901013409766,bull,medium,neutral,low,start_week,1
2024-10-09,573.1599731445312,577.7100219726562,572.5499877929688,577.1400146484375,2024,10,9,2,0.006926447400689373,0.014555478518598619,0.010059683263904162,0.014968502940290396,0.03838990761996719,0.011610764627608683,0.019959078412719045,4.669643872106121,4.704247911843012,-0.03460403973689097,57.995886625511794,95.4545012070711,76.50916992808952,4.980006626674107,0.9480131181082433,0.03341085860051523,0.006406102509952207,7.10003662109375,0.012455331020227556,1.3360926692040727,-0.23575206824815753,0.008940697315591111,0.028048069659128316,0.0,0.40532780983092875,142.19016778289068,-4.5454987929289,bull,medium,neutral,low,mid_week,0
2024-10-10,575.77001953125,577.5800170898438,574.489990234375,576.1300048828125,2024,10,10,3,-0.0017500255397128184,0.014634915028361783,0.007616651712328171,0.011676446710954913,0.03562912175511235,0.008313922654240358,0.016805268789777728,4.771594030418896,4.717717135558189,0.053876894860707125,60.70651416743513,87.29890048425794,88.87016689263974,4.785723005022321,0.8720195394644061,0.0313866490124833,0.006274239908380825,3.83001708984375,0.0066923242556999885,1.0383679071806686,-0.10330561092982216,0.005363419417978891,0.027800721628786107,-0.0017500255397128184,0.40286845027205587,146.40071944466308,-12.701099515742063,bull,low,neutral,low,end_week,1
2024-10-11,576.0499877929688,580.3300170898438,575.9099731445312,579.5800170898438,2024,10,11,4,0.005988252959907792,0.011518790963157777,0.012214791441949702,0.016167046654950612,0.04046279623152449,0.012117212677512867,0.021162404000056867,5.072307019624645,4.78863511237148,0.28367190725316505,62.76077033348423,95.01991951139445,92.59110706757447,4.942151750837054,0.9961674078337066,0.03258385456138018,0.0063002921523738755,8.11004638671875,0.014191553016758451,1.2297780285529165,-0.14386988312977256,0.007626287682425955,0.027907125077014427,0.0,0.41126918142175883,185.4550640607983,-4.980080488605553,bull,medium,neutral,low,end_week,1
2024-10-14,581.219970703125,585.27001953125,580.72998046875,584.3200073242188,2024,10,14,0,0.008178318945803564,0.02909478669674348,0.01861441293527122,0.022552095902504732,0.047039005755498575,0.017203017862797987,0.027267975295347968,5.628223174939649,4.956552724885114,0.6716704500545347,65.52217432685339,95.24993896484375,92.5229196534987,5.080008370535714,1.1126381658946078,0.03681144459808971,0.00647156000942194,10.55999755859375,0.018404903407101214,1.3842288565436296,-0.2661014481432319,0.00776978197835504,0.027905154746748817,0.0,0.4228109909058091,243.9860470460529,-4.75006103515625,bull,medium,neutral,low,start_week,0
2024-10-15,584.5900268554688,584.9000244140625,578.5399780273438,579.780029296875,2024,10,15,1,-0.0077696775233381254,0.011532436421666015,0.008737638402524395,0.013125888697412158,0.036585750716941146,0.007857716488262723,0.017832333913145648,5.63746723547024,5.092735627002139,0.5447316084681004,60.76962011648232,72.550048828125,87.60663576812105,5.321437290736607,0.8620272533306815,0.03625663144598322,0.0068194029801163574,11.1600341796875,0.019626524349337204,1.057142526528325,0.09296468859582219,0.01096975760691837,0.027606893263661725,-0.0077696775233381254,0.41175620832980986,170.97025639651866,-27.449951171875,bull,medium,neutral,low,start_week,1
2024-10-16,579.780029296875,582.8300170898438,578.9600219726562,582.2999877929688,2024,10,16,2,0.00434640444437151,0.00894059156108673,0.010758486897860298,0.015674657931977976,0.03885676086022949,0.010336001659692506,0.020573716110889873,5.781487422349642,5.23048598607164,0.5510014362780016,60.99384816894453,85.14984130859375,84.31660970052081,5.254294259207589,0.9508042275525161,0.03477043242712711,0.0067639914070817,13.44000244140625,0.023626204668096173,1.2165065889702662,-0.3622420227323251,0.006646050486546533,0.027799196669232362,-0.0034570432398854933,0.41789227178806354,144.97023449691727,-14.85015869140625,bull,medium,neutral,low,mid_week,1
2024-10-17,585.9099731445312,586.1199951171875,582.1599731445312,582.3499755859375,2024,10,17,3,8.584543021927793e-05,0.010796123531858326,0.008302199473253946,0.014755613586564964,0.03659025665899063,0.008805117804950413,0.019101624543218287,5.8324254847585735,5.350873885809027,0.48155159894954647,62.17004112708981,81.91835038026264,79.87274683899376,5.265725272042411,0.8964997589740572,0.03721468488340339,0.005742422717668056,14.52996826171875,0.02558903891074471,1.4341639190406865,-0.25443605097816835,0.0068000723597040295,0.028055137835179433,-0.0033714945810303654,0.4180139913601397,148.04063540819044,-18.08164961973736,bull,medium,neutral,low,end_week,1
2024-10-18,584.0700073242188,585.3900146484375,582.5800170898438,584.5900268554688,2024,10,18,4,0.0038465722734466468,0.00864420721539183,0.010150096770794814,0.017210802442878315,0.03858320791854131,0.010713027239493522,0.021280074410684024,5.984561384389053,5.477611385525033,0.5069499988640205,62.127688658934176,92.66201413324121,86.57673527403252,5.032871791294643,0.9359698742670338,0.03947704522431425,0.005607591523925436,11.61004638671875,0.02026256899450596,1.6681746111764626,-0.15206188166127144,0.0048067832660588315,0.028147412190168808,0.0,0.42346848466266507,133.4530023502819,-7.337985866758781,bull,medium,neutral,low,end_week,0
2024-10-21,583.8499755859375,584.8499755859375,580.5999755859375,583.6300048828125,2024,10,21,0,-0.0016422140791901851,-0.0011808639662468368,0.005740143833489197,0.014308395515477246,0.035015285497459026,0.007649762374839941,0.018124528156024056,5.958973098424622,5.573883728104951,0.3850893703196707,68.54462642898079,88.05758681053611,87.54598377467995,4.760729108537946,0.850298105049825,0.04084634004355278,0.005642523832071657,15.83001708984375,0.027879565745280832,1.3980316193104012,-0.16697357354597575,0.007282010802123446,0.029108057228763196,-0.0016422140791901851,0.4211308446758686,103.09526535169354,-11.942413189463885,bull,low,neutral,low,start_week,0
2024-10-22,581.0499877929688,584.5,580.3800048828125,583.3200073242188,2024,10,22,1,-0.0005311542518380286,0.006105726048613258,0.0034508023714250324,0.012711865843582304,0.03263242123472443,0.0060134175886150665,0.016260068471849465,5.8462876207194086,5.628364506627843,0.2179231140915654,67.83427455597428,86.42759510298755,89.04906534892162,4.724299839564732,0.8027204941930517,0.04199208870039554,0.005641779122335152,10.1500244140625,0.017708576367743145,1.1297333125299938,-0.20708975022276377,0.007063010123871063,0.02908126516450582,-0.002172496062037621,0.4203760049853007,88.78843398601987,-13.572404897012444,bull,low,neutral,low,start_week,0
2024-10-23,581.260009765625,581.7100219726562,574.4199829101562,577.989990234375,2024,10,23,2,-0.009137380893711078,-0.0074016789437511,-0.005863468740944566,0.0027663151097865324,0.021896172804383385,-0.0026911632342543346,0.006454177931281446,5.266190368960224,5.555929679094319,-0.28973931013409526,61.34282738480181,58.286254713081384,77.590478875535,5.052158900669643,0.5676327204519628,0.040902023329837923,0.006050832769773653,0.8499755859375,0.001472737229033072,0.7275519267911198,0.1296149462681231,0.012612742756226434,0.027923369348645588,-0.011290026031739897,0.4073974884154623,25.301778578379903,-41.713745286918616,bull,medium,neutral,low,mid_week,1
2024-10-24,579.97998046875,580.0599975585938,576.5700073242188,579.239990234375,2024,10,24,3,0.0021626672107126765,-0.005340406082155913,-0.004246125066071693,0.004330340594570714,0.02282261500361149,-0.0004521508028628718,0.007986378770173053,4.851399754402905,5.415023694156036,-0.5636239397531311,57.64907507674134,64.69980333454423,69.80455105020438,4.905731201171875,0.6068361636492117,0.04053253548853614,0.006013119907154982,3.1099853515625,0.005398061765929274,0.974297700722145,-0.186292738653834,0.006025119627812408,0.027184167444469498,-0.00915177539013412,0.4104412208160977,29.151913398678257,-35.30019666545577,bull,medium,neutral,low,end_week,0
2024-10-25,581.510009765625,584.4600219726562,578.0800170898438,579.0399780273438,2024,10,25,4,-0.00034530110213959464,-0.009493916374144984,-0.004497541037337682,0.003325089339457854,0.021532528478931612,-0.0006747176495550677,0.007068519105365656,4.4551793560617625,5.223054826537182,-0.7678754704754196,65.63713186219732,57.32349803171333,60.10318535977964,4.907876150948661,0.5837432540212756,0.03970575753616015,0.0059981534420378005,-0.5400390625,-0.0009317765391767541,0.558546193701976,0.09299038596608877,0.011018245932772572,0.026147669733928236,-0.009493916374144984,0.4099541939080469,49.229426036884085,-42.67650196828667,bull,medium,neutral,low,end_week,1
2024-10-28,582.5800170898438,582.7100219726562,580.52001953125,580.8300170898438,2024,10,28,0,0.003091391148152267,-0.004797539142167628,-0.000820536552935347,0.0058106766289460765,0.023732554596889832,0.0020423539708631644,0.009420452284079728,4.236774133218319,5.02579868787341,-0.7890245546550911,61.83561302783164,61.01713211383028,61.013477826695926,4.742876325334821,0.6464376084312886,0.03968022075198328,0.0059748266434376165,-3.489990234375,-0.005972737867314781,0.7764384688489432,-0.2742548019916522,0.0037704704938958016,0.024573254403287503,-0.006431874635033141,0.41431291382239444,55.24120491127182,-38.98286788616972,bull,low,neutral,low,start_week,1
2024-10-29,579.8499755859375,582.9099731445312,578.4299926757812,581.77001953125,2024,10,29,1,0.0016183778622804734,-0.0026571826330435977,0.00045402760332891035,0.006292713072826306,0.02458897667029869,0.003098592442617454,0.010226881573794921,4.092362553573139,4.839111461013355,-0.7467489074402165,57.892929679696344,62.82076027815309,60.38713014123221,4.694301060267857,0.6682933790011976,0.03739132882216112,0.005533285156675128,1.989990234375,0.0034323193863512458,1.0916605234084538,0.07010923297451166,0.007700603878418586,0.024123996106834467,-0.0048239059762748004,0.3998653111424959,46.64984244468542,-37.17923972184691,bull,low,neutral,low,start_week,0
2024-10-30,581.2899780273438,583.3200073242188,579.2899780273438,580.010009765625,2024,10,30,2,-0.0030252672130528513,0.0034949040041867274,-0.0021796702488535713,0.002281893499092469,0.020723160821845665,5.411198713889398e-05,0.006635989397405506,3.7921833283473916,4.629725834480163,-0.8375425061327713,56.44945945068502,47.77795746323549,57.20528328507294,4.761444091796875,0.5666413879893997,0.034241386140629944,0.00561058172520048,-2.28997802734375,-0.003932643096942523,0.7128846646702054,0.029307815968234285,0.006948206460270377,0.022952860738376657,-0.007834579584738766,0.38692011677534155,39.585283623606394,-52.22204253676451,bull,low,neutral,low,mid_week,0
2024-10-31,575.5599975585938,575.6300048828125,568.4400024414062,568.6400146484375,2024,10,31,3,-0.01960310154264744,-0.018299799331272792,-0.01942727113895326,-0.01743555528948204,0.0004314207066880016,-0.016592254794879024,-0.012138811919635839,2.60677625275855,4.22513591813584,-1.61835966537729,35.60528306614434,1.1312912324066435,37.24333632459838,5.27215576171875,-0.01888485994378437,0.03360197345393923,0.007248546760487216,-13.7099609375,-0.023542477053777766,0.18208714669700227,0.4599328987597515,0.012644207681816904,0.020252135574591712,-0.027284099068242695,0.3453840195937492,-137.6999798197249,-98.86870876759336,bull,medium,neutral,low,end_week,1
2024-11-01,571.3200073242188,575.5499877929688,570.6199951171875,571.0399780273438,2024,11,1,4,0.004220532001058652,-0.013815971787050296,-0.012982473345548695,-0.013123201717644695,0.004130150999106741,-0.010547825163451652,-0.007383536682935898,1.83978173370258,3.7480650812491882,-1.9082833475466083,31.37967390895055,14.705750356441317,21.204999684027797,5.359296526227679,0.1203075784940843,0.034562717016041966,0.007008575323867327,-13.550048828125,-0.023178720480421466,0.5420618062377143,0.10416774210239299,0.00863335819816311,0.017337710711844645,-0.023178720480421466,0.3256568973012248,-113.49359505498165,-85.29424964355869,bull,medium,neutral,low,end_week,0
2024-11-04,571.1799926757812,572.5,567.8900146484375,569.8099975585938,2024,11,4,0,-0.0021539305759273875,-0.018972882266767188,-0.012750169677224643,-0.015419873526598349,0.0016967724760539316,-0.010749383435975757,-0.008822485131231517,1.1197758282889936,3.2224072306571494,-2.102631402368156,34.59038570024319,10.532007499665193,8.789683029504365,5.234292166573661,0.03386800620526117,0.033080487355237116,0.006711472604561914,-13.82000732421875,-0.0236793982636202,0.18539629913113345,-0.06266141663531333,0.008090390430695196,0.01463352204229329,-0.025282725701595177,0.3134104793666941,-159.5644518800116,-89.4679925003348,bull,medium,neutral,low,start_week,1
2024-11-05,570.739990234375,576.739990234375,570.52001953125,576.7000122070312,2024,11,5,1,0.012091775640930225,-0.00871479649003537,0.00033479467615182834,-0.003818365580710026,0.013242277143841186,0.0010256966659814015,0.002927657662509686,1.0925384575037924,2.796433476026478,-1.7038950185226858,42.374780177586594,48.32697201017812,24.52157662209486,5.452863420758929,0.38071636350970817,0.03201080796208602,0.006925194357816839,-6.6199951171875,-0.01134882231719514,0.503712395818526,-0.03418893330528083,0.010785452698919095,0.012903162557559522,-0.01349666310743991,0.32929194420764274,-81.00684506852207,-51.67302798982188,bull,medium,neutral,low,start_week,1
2024-11-06,589.2000122070312,591.9299926757812,585.3900146484375,591.0399780273438,2024,11,6,2,0.024865554910313614,0.019016858461073483,0.02289322223630408,0.01972803167370185,0.03736249814158299,0.021842472688418324,0.0257487123096094,2.2026769537225164,2.677682171565686,-0.4750052178431696,58.5179282296479,96.29777262098504,51.71891737694276,6.257860456194196,1.0351564607063992,0.036864044671461454,0.008746729948067118,13.04998779296875,0.022578224560042992,1.0739520811870416,0.6084723287415288,0.011065204166343526,0.014145441176788287,0.0,0.3623455260381756,175.54033213323245,-3.7022273790149565,bull,medium,neutral,normal,mid_week,1
2024-11-07,593.0800170898438,596.6500244140625,593.0,595.6099853515625,2024,11,7,3,0.0077321458684938005,0.047428900549320696,0.02789026533027328,0.02588876109822391,0.04401619749148078,0.02505294310355599,0.031107532374420988,3.4119008389743612,2.8245259050474214,0.5873749339269398,60.329914649231114,96.38373188682608,80.33615883932974,6.441432407924107,1.0913289678305675,0.04378064073742748,0.008833433234835713,16.3699951171875,0.028261161855492434,1.4469164120488647,0.11021883321155768,0.00612821225941679,0.01568837910535703,0.0,0.3728793803687924,238.8557604746981,-3.616268113173912,bull,medium,neutral,low,end_week,1
2024-11-08,596.1699829101562,599.6400146484375,596.1699829101562,598.1900024414062,2024,11,8,4,0.004331722357409529,0.047544875067858205,0.028942282174621248,0.028683946645023273,0.04707616229535705,0.024843051142578565,0.0328523229925306,4.526229738130951,3.1648666716641274,1.3613630664668235,63.245989572054434,95.43303241879921,96.03817897553677,6.42572021484375,1.0585440502216477,0.05135485130248989,0.00879881642114163,19.1500244140625,0.03307202462825143,1.7785822783022998,0.08635696908442925,0.005800885544925412,0.017623806927644647,0.0,0.37882631267476263,232.21045495877735,-4.566967581200787,bull,medium,neutral,low,end_week,1
2024-11-11,599.8099975585938,600.1699829101562,597.0,598.760009765625,2024,11,11,0,0.0009528867448342915,0.05080643079459879,0.026756103439736334,0.028387325005172492,0.04678836076491133,0.021760922954411566,0.03125177609909291,5.393169149509049,3.610527167233112,1.782641982275937,63.9804360441018,95.63204916095486,95.81627115552669,6.357862200055804,0.9923390193454248,0.05765808495721941,0.008662565731180152,17.92999267578125,0.030869604097971015,1.984721632763691,-0.12224200206579094,0.005294246206250629,0.019510239343174973,0.0,0.36023082406403817,193.29801402299097,-4.367950839045143,bull,medium,neutral,low,start_week,0
2024-11-12,598.6799926757812,599.2899780273438,594.3699951171875,596.9000244140625,2024,11,12,1,-0.003106395419244068,0.03502689748475252,0.020917822306300682,0.02368771765876665,0.04190381222366657,0.015682557182464585,0.025916802338273426,5.862559667136225,4.060933667213735,1.8016259999224893,68.27056442481884,89.87000709052234,93.6450295567588,6.073573521205357,0.8844473113310861,0.061614991080967116,0.008467376594832357,15.1300048828125,0.026006848711460195,1.5453971177424608,0.01761899336500039,0.008242557729807221,0.02055600309724981,-0.003106395419244068,0.3560054092630509,142.95060216110707,-10.129992909477664,bull,medium,neutral,low,start_week,1
2024-11-13,597.3699951171875,599.22998046875,594.9600219726562,597.1900024414062,2024,11,13,2,0.000485806693723001,0.01040542880802886,0.018421253409227845,0.022878995589958873,0.04072996625334224,0.01365339186033987,0.024410754067397678,6.186638124243245,4.486074558619637,1.7005635656236082,67.67082100071742,90.76832900023635,92.09012841723784,6.129285539899554,0.8509843282747888,0.0651852340599287,0.008442802743771552,17.17999267578125,0.02962016583597138,1.8756383599085855,0.09963985092814864,0.0071500836896758,0.021905191755803077,-0.0026220978332092137,0.3308448015963019,122.27032855415817,-9.231670999763649,bull,medium,neutral,low,mid_week,0
2024-11-14,597.3200073242188,597.8099975585938,592.6500244140625,593.3499755859375,2024,11,14,3,-0.006430159312396544,-0.003794445729936924,0.007626577890417874,0.01534521370250208,0.032463890995779066,0.0060310585532930006,0.016481600705150257,6.063715820124457,4.801602810920601,1.2621130092038566,63.14532379586468,78.87232332781848,86.5035531395257,6.042140415736607,0.7301859049202049,0.06666443676393455,0.00861594901861505,24.7099609375,0.04345448843021882,1.5155850790807996,-0.10194037766467934,0.008696340030073715,0.02464932312262036,-0.009035396638805593,0.3194938295014209,86.13261895239386,-21.12767667218152,bull,medium,neutral,low,end_week,0
2024-11-15,589.719970703125,590.2000122070312,583.8599853515625,585.75,2024,11,15,4,-0.012808588351979733,-0.020796072135332522,-0.007758370383967428,0.002240604684897507,0.017632008093578566,-0.005806320976240231,0.0032046470179045716,5.292041138302807,4.899690476397042,0.3923506619057644,54.083655953417065,55.328385724415035,74.98967935082327,6.457850864955357,0.5335971322298244,0.06669035528301537,0.009113907633839702,14.71002197265625,0.025760056280949017,0.8431746666891948,0.6793559604652282,0.010823776108354673,0.025588906693394087,-0.02172825431464198,0.30100167849047965,17.246440356147467,-44.671614275584965,bull,medium,neutral,normal,end_week,1
2024-11-18,586.219970703125,589.489990234375,585.3400268554688,588.1500244140625,2024,11,18,0,0.004097352819568911,-0.01771992981915338,-0.006778488798460991,0.005958137766537197,0.02032182050879916,-0.001466571396456895,0.006769600709267243,4.818599490267388,4.883472279171112,-0.06487278890372394,55.17018633048833,62.76341290475065,65.65470731899471,6.434278215680804,0.5890770760059244,0.06688744213091394,0.009145196436341587,18.34002685546875,0.03218621458740345,1.2352998742545171,-0.18276887711639334,0.007055960565572708,0.027285262151114598,-0.01771992981915338,0.3047095393984369,23.800483250323435,-37.23658709524935,bull,medium,neutral,low,start_week,1
2024-11-19,584.7100219726562,591.0399780273438,584.030029296875,590.2999877929688,2024,11,19,1,0.003655467635231613,-0.01105718939712319,-0.005431981243847583,0.009033073339324904,0.02257882508691278,0.001846986281557994,0.0096682702503883,4.564263659608059,4.819630555258502,-0.2553668956504431,58.28635352473899,69.4237768848972,62.50519183802095,6.647129603794643,0.634118334521737,0.06735151738602,0.009170029268153438,13.5999755859375,0.023582409048146902,1.8103162476811623,0.07327982428550817,0.011875231027325201,0.028163791518041936,-0.014129236813874346,0.302314298543078,27.70887824951926,-30.576223115102813,bull,medium,neutral,low,start_week,1
2024-11-20,590.3800048828125,590.7899780273438,584.6300048828125,590.5,2024,11,20,2,0.000338831460557909,-0.011202468919533914,-0.0050044673102164206,0.008296891151320818,0.021648215117815006,0.0018494455180344538,0.009262000310576335,4.328938684471723,4.721492181101147,-0.3925534966294242,71.4650617544398,70.0433939966911,67.4101945954463,6.260698590959821,0.6242361974242258,0.06678320266829788,0.00887872047150772,-0.53997802734375,-0.000913606604321382,2.33410902730882,0.0859131201787029,0.010431791946708298,0.026786735771547665,-0.013795192783262578,0.30275556359895894,25.589002714467515,-29.95660600330891,bull,medium,overbought,low,mid_week,1
2024-11-21,593.4000244140625,595.1199951171875,587.4500122070312,593.6699829101562,2024,11,21,3,0.005368302980789608,0.0005393230595531762,0.0006640786631268991,0.012462398107239592,0.025905171140840455,0.006108933762396962,0.013577850611901532,4.348110760209579,4.646815896922834,-0.29870513671325494,71.89014367897526,79.8636728905696,73.11028125738595,6.314985002790179,0.6861705701334465,0.06694075276401966,0.008927550933929962,-1.94000244140625,-0.003257169102464208,2.7006069267175157,0.0018764436036118326,0.012919607072869299,0.025224341530711625,-0.008500946577011947,0.3062620325627816,49.69630638246866,-20.136327109430393,bull,medium,overbought,low,end_week,1
2024-11-22,593.6599731445312,596.1500244140625,593.1500244140625,595.510009765625,2024,11,22,4,0.003099410292649374,0.01666241530623136,0.004219180937576006,0.014176101194876445,0.027894766349324085,0.0077966289455162485,0.01546172540900348,4.460363266591912,4.60952537085665,-0.14916210426473775,74.56980707984637,84.28337639079017,78.0634810926836,6.199986049107143,0.711118741823149,0.06714752594893524,0.00892799905053317,-2.67999267578125,-0.004480169619758501,2.860500824672013,-0.17277943504365334,0.005037698696585656,0.023576113522989717,-0.005427884205680633,0.3103106745514037,68.18197254849409,-15.716623609209835,bull,medium,overbought,low,end_week,1
2024-11-25,599.52001953125,600.8599853515625,595.2000122070312,597.530029296875,2024,11,25,0,0.003392083253218603,0.0159483201452848,0.007834614817501473,0.016171237190639287,0.030147816715963893,0.009473404436233901,0.017481310769395852,4.658621195548562,4.619344535795033,0.03927665975352923,71.9586973502528,80.4120232077206,81.51969082969345,6.109270368303571,0.7378062602897061,0.06800173036209708,0.008931176984926747,-1.22998046875,-0.0020542127875765592,2.9688357705817556,-0.09359701016476918,0.009472282340674073,0.022139745520154408,-0.0020542127875765592,0.3147553574470632,85.84052109677938,-19.587976792279413,bull,medium,overbought,low,start_week,1
2024-11-26,598.7999877929688,601.3300170898438,598.0700073242188,600.6500244140625,2024,11,26,1,0.005221486727384761,0.017533519964638256,0.012456630661658474,0.019839925843163853,0.03418665534776255,0.01244775786564789,0.021070050132533824,5.009750280910794,4.697425684818185,0.31232459609260843,63.26987096828568,96.10766204682265,86.9343538817778,5.292842320033482,0.7846357584114481,0.06970285797501476,0.008970873678756118,3.75,0.006282459116467853,3.0239628850754605,-0.028508584900808764,0.005427469629765117,0.021462672106659086,0.0,0.321242479857901,95.76989306152251,-3.892337953177351,bull,medium,neutral,low,start_week,0
2024-11-27,600.4600219726562,600.8499755859375,597.280029296875,598.8300170898438,2024,11,27,2,-0.0030300628489846604,0.014106718187711698,0.009109863969412713,0.015127858065104194,0.029725766964378897,0.007925467030978073,0.016622443622768435,5.0825744754203015,4.774455442938609,0.3081190324816925,54.81175974856305,85.68977986157937,87.40315503870751,5.147120884486607,0.7174119694030513,0.06958153273088337,0.008971004898269226,1.6400146484375,0.0027462191961233895,2.5036065713411086,-0.2701985059119476,0.0059615353058143266,0.02042979038364745,-0.0030300628489846604,0.3172390321051832,79.75782249853135,-14.310220138420636,bull,medium,neutral,low,mid_week,1
2024-11-29,599.6599731445312,603.3499755859375,599.3800048828125,602.5499877929688,2024,11,29,4,0.006212064520751737,0.014957813496452976,0.013806787580377344,0.018506522213036725,0.034998758443369304,0.01197804279607384,0.021202648630790355,5.378459191306206,4.895256192612129,0.4832029986940771,56.30056131215095,95.89539151457454,92.56427780765883,5.182115827287946,0.7936405492383568,0.0630244094728702,0.007488997355000572,9.20001220703125,0.01550520364974517,2.5210117386900013,-0.330700409842701,0.006588616353086791,0.020903362576186746,0.0,0.3249845519695367,98.34515609532272,-4.104608485425461,bull,medium,neutral,low,end_week,1
2024-12-02,602.969970703125,604.3200073242188,602.469970703125,603.6300048828125,2024,12,2,0,0.0017924107737512518,0.013635362939379059,0.012577747815742502,0.01752943124344375,0.03559519433979874,0.011645379247652965,0.021290585433600073,5.635139928112494,5.043232939712202,0.5919069884002921,56.93534199519507,96.6275576715978,92.73757634925055,5.087833949497768,0.8119444435027154,0.05619408073633843,0.007486601800465944,17.8800048828125,0.03052497632575757,2.551279618655602,-0.28487042303047927,0.003064851989014218,0.022731535009245185,0.0,0.32735946855554077,111.07476486348153,-3.372442328402199,bull,medium,neutral,low,start_week,1
2024-12-03,603.3900146484375,604.1599731445312,602.3400268554688,603.9099731445312,2024,12,3,1,0.000463807728996235,0.010677193672029572,0.010376256328866296,0.015083927571504008,0.0348597053120443,0.010231735661613506,0.02011966363030515,5.794358601153476,5.193458072000457,0.6009005291530194,60.4532588217091,97.99592502766865,96.83962473794698,4.866402762276786,0.8400510351693254,0.0443578345938372,0.007417902765278715,15.75994873046875,0.026795797120249043,2.522801487159847,-0.386064597770729,0.0030136052888580793,0.0242320114213066,0.0,0.3279751081362132,113.04324185334173,-2.0040749723313556,bull,low,neutral,low,start_week,1
2024-12-04,605.6300048828125,607.9099731445312,604.9500122070312,607.6599731445312,2024,12,4,2,0.006209534809425099,0.011670604254627293,0.013705989044922262,0.018736417938458816,0.039989741395727085,0.013930232396533127,0.024446662012144627,6.152215298252258,5.385209517250818,0.7670057810014406,64.15243777679508,98.96049843288033,97.8613270440489,4.847120012555804,0.9937343499989971,0.03794837839112655,0.0071474750238841945,17.3599853515625,0.029408750991963384,2.5735478876722744,-0.0273754941250548,0.004871080980013763,0.02592837828211736,0.0,0.3362212157962352,154.2557050504525,-1.0395015671196721,bull,low,neutral,low,mid_week,0
2024-12-05,607.6599731445312,608.47998046875,606.2999877929688,606.6599731445312,2024,12,5,3,-0.00164565718361398,0.01307542346113344,0.009316832942940279,0.015729992155046224,0.03697844517828419,0.010355707918144441,0.02103931880475418,6.282704558961996,5.564708525593054,0.7179960333689417,69.48757222799112,92.6076048530644,96.52134277120444,4.634264264787946,0.8954805825573873,0.039774372873954196,0.004920455107468014,16.15997314453125,0.02736659296279642,2.2144508168724033,-0.31552648431459485,0.0035934341678775738,0.027406272572200185,-0.00164565718361398,0.33402225375356265,144.27437763664807,-7.392395146935598,bull,low,neutral,low,end_week,1
2024-12-06,607.4400024414062,609.0700073242188,607.02001953125,607.8099975585938,2024,12,6,4,0.0018956655539701384,0.008729582395132773,0.008856811320995472,0.016617181783138202,0.03768449970694743,0.010363592719657921,0.02123688398368584,6.405081801278584,5.73278318073016,0.6722986205484238,89.81947263004119,94.96800770252648,95.51203699615705,4.128553118024554,0.8898608440744026,0.0426233668646316,0.004687496343162691,14.1400146484375,0.02381797135695396,2.2365998325300884,-0.24210345009530865,0.003372744445144024,0.028574608470160356,0.0,0.32642992162451034,135.95765629887052,-5.031992297473523,bull,low,overbought,low,end_week,0
2024-12-09,607.6900024414062,607.8599853515625,604.0800170898438,604.6799926757812,2024,12,9,0,-0.005149643631043976,0.0017394559324011016,0.002136252226276447,0.010833330969604926,0.031171490034178184,0.004363180767986252,0.01477684237181287,6.178282022683675,5.821882949120863,0.35639907356281153,79.07135511821673,82.46797723367175,90.01452992975419,4.102124895368304,0.7473281324475466,0.04380145057660413,0.00481321095215309,9.16998291015625,0.015398536984735589,1.9081349434498183,-0.14503110095268468,0.006251187913448134,0.02897334343847846,-0.005149643631043976,0.3139504055548623,93.03087328880841,-17.53202276632826,bull,low,overbought,low,start_week,0
2024-12-10,605.3699951171875,605.7999877929688,602.1300048828125,602.7999877929688,2024,12,10,1,-0.003109090602606557,-0.0018379980475945468,-0.0018512536201087393,0.007350398338819675,0.026948345749364222,0.0010494744041462667,0.01075167862113613,5.780210216635055,5.813548402623702,-0.03333818598864724,72.19457533367724,74.34525816320159,83.92708103313326,3.863555908203125,0.665843100793673,0.04432139958577136,0.004880576808326166,5.26995849609375,0.008819570963312096,1.6045227673446365,-0.08331404824390798,0.006088226583403155,0.028853013615379508,-0.008242723525030526,0.304790148131042,63.14471984413778,-25.6547418367984,bull,low,overbought,low,start_week,1
2024-12-11,605.780029296875,608.4299926757812,605.5,607.4600219726562,2024,12,11,2,0.007730647435394422,-0.00032905108236813696,0.004732110185822425,0.014242951308929719,0.033519581209106475,0.007426158374495007,0.01716661761457927,5.7741998733339415,5.80567869676575,-0.031478823431808856,75.9963102047537,92.55325756164214,83.12216431950515,3.8257010323660716,0.8082358840460986,0.0462079597027046,0.005074638277930093,6.80999755859375,0.011337712947297351,1.6811378992573451,-0.2812999189517966,0.004823350623579206,0.02865188713632305,-0.0005757976791156416,0.30889897432400537,93.30840081913728,-7.446742438357866,bull,low,overbought,low,mid_week,0
2024-12-12,606.5800170898438,607.1599731445312,604.3300170898438,604.3300170898438,2024,12,12,3,-0.005152610492206833,-0.0038406292780625018,-0.0013533457704795193,0.008415871331366231,0.02695476489528903,0.0018907437607935673,0.011032434071363673,5.4540010681490685,5.735343171042414,-0.2813421028933458,66.35974312091601,70.22616003343136,79.04155858609168,3.5014168875558034,0.6799205174402859,0.0467754953748368,0.0052517740222710494,5.5,0.009184576328903127,1.4354820102597194,-0.1934582359369511,0.004682799090992,0.02834647324544326,-0.005725441310159618,0.29329314044806276,66.28138839764108,-29.773839966568648,bull,low,neutral,low,end_week,0
2024-12-13,606.4000244140625,607.1300048828125,602.8099975585938,604.2100219726562,2024,12,13,4,-0.00019855892276432474,-0.0059228633954651055,-0.0018254534778080478,0.0073029429530835355,0.025482566527965655,0.0014311585429878093,0.01002129699827492,5.1314069400018525,5.614555924834302,-0.4831489848324493,64.09591563474687,64.96043934766729,75.91328564758025,3.595703125,0.6577034798289605,0.04630806473645324,0.004990623504363509,1.6600341796875,0.0027550148756418924,1.1867545699579143,-0.07842074827059675,0.007149843874013486,0.02735796069026164,-0.0059228633954651055,0.2930363455552769,55.27621314113513,-35.03956065233272,bull,low,neutral,low,end_week,1
2024-12-16,606.0,607.780029296875,605.2100219726562,606.7899780273438,2024,12,16,0,0.004269965675617771,0.0034894247819008406,0.0019136807513939758,0.00983301662774183,0.028680760018979568,0.004824962537603117,0.013258194236209997,5.025993140944138,5.49684336805627,-0.4708502271121322,64.73576347407169,80.66129307801022,71.94929748636962,3.4464198521205356,0.7360022650858385,0.04166492480131675,0.00384853834693982,3.15997314453125,0.005234950414939599,1.3674877532070606,0.1700324190814959,0.004235414916663204,0.026715953461690978,-0.0016781881432472723,0.29855756636812414,71.00685071623508,-19.338706921989782,bull,low,neutral,low,start_week,0
2024-12-17,604.1900024414062,605.1699829101562,602.8900146484375,604.2899780273438,2024,12,17,1,-0.004120041679210651,0.0024717821243334104,-0.0022768477941288445,0.004323632762652796,0.02317666061597845,0.0005795896801288336,0.00840501894999357,4.686697507597614,5.3348141959645385,-0.6481166883669243,55.90901794791004,59.45684304254868,68.35952515607538,3.4535609654017856,0.6176305898848194,0.03675602381052803,0.004022070057051791,0.3800048828125,0.0006292409460202375,1.0204215651448023,0.4568403202601199,0.003772970501945976,0.02551159442760431,-0.005791315617362236,0.2932074550718331,36.54652143962046,-40.54315695745132,bull,low,neutral,low,start_week,0
2024-12-18,603.97998046875,606.4099731445312,585.8900146484375,586.280029296875,2024,12,18,2,-0.029803487374158943,-0.034866479948757245,-0.02858340411008342,-0.025283103477836133,-0.007758083343382571,-0.024854340494647853,-0.020077536977445187,2.930766870407183,4.854004730853068,-1.9232378604458846,36.646087782169495,1.6825486267085505,47.266894915755806,4.664276123046875,-0.13192636296487328,0.04000957225334422,0.008004702098408126,-21.37994384765625,-0.03518405817815984,0.3963052895552885,1.6257567637092527,0.035000268592985016,0.02143809448470746,-0.03542220158963938,0.25466536301243137,-126.93466215806552,-98.31745137329145,bull,low,neutral,high,mid_week,0
2024-12-19,591.3599853515625,593.0,585.8499755859375,586.0999755859375,2024,12,19,3,-0.0003071121340316729,-0.030165705803748,-0.025562200281079916,-0.02522591562682619,-0.008363559705854007,-0.02136668636131145,-0.018897491883056672,1.5072754270588575,4.184658870094226,-2.6773834430353682,31.070186898164735,1.0766565817730662,20.73868275034342,4.852137974330357,-0.08334539203936382,0.0432435328556155,0.008003246238680348,-20.55999755859375,-0.033890479788907246,-0.10136812474667027,0.9971961917300907,0.012199325562016033,0.01764980851541975,-0.035718435135748794,0.25428004005530114,-191.44425606160058,-98.92334341822693,bull,low,neutral,high,end_week,1
2024-12-20,581.77001953125,595.75,580.9099731445312,591.1500244140625,2024,12,20,4,0.008616360754965635,-0.02161499658008781,-0.014436225919776446,-0.01662083956311,-0.00032735056201615986,-0.010966338628903727,-0.00967781918060484,0.7776803232369502,3.503263160722771,-2.725582837485821,36.841028149254115,36.36377429157256,13.040993166684713,5.779994419642857,0.12591423044854996,0.04443055821941402,0.008156724748093647,-16.65997314453125,-0.02740983730351554,0.5777916724444132,1.6766241458615347,0.02510365599693229,0.01431553769407512,-0.02740983730351554,0.26508736936817034,-169.05969502052082,-63.63622570842744,bull,medium,neutral,high,end_week,1
2024-12-23,590.8900146484375,595.2999877929688,587.6599731445312,594.6900024414062,2024,12,23,0,0.005988290418921238,-0.01994096149259772,-0.006880314616500405,-0.010664602743913343,0.0051453110224672916,-0.0042710754103212345,-0.0034708545470855112,0.4795891834125996,2.898528365260737,-2.4189391818481374,40.90374809415879,48.93470373276344,28.79171153536967,6.195713588169643,0.2613745451906967,0.0446918068838711,0.008242989725815211,-9.989990234375,-0.016521119195904155,0.8705396738289681,0.20227748475401475,0.012847054124119494,0.012108938948605985,-0.021585684950703232,0.27266307994125594,-118.23581267713462,-51.06529626723656,bull,medium,neutral,low,start_week,1
2024-12-24,596.0599975585938,601.3400268554688,595.469970703125,601.2999877929688,2024,12,24,1,0.011115010046286677,-0.0049479394712710345,0.004409822127267704,1.8276369452729924e-05,0.015734488377918465,0.005744845249878727,0.007038235674647231,0.7678688690489253,2.4723964660183744,-1.704527596969449,44.060533515731876,72.40763458712455,52.568704203820175,6.385001046316964,0.5004123112669754,0.04432663115610912,0.008585804843899503,-1.5,-0.0024883875752751416,1.018546713243205,-0.3015218499673037,0.009762275522222107,0.011274945745418874,-0.010710600009499527,0.2868087428603412,-28.41420681835257,-27.592365412875456,bull,medium,neutral,low,start_week,1
2024-12-26,599.5,602.47998046875,598.0800170898438,601.3400268554688,2024,12,26,3,6.658749927290764e-05,0.025687379419447653,0.005504612810730558,2.748656979623121e-05,0.015062755683286744,0.0049132967521554605,0.006575513108579845,0.9881723785184704,2.1755516485183937,-1.1873792699999233,44.941100813491325,72.54981858535592,64.63071896841463,6.543570382254464,0.5006202850581619,0.044312803338500954,0.008508895085432544,-6.1199951171875,-0.010074729028773821,1.2040497713099032,-0.12772439975515648,0.007316930825168196,0.009505817030354358,-0.010644725702296909,0.28689442823657085,-11.662308924896395,-27.450181414644085,bull,medium,neutral,low,end_week,0
2024-12-27,597.5399780273438,597.780029296875,590.760009765625,595.010009765625,2024,12,27,4,-0.010526518786625139,0.015202242878068706,-0.003526942236163122,-0.010184923327169026,0.003946894264558853,-0.004797593659577326,-0.003723537496651552,0.6445549912660908,1.8693523170679331,-1.2247973258018423,38.9196917390243,51.23556182466599,65.39767166571548,7.127140590122768,0.2745888610357597,0.04518376231968197,0.00881333767036662,-9.32000732421875,-0.01542204931189639,0.8002602977953887,0.331252729077008,0.011798153671423431,0.00750028958885629,-0.02105919258383837,0.2733479098613354,-87.62259098304514,-48.76443817533401,bull,high,neutral,normal,end_week,0
2024-12-30,587.8900146484375,591.739990234375,584.4099731445312,588.219970703125,2024,12,30,0,-0.01141163837760406,-0.0049565314893486034,-0.012253264992991397,-0.02031262768793407,-0.007706344315222213,-0.01370323518020733,-0.013990348484993587,-0.17366180420231103,1.4607494928138844,-1.6344112970161955,36.600460893146916,26.562472276929082,50.115950895650315,7.614288330078125,0.0859950220396704,0.04906372814164665,0.009008673942373615,-15.99005126953125,-0.026464392658245073,0.4516883003674747,0.12879464998244328,0.012461353668563583,0.004603326456692258,-0.03223051107115138,0.2588169239851197,-140.65776406589868,-73.43752772307091,bull,high,neutral,low,start_week,0
2024-12-31,589.9099731445312,590.6400146484375,584.4199829101562,586.0800170898438,2024,12,31,1,-0.0036380159121820466,-0.01447810677195771,-0.012412224667701754,-0.022448067774705094,-0.011366023624261756,-0.0146702092631803,-0.016296651477248347,-0.9834443475325543,0.9719107247445967,-1.9553550722771509,36.4462093519869,18.78648356132787,32.1948392209743,7.796434674944196,0.07843622875122272,0.053249518354502715,0.008996712735098477,-20.7099609375,-0.034130360894930156,0.10664805640832804,0.11022234823390087,0.010612939456913344,0.0010593499328077627,-0.035751271871198864,0.25423732798513776,-128.40468698079448,-81.21351643867213,bull,high,neutral,low,start_week,0
2025-01-02,589.3900146484375,591.1300048828125,580.5,584.6400146484375,2025,1,2,3,-0.0024570065510107764,-0.027706591522944413,-0.011565867953778342,-0.02328026621820578,-0.013828707437717469,-0.014499886248022231,-0.017351475702353736,-1.7215540067492157,0.4332177784458343,-2.15477178519505,30.482382186845186,15.175990477809897,20.1749821053556,8.153577532087054,0.09337165765078993,0.057251951705355686,0.008987964260683637,-19.64996337890625,-0.0325174404564047,-0.20138927983029148,-0.04470509570217196,0.018182137069773882,-0.0022893174270041117,-0.038120437313015176,0.251155658653756,-123.13296762766343,-84.82400952219011,bull,high,neutral,low,end_week,1
2025-01-03,587.530029296875,592.5999755859375,586.4299926757812,591.9500122070312,2025,1,3,4,0.012503416419400448,-0.015615149880409351,-0.00016551351017557447,-0.009768471555647418,-0.001788818302839168,-0.0018433443185305043,-0.004691586152192007,-1.6970924928375553,0.007155724189156443,-1.7042482170267117,40.11813379012252,41.972140434405176,25.311538157847632,8.498574393136161,0.3263984353167142,0.05626949027486423,0.009376872001799754,5.66998291015625,0.009671117259368867,-0.003952704731464661,-0.27567152152281327,0.010423148547885041,-0.0016235735160152753,-0.02609365659542906,0.2667993788593932,-69.55010318009677,-58.027859565594824,bull,high,neutral,low,end_week,1
2025-01-06,596.27001953125,599.7000122070312,593.5999755859375,595.3599853515625,2025,1,6,0,0.005760576187535671,0.000588184366974609,0.0040237518069592415,-0.003121970387870876,0.003373652990154241,0.003303610209666852,0.0009647068339868614,-1.3865667539658943,-0.2715887714418537,-1.1149779825240407,43.28830759574411,54.47202856657031,37.206719826261775,8.743573869977679,0.44286107580505735,0.0546382423515625,0.009506465426804786,9.260009765625,0.01579936896664691,0.2488846715423545,-0.1046846724706414,0.010245963402279469,-0.0006474934638098784,-0.02048339490472273,0.272354180771774,-11.963286379065826,-45.52797143342969,bull,high,neutral,low,start_week,0
2025-01-07,597.4199829101562,597.75,586.780029296875,588.6300048828125,2025,1,7,1,-0.011304052395755049,0.0006970762641693717,-0.006903739475005777,-0.012805533792176083,-0.008282418019263327,-0.006809624513316237,-0.00959091864011452,-1.6643405657021049,-0.5501391302939039,-1.114201435408201,37.04340131563477,31.377897759529244,42.60735558683489,9.272142682756696,0.26058910157688037,0.053487681122788434,0.009757312599221647,-2.52001953125,-0.004262910305633194,-0.14596873515059589,0.10383867199616015,0.018636444986029822,-0.0013882627485967136,-0.03155590193123181,0.24633169076839567,-55.30719620953051,-68.62210224047075,bull,high,neutral,normal,start_week,1
2025-01-08,588.7000122070312,590.5800170898438,585.2000122070312,589.489990234375,2025,1,8,2,0.0014609947580461746,0.005818272326470586,-0.004579538248444925,-0.010102354207814246,-0.007183115893861336,-0.004537922924926607,-0.0075452333294560026,-1.794399956359939,-0.798991295507111,-0.9954086608528281,39.18761888879277,34.69702644702468,40.1823175910414,9.377859933035714,0.3084571780103118,0.05274201404612331,0.00974113731069363,-5.20001220703125,-0.00874407201345817,0.11333821375560377,-0.14519861676881407,0.009126541539193001,-0.0026155556827063275,-0.030141010180492644,0.2481525748353952,-74.69018435501688,-65.30297355297532,bull,high,neutral,low,mid_week,0
2025-01-10,585.8800048828125,585.9500122070312,578.5499877929688,580.489990234375,2025,1,10,4,-0.015267434815002923,-0.007098426912427569,-0.016320401963377584,-0.02338616217250844,-0.022329685267179378,-0.016750616239925686,-0.02105157146517478,-2.593798054951094,-1.1579526473959076,-1.4358454075551863,45.12869440547519,8.106991371416767,24.727305192656882,8.693577357700892,0.08288743349396097,0.05606678880093105,0.010231876091689076,-20.80999755859375,-0.03460834522045386,-0.3897563231437129,0.2795466898894634,0.01274789322564324,-0.006108984384545546,-0.044948269087306425,0.22909648675991767,-130.30510527051587,-91.89300862858323,bull,high,neutral,normal,end_week,1
2025-01-13,575.77001953125,581.75,575.3499755859375,581.3900146484375,2025,1,13,0,0.0015504563889190415,-0.017839340047011376,-0.011453304762823246,-0.019722212532868877,-0.020801316139256287,-0.012913899840063081,-0.018113018370585654,-3.118751335005186,-1.5501123849177634,-1.5686389500874225,46.084822089948425,22.26331727026893,21.68911169623678,8.640005929129464,0.1441479782909521,0.055422510846360025,0.010018929780595565,-19.95001220703125,-0.03317592595881902,-0.10392721234968244,-0.17531648734442218,0.011008142989749403,-0.009456317462262387,-0.04346750302936453,0.23100214726041268,-141.47633903313073,-77.73668272973107,bull,high,neutral,low,start_week,1
2025-01-14,584.3599853515625,585.0,578.3499755859375,582.1900024414062,2025,1,14,1,0.0013759916283606621,-0.022121041444159717,-0.007930553606747548,-0.01653771978676133,-0.01952594560358145,-0.009795295113286473,-0.015539618563654711,-3.43068150159138,-1.9262262082524866,-1.5044552933388933,41.98566382600056,25.212036949547578,18.52744853041108,8.055005754743304,0.19835787052166975,0.054825630011836074,0.0100220576656704,-12.82000732421875,-0.021545868327943918,0.18750544201952446,-0.17846212968583186,0.011422429767216387,-0.011688084981338553,-0.04215132232127805,0.23269599590953716,-109.80877037291219,-74.78796305045242,bull,high,neutral,low,start_week,1
2025-01-15,590.3300170898438,593.9400024414062,589.2000122070312,592.780029296875,2025,1,15,2,0.018189984044830076,0.007050310686912198,0.00933087542381772,0.0023190858679131843,-0.002502194188326423,0.006943656468016535,0.002191930445121004,-2.791186680655983,-2.099218302733186,-0.6919683779227968,48.48294457970104,64.24640830779892,37.24058750920513,8.348576136997767,0.5451577582796163,0.051355203541180706,0.01097633566033427,4.56005859375,0.0077523015553164765,0.5534139562191284,-0.051485486862119956,0.00799620432556969,-0.011723677438456925,-0.024728070156940563,0.2551187164072575,5.801082037083725,-35.75359169220109,bull,high,neutral,low,mid_week,0
2025-01-16,594.1699829101562,594.3499755859375,590.9299926757812,591.6400146484375,2025,1,16,3,-0.0019231664227786771,0.003647261954707215,0.006436965432598862,0.0016744416133587237,-0.005110297839541089,0.004233546364162066,0.00024494758450610554,-2.349290919050304,-2.14923282599661,-0.20005809305369437,41.59710667234402,60.04436465405919,49.83426997046855,8.11785888671875,0.537023161329115,0.045226867540399965,0.010910058433461994,5.55999755859375,0.009486755044476158,0.1994821918814934,-0.27764352077852295,0.005780513192956466,-0.011473409332870221,-0.02660368038549321,0.252704914235262,21.32238717874724,-39.95563534594081,bull,high,neutral,low,end_week,1
2025-01-17,596.9600219726562,599.3599853515625,595.6099853515625,597.5800170898438,2025,1,17,4,0.010039892999691435,0.029440691731081436,0.014308768393438642,0.012306149905922936,0.003940658045071377,0.012086870075118883,0.009518024675782222,-1.502457396323507,-2.019877740061989,0.5174203437384821,47.03375711900217,91.2936676433948,71.86148020175095,8.355002267020089,0.7976945877544271,0.041338171441915865,0.011167449668825187,12.94000244140625,0.022133282220149653,0.6220101117926977,-0.033523103918243535,0.006275310239224754,-0.010221848288652025,-0.01683088549027001,0.25412921433230373,105.83967083664126,-8.706332356605197,bull,high,neutral,low,end_week,1
2025-01-21,600.6699829101562,603.0599975585938,598.6699829101562,603.0499877929688,2025,1,21,1,0.00915353684308795,0.037255495620489576,0.021668390288190453,0.02012332456197896,0.012234069560490113,0.01800711909331798,0.017345051370246223,-0.3855108777403302,-1.6930043675976576,1.3074934898573274,56.429929114433186,99.96387673154905,83.76730300966766,7.990713936941964,0.9475554204483996,0.04496275465017851,0.008967858246391899,11.0999755859375,0.018751542118484288,0.9569694954659408,-0.25116868172419815,0.007279686157533963,-0.009234229831696417,-0.007831410777619063,0.25002590416937576,146.01478761936198,-0.03612326845095055,bull,high,neutral,low,start_week,1
2025-01-22,605.9199829101562,607.8200073242188,605.3599853515625,606.4400024414062,2025,1,22,2,0.005621448830210873,0.04165306841118532,0.025486663014267386,0.02409607540035208,0.017398310588759403,0.02000601975285643,0.02131913717139522,0.7644114763268135,-1.2015211988127634,1.965932675139577,65.40938096531048,95.74991212224313,95.66915216572897,7.574284144810268,0.9853485137229614,0.049646954135119284,0.009004652332852128,11.08001708984375,0.01861061771442518,1.346013845611045,-0.122318604210507,0.004056496871500385,-0.007887330686225935,-0.002253985822362914,0.25588137075292616,177.84745137806334,-4.2500878777568705,bull,high,neutral,low,mid_week,1
2025-01-23,605.7999877929688,609.75,605.52001953125,609.75,2025,1,23,3,0.005458079192118603,0.028627770613753434,0.02741456322593394,0.02807109726437873,0.022466250318679437,0.021554138969009262,0.024851953025671225,1.9206819410100024,-0.5770805708482103,2.4977625118582125,69.63011406259017,100.0,98.57126295126405,7.432137625558036,0.9999194561445303,0.05615123980344398,0.00890496247627034,21.1199951171875,0.0358799159777663,1.6549910873468092,-0.18807543943050986,0.006937237341123411,-0.004816276782876883,0.0,0.26273607073040206,165.6644270185949,-0.0,bull,high,neutral,low,end_week,0
2025-01-24,609.8099975585938,610.780029296875,606.7999877929688,607.969970703125,2025,1,24,4,-0.0029192772396473554,0.02760116903923593,0.021235298375390954,0.023923552589512065,0.019147114716491664,0.015669945299930488,0.02020813505078478,2.662707096882855,0.0708769626980027,2.591830134184852,69.23961254809424,92.0687148354999,95.93954231924766,6.957140241350446,0.8961537423386485,0.060389566051508255,0.008896040968680857,18.47998046875,0.03134909968768529,1.2935010557541289,-0.30138202591076513,0.006546444225367384,-0.0020447625167493433,-0.0029192772396473554,0.25904979405943696,139.9181992651551,-7.931285164500092,bull,high,neutral,low,end_week,0
2025-01-27,594.8099975585938,599.6900024414062,594.6400146484375,599.3699951171875,2025,1,27,0,-0.01414539533258774,0.00299537798479399,0.0036067213317980684,0.009603831570323296,0.004710329037706851,0.0011022264764306566,0.005346682115199286,2.527683658339356,0.5622383018262734,1.9654453565130825,55.991589920916475,67.7956057510431,86.62144019551432,7.340711321149554,0.6603526091799269,0.05989195697805605,0.009193856266017935,18.8800048828125,0.03252425571574391,0.6244555426217102,0.36907598350207516,0.00842549315799732,0.001099641605074586,-0.017023378241594944,0.24124003697905305,41.85124410678576,-32.20439424895691,bull,high,neutral,normal,start_week,1
2025-01-28,600.6199951171875,605.3699951171875,597.25,604.52001953125,2025,1,28,1,0.008592396109277312,0.0024376615007675184,0.008324894362876423,0.018006099491659544,0.013084391062610168,0.008198915445569943,0.01293569126296057,2.803918710649782,1.010574383590975,1.793344327058807,57.19449360789871,82.33135682858845,80.73189247171048,7.367139543805804,0.795039951254794,0.06102936031232495,0.00939837406957736,23.1300048828125,0.03978397340862316,0.9974333833020096,-0.13811851842656142,0.013432136000200314,0.004720201520702405,-0.008577253741287372,0.25190526304347105,82.25732242671386,-17.668643171411542,bull,high,neutral,low,start_week,0
2025-01-29,603.719970703125,604.1300048828125,599.219970703125,601.8099975585938,2025,1,29,2,-0.0044829317228528565,-0.0076347286857282315,0.0005303390055917401,0.012862527324343898,0.008386655946137855,0.003111432203842135,0.007768104447730018,2.772204606115224,1.362900428095825,1.4093041780193991,61.04961095765922,74.68242128147793,74.9364612870365,6.962145124162946,0.7069368455736283,0.06215677681124883,0.009124942361407245,19.6199951171875,0.033700329849209565,0.6190639577855062,-0.25888648378940016,0.00815877801898671,0.00785215263772443,-0.013021734221248416,0.2462930572257671,68.92249469073623,-25.317578718522068,bull,high,neutral,low,mid_week,1
2025-01-30,603.9600219726562,606.5999755859375,600.719970703125,605.0399780273438,2025,1,30,3,0.005367110021191612,-0.007724513280289003,0.003854179893573395,0.016859382333249906,0.013401774924985732,0.007178898838729797,0.012188942347798548,2.973427557549826,1.6850058539866253,1.2884217035632006,62.538276115605434,83.79892021513008,80.27089944173214,6.997859409877232,0.76604063501916,0.06337145576289777,0.008724229992002938,12.25994873046875,0.020682121739173498,0.9586521411887516,-0.20320888481942057,0.009718374151049508,0.00951093816476889,-0.007724513280289003,0.25298204918254497,80.70791168515886,-16.20107978486992,bull,high,neutral,low,end_week,0
2025-01-31,607.5,609.9600219726562,601.0499877929688,601.8200073242188,2025,1,31,4,-0.00532191395620385,-0.010115570957877629,-0.003171905293081978,0.010111700403836021,0.007466194747558719,0.0015385366837701309,0.006295124309108058,2.8403318929538273,1.9160710617800656,0.9242608311737617,68.9667449279421,74.71067347016121,77.73067165558973,6.852861676897321,0.661981102603491,0.06242518566247873,0.008783807026770014,10.17999267578125,0.017206396497421395,0.27447752205467835,0.33735395302227533,0.014805147836980092,0.010671950456782042,-0.013005318041461655,0.24631378652812752,74.5795948978324,-25.28932652983879,bull,medium,neutral,normal,end_week,0
2025-02-03,592.6699829101562,600.2899780273438,590.489990234375,597.77001953125,2025,2,3,0,-0.006729566554251942,-0.0026694288986299775,-0.009911285545540216,0.0022097630216832975,0.00036418297005291755,-0.004404695394676361,-0.00044150235557083306,2.3806102589401235,2.0089789012120773,0.3716313577280461,63.7925257122652,59.88286087470404,72.79748485333177,7.205004010881696,0.5369188045132647,0.05985467435407881,0.008932293216146648,0.19000244140625,0.00031795313760918376,-0.48221707896317967,0.3026136057505735,0.016394244396287307,0.010378331118797712,-0.019647364442394455,0.22193377885336507,0.5890183450323381,-40.11713912529596,bull,high,neutral,normal,start_week,1
2025-02-04,597.8300170898438,602.2999877929688,597.280029296875,601.780029296875,2025,2,4,1,0.006708281838506247,-0.004532505369300499,-0.003059791311975646,0.008102151152513004,0.006688102570313825,0.0019235134827195743,0.0057971414645263675,2.313186848820237,2.069820490733709,0.24336635808652796,65.64947950949559,58.29475035848934,64.2960949011182,7.088570731026786,0.6353283213456518,0.059870329225607095,0.008633579263243246,-1.26995849609375,-0.002105892582373703,-0.15700308715588923,-0.33531341903903955,0.008341849599028922,0.00977781194633276,-0.013070882661951666,0.2217643776489513,36.20686650265806,-41.70524964151066,bull,high,neutral,low,start_week,1
2025-02-05,600.6400146484375,604.3699951171875,598.5800170898438,604.219970703125,2025,2,5,2,0.004054540342757651,0.004004541556816843,0.0013506217639509543,0.011438940458466496,0.010306000106089064,0.005060292334112315,0.009137007573037259,2.42864033656042,2.141584459899051,0.2870558766613689,60.5069376552788,67.66857582904173,61.94872902074503,6.662854875837054,0.6883376896539517,0.06073633206122579,0.008590926923939254,-2.22003173828125,-0.0036607607172083334,0.16785115597685973,-0.3805563678124777,0.009582566462684124,0.008943299327424992,-0.00906933874026239,0.22671807060747295,50.14273946791852,-32.33142417095827,bull,medium,neutral,low,mid_week,1
2025-02-06,605.989990234375,606.4500122070312,602.6300048828125,606.3200073242188,2025,2,6,3,0.003475616038725038,0.002115611105646842,0.0054024425600316395,0.013453777798675848,0.013388734062857122,0.007228061974455358,0.011696804106145597,2.658942824232554,2.245056132765752,0.4138866914668018,63.24909962067837,78.01866246330077,67.99399621694393,6.691428048270089,0.7227325473609496,0.06040328617475626,0.008120070806019569,-3.42999267578125,-0.005625244240723637,0.5672552759149092,-0.25868029902716494,0.006300315473799085,0.007943377860202938,-0.005625244240723637,0.22741810162233445,69.68615020058479,-21.981337536699236,bull,medium,neutral,low,end_week,0
2025-02-07,606.8900146484375,608.1300048828125,600.0499877929688,600.77001953125,2025,2,7,4,-0.009153562023232031,-0.001744687415157764,-0.002609787880991976,0.003231300537388959,0.0039360962656938,-0.001685769473380283,0.002255310291362278,2.3663438345167833,2.2693136731159584,0.09703016140082488,52.899477744504225,50.665399239543724,65.4508791772954,6.717145647321429,0.5549310157740396,0.058824700250965256,0.008463274865914387,-7.199951171875,-0.011842609863688125,-0.061913190399635616,0.048742463037911854,0.013449434604190423,0.0065630122164310745,-0.014727315241902406,0.2159367629908635,45.230446729859736,-49.334600760456276,bull,medium,neutral,low,end_week,1
2025-02-10,604.030029296875,605.5,602.739990234375,604.8499755859375,2025,2,10,0,0.0067912111491030824,0.011843946372953607,0.0032509630887795904,0.00799424822945527,0.010506823196156256,0.004306926687773327,0.00838496210702111,2.4355993103611127,2.3025708005649896,0.13302850979612302,51.67846886030764,70.7735717379795,66.48587781360798,6.66357421875,0.6545825777057489,0.05171506613554146,0.007630541138688901,5.47998046875,0.009142900901601747,0.24524326050648915,-0.4346479563782544,0.004563131151574059,0.007232348010947964,-0.008036120400266467,0.22419444629229135,54.66682088026077,-29.226428262020505,bull,medium,neutral,low,start_week,1
2025-02-11,602.5499877929688,605.8599853515625,602.4299926757812,605.3099975585938,2025,2,11,1,0.000760555495121995,0.0058658780449114545,0.003882450529803849,0.006754265652636482,0.011117932713501144,0.004287296657686568,0.00846823592479895,2.4988000905609624,2.341816658564184,0.15698343199677822,48.885375627329914,73.04080232949896,64.82659110234071,6.567858014787946,0.6570257728746622,0.04301373926704161,0.007635496876029499,0.78997802734375,0.00130678555187691,0.6032606050851672,-0.3347714265131102,0.005666505905429438,0.007207499423740993,-0.0072816768206744875,0.22512551410551684,53.507010315467646,-26.959197670501034,bull,medium,neutral,low,start_week,0
2025-02-12,599.2000122070312,604.5499877929688,598.510009765625,603.3599853515625,2025,2,12,2,-0.0032215099947072723,-0.001423298456291855,0.00039127331777066843,0.001747419928734617,0.00770810126180721,0.0008899887339572921,0.004830952066823935,2.364283487699936,2.3463100243913346,0.01797346330860128,43.52319041055551,63.43011503104394,69.08149636617412,6.751429966517857,0.5564326256620796,0.030964710718905903,0.007725395720681341,1.54998779296875,0.0025755434427090496,0.05243583415003171,0.0013508743362533604,0.010010571091857224,0.007313966184221421,-0.010479728820725676,0.22117876001705494,7.185386280340368,-36.56988496895606,bull,medium,neutral,low,mid_week,1
2025-02-13,604.47998046875,609.9400024414062,603.2000122070312,609.72998046875,2025,2,13,3,0.010557536581541571,0.005624048527740344,0.010167416137395247,0.010900981841748703,0.01810283988925887,0.00967726093917598,0.014279494583887331,2.740097343949742,2.425067488303016,0.3150298556467259,51.632058898105555,98.81848418637166,78.42980051563818,6.948569161551339,0.8760571832808657,0.0289875644619908,0.007031297973907643,4.69000244140625,0.007751557932911268,0.5418798073900966,-0.07452097182614259,0.011054057452109228,0.007855553074763266,-3.283235957363129e-05,0.2340713994485366,109.36009573162951,-1.1815158136283412,bull,high,neutral,low,end_week,0
2025-02-14,609.9400024414062,610.989990234375,609.0700073242188,609.7000122070312,2025,2,14,4,-4.9150054415414424e-05,0.01486424486153437,0.008800760535689234,0.009340185151668345,0.017846473306161847,0.008134412108460998,0.013161722003177223,3.0009215882938634,2.540238308301186,0.46068327999267744,61.389235450792924,93.70742425685975,85.31867449142511,6.133571079799107,0.8835607277201207,0.02435125516417232,0.006996604076481968,7.8800048828125,0.01309362398543068,0.22477251582035854,-0.37988583247994967,0.0031490616232828545,0.008966798127381548,-8.19808002767708e-05,0.23131918510745164,148.89109394837263,-6.292575743140244,bull,medium,neutral,low,end_week,1
2025-02-18,610.8800048828125,611.489990234375,608.3800048828125,611.489990234375,2025,2,18,1,0.0029358340027980656,0.010977953073413094,0.009470846101070851,0.011139237639528732,0.02057640910258307,0.00937134366025072,0.01492308563835576,3.31386280084962,2.694963206810873,0.618899594038747,58.29958631436038,100.0,97.5086361477438,5.775713239397321,0.9547952960399192,0.02449286027477086,0.006716440910610305,13.719970703125,0.022951921733852965,0.5616333147301411,-0.3605276620973564,0.005085913753666661,0.01100137071259244,0.0,0.23493413383938755,146.75712719616024,-0.0,bull,medium,neutral,low,start_week,1
2025-02-19,610.0800170898438,613.22998046875,609.5599975585938,612.9299926757812,2025,2,19,2,0.0023549076262954216,0.012588582954058847,0.009988991971899841,0.012693146437080083,0.022799848291989333,0.009922951021584359,0.01601014896503017,3.636151833923236,2.8832009322333456,0.7529509016898905,63.654268729558694,98.68079190062592,97.46273871916189,5.659279959542411,0.9682840077502227,0.027105658589670355,0.00645834015203069,11.14996337890625,0.0185283040913371,0.9655429340215924,-0.24828336651418748,0.005987605361151814,0.012684154403581616,0.0,0.23784228964913856,153.87641725321885,-1.3192080993740807,bull,medium,neutral,low,mid_week,0
2025-02-20,611.5399780273438,611.6799926757812,607.02001953125,610.3800048828125,2025,2,20,3,-0.00416032470826988,0.011634877522014753,0.004767217436303595,0.008151873905957174,0.018418229364765226,0.004836879451252107,0.010900871344421859,3.6438020292405326,3.035321151634783,0.6084808776057495,56.66838919350684,87.46712044920176,95.38263744994255,5.661420549665179,0.7900847197858599,0.028101700468659552,0.006446978991937992,6.1600341796875,0.010195019162506647,0.5313173745408925,-0.10124039840075183,0.0076345442302388706,0.013586243352258887,-0.00416032470826988,0.23269246378656971,98.12633074764432,-12.532879550798235,bull,medium,neutral,low,end_week,0
2025-02-21,610.1599731445312,610.2999877929688,599.469970703125,599.9400024414062,2025,2,21,4,-0.017104102948802602,-0.01605625168671776,-0.011380142073602606,-0.008288225847815855,0.0012620520953217085,-0.010469853709307642,-0.005919173111512577,2.77545025498398,2.9833469723046226,-0.20789671732064274,48.01099306992326,41.55679975950957,75.90157070311243,5.804277692522321,0.2082369343272358,0.028407385385481886,0.007407393346138358,-6.3800048828125,-0.010522504297637236,-0.39862210831928535,0.8030115225037138,0.018051833592979117,0.012787720242076528,-0.02119326903496177,0.21160836498175106,-26.400569289476593,-58.44320024049043,bull,medium,neutral,normal,end_week,0
2025-02-24,602.02001953125,603.030029296875,596.489990234375,597.2100219726562,2025,2,24,0,-0.004550422471648163,-0.02048546823734332,-0.015301116953731708,-0.011922216468770896,-0.0030455344086444125,-0.01269840232429309,-0.009676615568500968,1.8457123858515843,2.7558200550140155,-0.9101076691624312,49.3905104300771,4.301267373517873,44.441729194076395,5.462136404854911,0.10528987859388746,0.03020499303716686,0.007441038253480591,-3.55999755859375,-0.005925724391792064,-1.0113610598709155,0.1732061372657563,0.010950986791711009,0.012446020561304394,-0.02564725317894556,0.20609503505090143,-106.83100644224852,-95.69873262648213,bull,medium,neutral,low,start_week,0
2025-02-25,597.1500244140625,597.8900146484375,589.5599975585938,594.239990234375,2025,2,25,1,-0.004973177992678157,-0.028209783112538522,-0.01848112265677271,-0.016418693880822954,-0.0077199795466155186,-0.014939911898061986,-0.013534704048321577,0.8593259122711743,2.376521226465447,-1.517195314194273,41.603501712794305,19.771846450185528,21.876637861070986,5.698569161551339,0.002746498809167201,0.03301875973020435,0.006837716087091901,-10.6099853515625,-0.017541515714345923,-1.674310717428406,0.3664145749637271,0.014017934213007604,0.010963765810888315,-0.0304928828165415,0.20009690976550787,-195.2688589351805,-80.22815354981446,bull,medium,neutral,low,start_week,1
2025-02-26,595.9299926757812,599.5800170898438,591.8599853515625,594.5399780273438,2025,2,26,2,0.0005048259926943022,-0.03000345042368513,-0.016235600924047078,-0.01510869114185931,-0.006790495149861853,-0.01224789932923731,-0.012082696495884115,0.10065375933515952,1.9213477330393898,-1.8206939737042303,38.68100528277325,21.03922291643567,15.037445580046352,5.836430140904018,0.08000167278214979,0.03597321742194126,0.006508689360857603,-10.77001953125,-0.017792568394192854,-1.0832516044076745,0.017265996662542138,0.012984882469797843,0.009600983510947403,-0.03000345042368513,0.2007027498793097,-145.0681026733137,-78.96077708356434,bull,medium,neutral,low,mid_week,0
2025-02-27,596.8499755859375,598.02001953125,584.6500244140625,585.0499877929688,2025,2,27,3,-0.01596190430433686,-0.041498766157497036,-0.02899651367180378,-0.02948216073156351,-0.022014025355271638,-0.02380701663051732,-0.025841960589056523,-1.2519308094890675,1.2866920245336984,-2.5386228340227657,28.793558374794316,1.3994541424098887,14.070174503010357,6.518572126116071,-0.1496011819323921,0.045385017071338934,0.007306657163266308,-18.30999755859375,-0.030346721697039558,-1.9044673681745798,0.6696952805606644,0.022852739759254094,0.007191002313427397,-0.04548644252355927,0.18153724748778188,-205.23941945265125,-98.6005458575901,bull,medium,oversold,normal,end_week,1
2025-02-28,585.5599975585938,594.719970703125,582.4400024414062,594.1799926757812,2025,2,28,4,0.015605512474676564,-0.009600976334608657,-0.011291827938679777,-0.013448084549145367,-0.006418875898968168,-0.007263678211308799,-0.009859367805382213,-1.5690615686625051,0.7155413058944577,-2.284602874556963,43.867451389338534,38.129258240941354,20.189311766595633,6.818568638392857,0.21405238938734394,0.04702988956729592,0.008118265299452724,-15.54998779296875,-0.025503072328859733,-0.7867900887127841,0.8917783920456035,0.020667084743830152,0.004928604999342001,-0.03059076929511284,0.19997574174274746,-154.12260413764295,-61.870741759058646,bull,medium,neutral,high,end_week,0
2025-03-03,596.1799926757812,597.3400268554688,579.9000244140625,583.77001953125,2025,3,3,0,-0.017519898469909534,-0.02250464986674594,-0.024404474405245513,-0.02927777318102076,-0.02307420622220635,-0.020942478797332686,-0.025242102923265453,-2.6300700032635405,0.04641904406285813,-2.6764890473263985,32.45090048799722,11.611161775424023,17.04662471959175,7.726427350725446,-0.036528014876509196,0.05456895515094306,0.00889140549218123,-25.92999267578125,-0.04252909981405151,-1.6117195298754476,0.5699322490288252,0.02987478263342481,0.0013635447766411346,-0.0475747205928555,0.17895228858106016,-161.79552627861437,-88.38883822457598,bull,high,neutral,normal,start_week,0
2025-03-04,579.7100219726562,585.3900146484375,572.25,576.8599853515625,2025,3,4,1,-0.011836911709231068,-0.02924745080848168,-0.0303407444505982,-0.03909758516851336,-0.03375090693767702,-0.027665110264268877,-0.03414880198282022,-3.982599907917347,-0.759384746333183,-3.223215161584164,28.612213097378273,11.249359562476915,20.329926526280758,8.420000348772321,-0.09546021057837233,0.06565944201466918,0.00912039346280172,-34.6300048828125,-0.05663216967711826,-2.6484646816822917,1.2158280214392208,0.02277851642011437,-0.0035168668452988383,-0.05884849453483754,0.16499713443173025,-212.4281831625604,-88.75064043752309,bull,high,oversold,high,start_week,1
2025-03-05,576.6900024414062,584.8800048828125,573.0800170898438,583.0599975585938,2025,3,5,2,0.010747863198125485,-0.019309013511320194,-0.014973232189872454,-0.027253287965359196,-0.023260430994630155,-0.014604869258748265,-0.022046189706279695,-4.502300712336819,-1.5079679395339103,-2.9943327728029088,35.65573593736387,26.378727942140195,16.41308309334704,8.777143205915179,0.11372361123177406,0.07055385407393297,0.009358925091051433,-29.8699951171875,-0.048733126905388224,-1.7868992845762974,0.38654355590740685,0.02023803355122631,-0.008413171170141398,-0.048733126905388224,0.17751836425881073,-155.30857802106934,-73.62127205785981,bull,high,neutral,normal,mid_week,0
2025-03-06,575.47998046875,580.1699829101562,570.1199951171875,572.7100219726562,2025,3,6,3,-0.017751133038238276,-0.021092156358918257,-0.026261702319817726,-0.04200256979224193,-0.04016806922011784,-0.027293562444701047,-0.03659383255426174,-5.6838045151068854,-2.3431352546485056,-3.34066926045838,25.23414934109897,6.0079511378791866,14.545346214165427,9.220001220703125,-0.02056803473854937,0.0806860333123168,0.009926182627172528,-37.66998291015625,-0.061715624051919216,-2.5294602554508256,0.4875141146405966,0.01754812628972744,-0.014281421336133637,-0.06561919172455954,0.15661607911988384,-165.77297303957653,-93.99204886212081,sideways,high,oversold,normal,end_week,1
2025-03-07,570.9000244140625,577.3900146484375,565.6300048828125,575.9199829101562,2025,3,7,4,0.005604862520902865,-0.03073144500102465,-0.016788643234988077,-0.03417745118629423,-0.03429535581227894,-0.01854373036938728,-0.028950295969083384,-6.288646171663345,-3.1322374380514737,-3.156408733611871,28.323881438776795,21.617611985464393,18.00143035516125,9.922860281808036,0.10266259537328583,0.08601619376459883,0.01000618134322684,-24.02001953125,-0.040037369459450134,-1.6154960500317939,0.4463157386374723,0.02041952027120331,-0.01780564520215866,-0.060382115752005694,0.16309875323281653,-147.6385281978054,-78.38238801453561,sideways,high,oversold,high,end_week,0
2025-03-10,567.5900268554688,569.5399780273438,555.5900268554688,560.5800170898438,2025,3,10,0,-0.02663558528182819,-0.039724551904921634,-0.03695466915628809,-0.05672390845278541,-0.0589409728163548,-0.038072452531331735,-0.05096134066669877,-7.914560456093909,-4.088702041659961,-3.825858414433948,22.171190870674337,8.657172536698953,12.094245220014173,11.152858189174108,-0.06025357024042989,0.10124684868753737,0.011296465893229886,-36.6300048828125,-0.061335214639933855,-2.4039504253434627,0.6966994282817174,0.024884852735732196,-0.022829977941749346,-0.08540938804022402,0.13211893719989565,-179.2346718031728,-91.34282746330105,bear,high,oversold,high,start_week,0
2025-03-11,559.4000244140625,564.02001953125,552.02001953125,555.9199829101562,2025,3,11,1,-0.008312879584754462,-0.036299973950601805,-0.03863150215373434,-0.060698451707957846,-0.06533982569478414,-0.039259579308968506,-0.05472986623478404,-9.46997112112308,-5.164955857552585,-4.305015263570495,19.896480598169404,6.536984804633191,12.270589775598841,11.747859409877233,-0.025936131047137875,0.11541030958855664,0.011082492422545824,-38.32000732421875,-0.06448574305661403,-2.8872015920715626,0.4292140613142552,0.021585840352746147,-0.02778156721474012,-0.09301226966679266,0.12270776879933276,-169.8655708081817,-93.46301519536681,bear,high,oversold,high,start_week,1
2025-03-12,562.1699829101562,563.1099853515625,553.6900024414062,558.8699951171875,2025,3,12,2,0.005306541044969082,-0.041488015886350205,-0.02753127452770976,-0.05199467043715611,-0.05903623695473026,-0.029058495016255237,-0.04620138797865159,-10.345349202609327,-6.201034526563934,-4.1443146760453935,22.91511816138346,11.753567804251727,8.982575048527952,11.998574393136161,0.0804502658234924,0.12392969462657698,0.011234094630839216,-35.66998291015625,-0.05999593673836301,-2.133939634602597,0.09380470687704068,0.016855410010303034,-0.03239689010227009,-0.08819930204849613,0.1286654636559721,-140.92535173600234,-88.24643219574827,bear,high,oversold,normal,mid_week,0
2025-03-13,558.489990234375,559.1099853515625,549.6799926757812,551.4199829101562,2025,3,13,3,-0.01333049237232553,-0.03717420377797487,-0.03484684825931461,-0.06049327294406748,-0.07021496993104004,-0.03577097963020026,-0.05479096130815819,-11.507593981512855,-7.262346417553719,-4.245247563959136,23.659048646556656,3.2614602436599562,7.184004284181619,11.892857142857142,0.052157914168221235,0.13507724007607066,0.011426637627872913,-33.6300048828125,-0.05748227601828981,-2.510372823339563,0.13844864829643178,0.01710128934032065,-0.03664508747439499,-0.10035405429761968,0.11361979730179894,-140.00295780876013,-96.73853975634005,bear,high,oversold,normal,end_week,1
2025-03-14,556.1099853515625,563.8300170898438,551.489990234375,562.8099975585938,2025,3,14,4,0.020655788693630495,-0.02276355351539805,-0.009472151576596644,-0.037238765549162944,-0.05019563175765829,-0.01344778155161419,-0.03274008750517077,-11.378438790960672,-8.085564892235109,-3.2928738987255635,32.92972356092491,26.312622161988937,13.775883403300204,12.312142508370536,0.2245184647079297,0.1351769929323276,0.012312450897520894,-31.3699951171875,-0.05279544162353644,-1.903977658170986,-0.05286072932397767,0.021925742095908734,-0.041112907876219795,-0.08177115774411003,0.13662249251990843,-101.56920030472693,-73.68737783801106,bear,high,neutral,normal,end_week,1
2025-03-17,562.7899780273438,569.7100219726562,562.3499755859375,567.1500244140625,2025,3,17,0,0.007711353519474162,0.011720016989413606,0.0010944268372399257,-0.026270812317786052,-0.042259425990522126,-0.004946091272738595,-0.0234524415297217,-10.801367040194918,-8.628725321827071,-2.1726417183678475,36.737508799986614,35.01006651483313,21.52804964016067,12.24285888671875,0.3006662010845111,0.1317930650031106,0.012560758304855988,-16.6199951171875,-0.028470107338730566,-1.4785962810905242,-0.27137984856162833,0.012977247764950035,-0.04330645707890923,-0.07469037052969729,0.14538739037791548,-66.1574716452966,-64.98993348516687,sideways,high,neutral,low,start_week,0
2025-03-18,564.7999877929688,565.02001953125,559.0599975585938,561.02001953125,2025,3,18,1,-0.010808436249554187,0.00917404802467403,-0.006949306041190151,-0.032604013516608354,-0.05185473337677127,-0.01331768861386795,-0.0315678488712392,-10.715156034774282,-9.046011464416512,-1.6691445703577692,34.475754133977674,23.458875787086665,28.260521487969573,12.269287109375,0.24415976951900947,0.12743896241537706,0.01256405362475859,-15.8399658203125,-0.027458943630244925,-1.871442454302345,-0.04601624525934367,0.010623545979047303,-0.04521967268011773,-0.08469152067092567,0.13300754378797253,-78.12470309959042,-76.54112421291333,bear,high,neutral,normal,start_week,1
2025-03-19,562.8300170898438,570.9500122070312,561.6300048828125,567.1300048828125,2025,3,19,2,0.010890850841058342,0.014779841175572406,0.006704503097494596,-0.018191316354855935,-0.04072385416517599,-0.0021770664896592073,-0.01949405668057036,-10.038095520604656,-9.24442827565414,-0.793667244950516,41.43240582244247,36.61351173446781,31.69415134546253,12.023572649274554,0.34497457171450074,0.11734408061982118,0.01293864972497507,-15.92999267578125,-0.027321360996267585,-1.353369164344732,-0.06264713036029834,0.01643363469394388,-0.04711249141802787,-0.07472303254899682,0.14534695994916125,-51.616445000869874,-63.38648826553219,bear,high,neutral,normal,mid_week,0
2025-03-20,563.3300170898438,570.5700073242188,562.5999755859375,565.489990234375,2025,3,20,3,-0.0028917790177164227,0.025515954735559898,0.00508146632474249,-0.017211716026834578,-0.042530368345978675,-0.004287035053219368,-0.020709683410449875,-9.524068132220577,-9.300356246967429,-0.22371188525314878,35.225051753196496,33.17244276197331,31.081610094509255,11.715720040457589,0.33786749982327424,0.10615833351162568,0.012939878394909413,-7.22003173828125,-0.01260678434334428,-1.700713144550958,-0.1295028705380562,0.014094027968519765,-0.04737111992008192,-0.07739872906904777,0.142034869642375,-47.26077831836331,-66.8275572380267,bear,high,neutral,normal,end_week,0
2025-03-21,559.280029296875,564.8900146484375,558.030029296875,563.97998046875,2025,3,21,4,-0.0026702678945725866,0.0020788239640936457,0.004529414625759953,-0.016763587250922085,-0.04428930577906898,-0.005883549395373389,-0.021634277648331923,-9.133260351887316,-9.266937067951407,0.13367671606409104,38.77989294805337,40.04474655299424,36.61023368314511,11.002859933035714,0.3320793603949537,0.09983041566748727,0.012551534051338801,-11.94000244140625,-0.02073205097186026,-2.1219311251609514,0.15238603879835866,0.012163526346911901,-0.04859859720784443,-0.07986232162230655,0.13898533059548668,-61.30554002003592,-59.95525344700576,bear,high,neutral,high,end_week,1
2025-03-24,570.7999877929688,575.1500244140625,570.2000122070312,574.0800170898438,2025,3,24,0,0.017908502022889516,0.012218976245202073,0.020066237471588755,0.0028667136259181714,-0.026665616050400964,0.010067343126000328,-0.0038096914224944323,-7.917288253910556,-8.997007305143237,1.079719051232681,48.4788978680458,69.31822713740014,47.51180548412256,10.862147739955358,0.5310843400789292,0.09222372482861331,0.013383619474915308,13.5,0.024082199843802776,-1.6593804461496477,-0.19594527478222845,0.008622512645752955,-0.04581256766013819,-0.06338403414774285,0.15938285169249733,4.292312771604603,-30.681772862599853,sideways,high,neutral,low,start_week,1
2025-03-25,575.2999877929688,576.4099731445312,573.6900024414062,575.4600219726562,2025,3,25,1,0.0024038545877420603,0.02573883629584439,0.01898041489782587,0.006929172305610187,-0.024159419410098137,0.010552742932373294,-0.0013103176910849168,-6.76429219499903,-8.550464283114396,1.7861720881153662,45.609998589761666,84.55243540160305,64.63846969733247,10.213575090680804,0.581178667498917,0.08535705893057043,0.013395761536484396,19.5400390625,0.0351490136407957,-1.3741751679798395,-0.4679656086373455,0.004726602369007387,-0.04233627425729236,-0.06113254556127634,0.1621698394794877,24.311062029788246,-15.447564598396951,sideways,high,neutral,low,start_week,0
2025-03-26,575.1900024414062,576.3300170898438,567.1900024414062,568.5900268554688,2025,3,26,2,-0.011938266525687413,0.002574404387152729,0.005085653379272248,-0.002827899875979978,-0.03539051437105489,-0.001279263291311561,-0.012264745544041888,-6.331895551980551,-8.106750536887628,1.7748549849070763,47.52046747537438,68.24258096347805,74.03774783416041,9.942147391183036,0.4631176971619708,0.076673625516251,0.013584446720499757,9.72003173828125,0.01739229485068905,-1.6137332957061703,-0.28503697417726737,0.016074876829946266,-0.04027136156429978,-0.07234099546465955,0.14829554618766627,3.2886068038519203,-31.757419036521945,sideways,high,neutral,low,mid_week,0
2025-03-27,567.1799926757812,570.9000244140625,564.9400024414062,567.0800170898438,2025,3,27,3,-0.0026557092004866334,0.002811768347676269,-0.0003507849160829801,-0.003906501273742147,-0.037458761067038604,-0.003328730835104987,-0.013800296039381377,-6.041421518930747,-7.6936847332962515,1.6522632143655045,44.56871956871957,65.09553732897356,72.63018456468488,9.527862548828125,0.44638064615539813,0.07285617960007325,0.013192112230981178,15.6600341796875,0.028399468037122233,-1.7636484035433602,-0.4054449109193915,0.010510019385345385,-0.03712099763699661,-0.07480458801791834,0.14524600714077796,-12.931744622826487,-34.90446267102643,bear,high,neutral,low,end_week,0
2025-03-28,565.530029296875,566.27001953125,555.0700073242188,555.6599731445312,2025,3,28,4,-0.020138328985595644,-0.01475230967826835,-0.019245900336357757,-0.0206529504574543,-0.05565273762114231,-0.01987155862395651,-0.031245230606714913,-6.655994696435869,-7.486146725924176,0.8301520294883069,46.82414735388951,22.371810094441297,51.903309462297635,8.933580671037946,0.17419118479934462,0.0633897841123016,0.013177415878893534,-7.1500244140625,-0.012704153169059706,-2.0351524391176383,0.02282997227073391,0.020156233575093312,-0.03712126953868522,-0.09343647760037721,0.12218266627953711,-80.88659359629078,-77.6281899055587,bear,high,neutral,normal,end_week,1
2025-03-31,549.8300170898438,560.7100219726562,546.8699951171875,559.3900146484375,2025,3,31,0,0.0067128130226792315,-0.02558877160691564,-0.01130810810554228,-0.011955984105173623,-0.048270242807669894,-0.011270242116236506,-0.022951472682858798,-6.764092938369799,-7.3417359684133014,0.577643030043502,52.26709924705173,42.38330685168694,43.28355142503394,9.065011160714286,0.2955338446926566,0.05847414740694853,0.01290886709951295,-7.760009765625,-0.013682463954122315,-1.4402862300830392,0.3404397338418279,0.024741283349805337,-0.03738488704636134,-0.08735088618132703,0.1297156686955634,-106.23836573405322,-57.61669314831306,bear,high,neutral,high,start_week,1
2025-04-01,557.4500122070312,562.9400024414062,553.6799926757812,560.969970703125,2025,4,1,1,0.0028244266313557365,-0.025179944246795594,-0.00850684978396532,-0.007772916825903531,-0.04439170751694477,-0.00718276214429725,-0.01872418231833073,-6.6456652325210825,-7.202521821234859,0.5568565887137762,51.39700054570969,47.7318418208904,37.49565292233955,9.053584507533483,0.3618316496681436,0.05625685482409181,0.012739096291522246,-0.050048828125,-8.921041385800965e-05,-1.0990652881577974,-0.20120739826911882,0.016507139863508945,-0.03619274396919481,-0.08477317571917431,0.13290646771608694,-62.879816953137954,-52.2681581791096,bear,high,neutral,low,start_week,1
2025-04-02,555.0499877929688,567.4199829101562,554.8099975585938,564.52001953125,2025,4,2,2,0.006328411525621025,-0.0071580701946665215,-0.0017717854247134568,0.00014619241111013537,-0.03708019008624741,-0.0007614797996848832,-0.011598033697582721,-6.193951137860154,-7.000807684559918,0.8068565466997644,59.191693211377554,59.749619304810295,49.95492265912921,9.280726841517858,0.5030456625001861,0.04800020064640732,0.012555791759800507,-2.6099853515625,-0.004602093574826438,-0.660299352886003,0.10801234556744044,0.022337534392550363,-0.03537107461599509,-0.07898124373583792,0.1400759660638322,-23.35018850305187,-40.250380695189705,bear,high,neutral,normal,mid_week,0
2025-04-03,545.1099853515625,547.969970703125,536.7000122070312,536.7000122070312,2025,4,3,3,-0.04928081620084812,-0.053572695152824146,-0.04610915432415563,-0.04609897720603462,-0.08235043413146081,-0.042639757593267325,-0.05609065124273338,-7.9887175894126585,-7.198389665530467,-0.7903279238821916,35.11236737114362,0.0,35.8271537085669,10.381439208984375,-0.22789602460750918,0.06333181614900528,0.01616043687455513,-28.78997802734375,-0.050911560813678314,-1.2896145235987397,0.7769801478682297,0.020998617923910872,-0.0379931099785612,-0.12436979978082585,0.08389209192523595,-249.65071923149262,-100.0,bear,high,neutral,high,end_week,0
2025-04-04,523.6699829101562,525.8699951171875,505.05999755859375,505.2799987792969,2025,4,4,4,-0.058542971330535654,-0.09066691286062845,-0.09248474289658926,-0.09626993901765313,-0.13297495779133517,-0.08479128338609154,-0.10395923826373032,-11.810273942107415,-8.120766520845857,-3.689507421261558,23.046121438878913,0.30834098946277066,20.019320098091022,12.11572265625,-0.3871110160613686,0.10852073446802211,0.02019954953294876,-58.699981689453125,-0.10408167616280428,-2.312414307582435,1.8037973095958604,0.04118508076486009,-0.044616566584215755,-0.17563179348840818,0.020437828262262592,-394.6651987046562,-99.69165901053722,bear,high,oversold,high,end_week,0
2025-04-07,489.19000244140625,523.1699829101562,481.79998779296875,504.3800048828125,2025,4,7,0,-0.0017811785518102585,-0.09833927729331637,-0.08261686568546278,-0.09332278306914643,-0.1314314689345989,-0.07411118137048223,-0.09850655327207547,-14.741575168102258,-9.444928250297137,-5.296646917805122,24.146461871749466,23.86642065944558,8.058253882969451,14.492863246372767,-0.16642457722243004,0.1400350261061852,0.019640936845528086,-69.70001220703125,-0.12141166759358424,-3.217784294989387,1.99767451070044,0.08202148125756768,-0.0532107049096886,-0.1771001404566409,0.01862024628910608,-302.0246836948006,-76.13357934055442,bear,high,oversold,high,start_week,0
2025-04-08,521.8599853515625,524.97998046875,489.1600036621094,496.4800109863281,2025,4,8,1,-0.0156627816725603,-0.11496151859245618,-0.0838246435946971,-0.10273021858424813,-0.14199521000354953,-0.07601669969486047,-0.10516107572607047,-17.500382477440553,-11.056019095725821,-6.444363381714732,18.270059184768257,15.516357114748176,13.230372921218843,16.342147827148438,-0.10143525295117599,0.17080844210604937,0.019772918745412527,-78.98001098632812,-0.13724673821056677,-3.4307211815342527,0.8529227237047503,0.07214787305430313,-0.06349283027769914,-0.189989041295049,0.002665819764230193,-214.15540264774017,-84.48364288525183,bear,high,oversold,high,start_week,1
2025-04-09,493.44000244140625,548.6199951171875,493.04998779296875,548.6199951171875,2025,4,9,2,0.10501930183911301,-0.028165563423711903,0.016136070183488505,-0.007580371577134759,-0.05005275147930455,0.01772830151486926,-0.010365733790032472,-15.303091664033786,-11.905433609387416,-3.397658054646371,44.78774621194263,70.6268023147043,36.66986002963269,19.74214608328683,0.45563264473368,0.17085470909033915,0.031638264468016396,-19.97003173828125,-0.035122022538319086,-2.255888509090427,1.4654381708562525,0.10129052498779008,-0.06513775428800694,-0.1049222559298244,0.10796508413381156,-86.0887373539928,-29.373197685295693,bear,high,neutral,high,mid_week,0
2025-04-10,532.1699829101562,533.5,509.32000732421875,524.5800170898438,2025,4,10,3,-0.04381899719533322,-0.02258243868366494,-0.020681077448291507,-0.048757977080903014,-0.08924266019869576,-0.022828426135837576,-0.04994927680976324,-15.324892360394529,-12.58932535958884,-2.7355670008056894,39.31440105728879,45.21724545026418,43.78680162657222,22.016433715820312,0.22499726780413126,0.1772999733187215,0.032996293252997445,-42.5,-0.07494533173308171,-2.643825305541617,0.5834755553682673,0.04609400260788049,-0.0700094536841589,-0.14414366508684062,0.05941516521962509,-97.86532396162332,-54.78275454973582,bear,high,neutral,high,end_week,1
2025-04-11,523.010009765625,536.4299926757812,520.0700073242188,533.9400024414062,2025,4,11,4,0.017842817199724692,0.05672103335051637,0.0008510022733247968,-0.029244131600595136,-0.07069789880068278,-0.004567039657595973,-0.030628285604255012,-14.420664531943999,-12.955593194059873,-1.465071337884126,39.06981745634186,55.110477456147706,56.98484174037207,22.38714381626674,0.3364735491973506,0.17883425866001426,0.032900554909159656,-21.719970703125,-0.03908860049826812,-2.1336061390528345,-0.06146914258172009,0.030640119258264077,-0.07148806456854406,-0.12887277695375887,0.07831811635125496,-62.94061007749519,-44.889522543852294,bear,high,neutral,high,end_week,1
2025-04-14,544.0499877929688,544.280029296875,533.8599853515625,539.1199951171875,2025,4,14,0,0.009701450822369617,0.06887662059967359,0.014415020524496391,-0.017322461471539485,-0.05962992548276769,0.004303641140868564,-0.019682771591111425,-13.134667079312976,-12.991407971110494,-0.1432591082024821,40.30519199267917,60.63682382262168,53.65484890967786,22.937149047851562,0.402472648958043,0.17761644591461598,0.03293486890899156,-20.27001953125,-0.03623593378582057,-1.786647760517999,-0.35345690864991575,0.019327875129260444,-0.07299275396077998,-0.12042157903934825,0.08877936652790686,-29.327309127898474,-39.36317617737832,bear,high,neutral,normal,start_week,0
2025-04-15,539.6699829101562,543.22998046875,536.8099975585938,537.6099853515625,2025,4,15,1,-0.0028008788011967267,0.08284316277612835,0.016039713137778522,-0.017979657660932014,-0.06029161725647225,0.0012610793987344326,-0.020801708759357607,-12.097893021326286,-12.812704981153654,0.7148119598273688,41.491807224714975,62.63745748605132,59.46158625494024,22.74286106654576,0.3987197145934139,0.17752376574328682,0.03287111924212377,-23.3599853515625,-0.041642131614073485,-1.8726456099498208,-0.4569728519355273,0.011941710691921008,-0.07512632568122846,-0.12288517159260703,0.08572982748101854,-25.376591328330363,-37.36254251394868,bear,high,neutral,low,start_week,0
2025-04-16,531.6799926757812,537.8900146484375,520.2899780273438,525.6599731445312,2025,4,16,2,-0.02222803246337901,-0.041850501580336874,0.00080530052758232,-0.03615744293595735,-0.07872792427691522,-0.017822553587025558,-0.039538893955836985,-12.101015254275694,-12.670367035778064,0.5693517815023696,39.2415504383274,51.22633479659937,58.16687203509079,23.574290684291295,0.29711075072664583,0.1782127099659289,0.033041067296278606,-38.86004638671875,-0.06883732204747361,-2.024129632682077,-0.20954655311857995,0.03348178959833905,-0.07946922819310698,-0.1423817084725577,0.06159618962931157,-56.307251304954164,-48.77366520340063,bear,high,neutral,high,mid_week,1
2025-04-17,527.6400146484375,531.1699829101562,523.9099731445312,526.4099731445312,2025,4,17,3,0.001426777837987947,0.003488421203764691,0.0042005798414408435,-0.03131161001546878,-0.07489033214289631,-0.013930057458085288,-0.03544143437935898,-11.905729080611877,-12.517439444744827,0.61171036413295,41.95677356573438,52.102298406470496,55.32203022970706,23.23500497000558,0.32398003321242236,0.17788669425927076,0.03305786834504812,-10.2900390625,-0.019172794537836935,-1.673230664086256,-0.24979594800333849,0.013791550570854572,-0.07876007400516072,-0.14115807770075317,0.06311085154556717,-53.412560422960674,-47.897701593529504,bear,high,neutral,normal,end_week,0
2025-04-21,521.1599731445312,521.7000122070312,508.4599914550781,513.8800048828125,2025,4,21,0,-0.023802680232045126,-0.037569759648782064,-0.021307699981031103,-0.049989779904329956,-0.09396665607982546,-0.03183029191184672,-0.05430949041860955,-12.616590896133516,-12.537269735022566,-0.07932116111095056,38.0632578368709,37.46790343299605,46.93217887868864,23.528573172433035,0.22428284012023944,0.18130819251921218,0.033380652891568996,8.600006103515625,0.017020278111724796,-1.8015704568789246,-0.3439878103411801,0.02576481012327467,-0.07424085802798908,-0.16160081734711707,0.037805963895010786,-87.5465232723971,-62.53209656700395,bear,high,neutral,normal,start_week,1
2025-04-22,520.1400146484375,529.2999877929688,519.1900024414062,527.25,2025,4,22,1,0.02601773758493775,-0.02201735276876038,-0.00019909876343204846,-0.021034984350518537,-0.06797745370612263,-0.00562480592084158,-0.027565062959746922,-11.96320278332064,-12.422456344682182,0.4592535613615425,41.67079005285473,53.08340901541063,47.55120361829239,23.968571254185267,0.37893956413949687,0.1737560599464303,0.03370998511261758,22.8699951171875,0.04534278697765015,-1.4900471538306246,-0.2875489951304937,0.019174936655405407,-0.06779185221663764,-0.13978756742142817,0.06480732712771453,-46.593053169527614,-46.91659098458937,bear,high,neutral,normal,start_week,1
2025-04-23,540.4299926757812,545.4299926757812,533.8800048828125,535.4199829101562,2025,4,23,2,0.015495463082325855,-0.0040735895929725485,0.007851290159270219,-0.0021562906974766927,-0.05120639062530341,0.008265903167813171,-0.011581770404203828,-10.663219696023816,-12.07060901495051,1.4073893189266933,42.972360826875764,80.24541939514734,56.93224394785134,24.366428920200892,0.4866868274733477,0.16196670576903535,0.033961298766025105,38.939971923828125,0.07843210413742208,-1.157787645204244,-0.17051286201021754,0.02157182802590101,-0.058597613915085445,-0.12645817742944931,0.07843210413742208,7.352398842231079,-19.75458060485267,bear,high,neutral,high,mid_week,1
2025-04-24,536.719970703125,547.4299926757812,535.4500122070312,546.6900024414062,2025,4,24,3,0.02104893334386637,0.04000690631069359,0.02943947338121422,0.020930684522145304,-0.029218443162818186,0.02483939273175073,0.008534334994360515,-8.62416335794478,-11.381319883549365,2.757156525604584,52.622183302910265,97.11165449830514,76.81349430295437,23.23714338030134,0.6363604657506459,0.15349525543877224,0.034306900026719406,-1.92999267578125,-0.003517904365423319,-0.9187328021181519,-0.4159012805567541,0.021913662981305395,-0.056980442328842695,-0.10807105383308213,0.1011319496132963,35.42754622461126,-2.8883455016948627,bear,high,neutral,normal,end_week,1
2025-04-25,546.6500244140625,551.0499877929688,543.6900024414062,550.6400146484375,2025,4,25,4,0.00722532365580375,0.04602884204333568,0.03181418472731257,0.029888185319292493,-0.020370028348190017,0.027148868686594385,0.014632223974573533,-6.613230343128862,-10.427701975465265,3.814471632336403,63.91241439976547,99.40798101872744,92.25501830405996,21.502855573381698,0.7046507261768479,0.14604485348107088,0.034359196120362194,26.05999755859375,0.049677831235669156,-0.6917964086792638,-0.44825845505217843,0.013366237752012207,-0.05057520418687966,-0.10162657851904633,0.10908798433699851,66.59422102254209,-0.5920189812725631,bear,high,neutral,normal,end_week,1
2025-04-28,551.3900146484375,553.5499877929688,545.02001953125,550.8499755859375,2025,4,28,0,0.00038130345037501456,0.07194280834405253,0.028947227589711133,0.030744533043012723,-0.017939035960261474,0.023205199869597237,0.013891126072237414,-4.945599554818614,-9.331281491335934,4.3856819365173205,64.31343582694174,95.80678230709914,97.44213927471056,19.157139369419642,0.7130856131495652,0.14428253784281997,0.03406020703553791,16.90997314453125,0.031670174677326024,-0.5076531581437635,-0.5654617977996197,0.015485102368653912,-0.04556721889401727,-0.10128402563371042,0.10951088341219561,77.41746090654439,-4.193217692900858,bear,high,neutral,low,start_week,1
2025-04-29,548.9099731445312,555.4500122070312,548.5499877929688,554.3200073242188,2025,4,29,1,0.006299413437552026,0.05134188207533197,0.032497472666123794,0.03772986320935989,-0.009797333371293071,0.024975203680279057,0.018747807356342516,-3.3058794588743012,-8.126201084843608,4.8203216259693065,68.31539611504687,98.18909544760075,97.80128625780911,17.09142848423549,0.7657163745136083,0.14199299263518933,0.03405611132130359,15.20001220703125,0.028194116977106942,-0.32028000281636915,-0.5543187934439149,0.012447727527227271,-0.040963592800089654,-0.09562264214824479,0.11650015118027257,93.24260337392182,-1.810904552399248,bear,high,neutral,low,start_week,1
2025-04-30,547.5700073242188,556.52001953125,541.52001953125,554.5399780273438,2025,4,30,2,0.000396829809890642,0.035710275535972835,0.029660221917261476,0.03876687019645808,-0.007384777839512968,0.021393490122848524,0.017708282244870643,-1.9659771115589137,-6.894156290186669,4.928179178627755,52.792973867972066,95.88006586103525,96.62531453857838,14.193570818219866,0.7791670432007752,0.13886621340391248,0.03405015810535699,16.92999267578125,0.031491216936214705,0.02783139153827008,-0.14679925430906404,0.027049447459783264,-0.035977887625682436,-0.09526375825325906,0.11694321172300826,88.69562513968705,-4.119934138964752,bear,high,neutral,high,mid_week,1
2025-05-01,560.3699951171875,564.0700073242188,557.8599853515625,558.469970703125,2025,5,1,3,0.007086942026725218,0.021547802610458966,0.03067836495071874,0.04672167455663656,0.0016025997138064962,0.02412086560134341,0.023032225432025877,-0.580288083411233,-5.631382648831582,5.051094565420349,69.7333059443753,89.92980574889324,94.66632235250974,12.067145211356026,0.8452770965006176,0.1353164604028491,0.034058042545827616,32.80999755859375,0.06241676984139066,0.28884870731025003,-0.41752611603431844,0.011119706158663655,-0.028210318781943577,-0.08885194495852267,0.12485892351163352,136.4589828643623,-10.070194251106749,bear,high,neutral,normal,end_week,1
2025-05-02,564.72998046875,568.3800048828125,562.3800048828125,566.760009765625,2025,5,2,4,0.014844198430334021,0.029275015778647218,0.038246389040385464,0.059275415970373224,0.018063478544841693,0.03307332429892074,0.03528743395828693,1.1732923405894553,-4.270447650947375,5.44373999153683,69.35142219851832,97.29640394833811,94.3687585194222,11.606434413364955,0.9062298876753769,0.1459159401332399,0.03213872222359207,40.35003662109375,0.07665135289907443,0.5498666268112133,-0.42292394023613644,0.010586491454259817,-0.019439422769577885,-0.07532668243007412,0.14155655257837196,144.88425571827557,-2.7035960516618887,bear,high,neutral,normal,end_week,0
2025-05-05,562.5700073242188,566.6500244140625,561.7000122070312,563.510009765625,2025,5,5,0,-0.005734349537724115,0.02298272622454256,0.022991975529782493,0.047501079185708894,0.013552057531596606,0.022876949314028838,0.027117648249674442,2.274550025027679,-2.9614481157523644,5.235998140780044,64.71582966425139,91.87250663242777,93.0329054432197,11.223573957170759,0.8329985796003835,0.1426464918940882,0.028793690574633282,49.6300048828125,0.09657897643659119,0.4406322735707139,-0.5983464956539017,0.008784248941895563,-0.00922775371067508,-0.08062908244122702,0.13501046828880825,123.33517174315874,-8.127493367572228,bear,high,neutral,low,start_week,0
2025-05-06,557.9299926757812,563.3499755859375,556.9600219726562,558.7999877929688,2025,5,6,1,-0.008358364343191038,0.008081938969469071,0.008664249006077096,0.03351811968289553,0.00647107839458072,0.01209649692513537,0.017136313197548825,2.7357097056146813,-1.8220165514789555,4.557726257093637,62.30974825038949,84.01199108308347,91.06030055461645,11.232860020228795,0.7517876521829179,0.13312058551046532,0.028922680585393525,31.54998779296875,0.05983876300231161,0.28698288096043567,-0.4376892560523781,0.011435135563475854,-0.0021743316605673524,-0.08831351953671718,0.1255236372615145,96.93399057121371,-15.988008916916524,bear,high,neutral,low,start_week,1
2025-05-07,560.1500244140625,563.8200073242188,556.0399780273438,561.1500244140625,2025,5,7,2,0.0042055058561747405,0.011919873496285316,0.008223586812959205,0.03169457700582612,0.011909981137751435,0.013802323541200145,0.019796271029697055,3.253308277493943,-0.8069515856843757,4.060259863178318,73.20520239287724,87.93394718198851,87.9394816324999,10.531430925641741,0.7829374156661609,0.11201974447671702,0.028494899572279197,25.73004150390625,0.04805581099916423,0.5265028851419703,-0.3079300450091981,0.013864437242070324,0.0036563262087976334,-0.08447941670413339,0.13025703350928097,91.36850668423217,-12.066052818011478,bear,high,overbought,low,mid_week,1
2025-05-08,565.239990234375,570.3099975585938,561.7000122070312,565.0599975585938,2025,5,8,3,0.0069677857514378605,0.011800145399352147,0.011908812573331762,0.0373155327786443,0.020045277993038013,0.01759958572197573,0.024859713785864823,3.9336661755102114,0.14117196655454167,3.7924942089556697,74.26850561603118,91.51172274548638,87.81922033685278,10.667142595563616,0.819056903245389,0.11695572921029906,0.01661186359425002,18.3699951171875,0.03360221521365103,0.8112500321687984,-0.0888826513315083,0.015237294072776209,0.008040710110049254,-0.07810026542869652,0.1381324223628293,105.82390208913941,-8.488277254513616,bear,high,overbought,normal,end_week,0
2025-05-09,566.47998046875,567.5,562.760009765625,564.3400268554688,2025,5,9,4,-0.0012741491279434358,-0.0042698547329707015,0.008146107553174131,0.0322267315277891,0.019507886140814223,0.013760343306367995,0.0217711722334899,4.364448447774976,0.9858272627986284,3.378621184976347,87.20142769332672,88.32165243866038,89.25577412204508,9.72357177734375,0.779488459703582,0.11530612592007514,0.012767474203951754,13.70001220703125,0.024880160980996324,0.6792973805656949,-0.42368629790164913,0.00839917427226714,0.011269972182123222,-0.07927490317155172,0.13668227192939164,93.16049284160687,-11.678347561339622,bear,high,overbought,low,end_week,1
2025-05-12,581.469970703125,583.0,577.0399780273438,582.989990234375,2025,5,12,0,0.03304738719814848,0.03456900521936079,0.035517234609184545,0.0615770699589393,0.05362594502778606,0.03970264022160519,0.05121342253916161,6.139964988205406,2.016654807879984,4.123310180325422,88.12586104686599,99.97962181062698,93.2709989982579,9.954999651227679,0.9859296898540183,0.12672012277627698,0.014040771911708768,32.1400146484375,0.05834622142671475,1.0295613947981845,0.22843016765076052,0.010223197777821517,0.017487599253175112,-0.04884734439360916,0.17424665109111337,156.2486771902207,-0.020378189373022756,bull,high,overbought,normal,start_week,1
2025-05-13,583.4099731445312,589.0800170898438,582.8400268554688,586.8400268554688,2025,5,13,1,0.006603949785734642,0.05017902590378842,0.03636939524215599,0.06396504814540194,0.06046636084161361,0.039124054419117815,0.05361679068259462,7.7681935182798725,3.166962549959962,4.601230968319911,87.38006836502522,95.82325185449893,94.70817536792875,9.102142333984375,0.9610077982442609,0.13875046884024855,0.01399736345234403,32.52001953125,0.05866650869815926,1.312386462903741,0.05671882360497649,0.010633204874949388,0.02325132883128722,-0.042565980017416405,0.1820013170109862,157.72363920462683,-4.176748145501062,bull,high,overbought,normal,start_week,1
2025-05-14,587.8099975585938,588.97998046875,585.5399780273438,587.5900268554688,2025,5,14,2,0.0012780314322096142,0.04711752880883169,0.031672351643923013,0.06051983276436457,0.06141005464290883,0.03401698826683708,0.05068562770641205,9.01517377952598,4.336604795873166,4.678568983652815,85.10128523716334,96.86713559533023,97.55666975348538,8.489998953683036,0.9102384031147588,0.14752356752772114,0.013917291570718714,33.050048828125,0.059599037287976,1.546099904992647,0.023372039703750458,0.005854426188639851,0.028824755215742792,-0.041342349245611865,0.1835119518470394,141.81428070747674,-3.13286440466978,bull,high,overbought,normal,mid_week,1
2025-05-15,585.5599975585938,590.969970703125,585.0999755859375,590.4600219726562,2025,5,15,3,0.004884349607746863,0.044951022057491574,0.030921011589997827,0.05950405445432616,0.06630928006208747,0.03285960703547075,0.0514701008075249,10.118361072989842,5.492956051296502,4.62540502169334,84.81987795102029,98.96875786854409,97.21971510612441,8.383571079799108,0.8980428428166568,0.1494915824469039,0.012410986183352636,31.99005126953125,0.05728159605297156,1.7859008210130358,0.1108067451006185,0.009941392979623835,0.03432684761901417,-0.0366599301251862,0.18929263798480722,133.78613679180975,-1.031242131455909,bull,high,overbought,normal,end_week,1
2025-05-16,591.25,594.5,589.280029296875,594.2000122070312,2025,5,16,4,0.00633402786844095,0.05291133701421802,0.03250424739639923,0.05976944121401928,0.0722310752331412,0.033139075225497416,0.05359343537900618,11.165719443283592,6.62750872969392,4.538210713589672,85.7025374168194,99.43377141645853,98.4232216267776,8.147142682756696,0.8979790295599392,0.15018238845425758,0.01236628219551683,27.44000244140625,0.04841555855846935,1.9897415023270582,0.18890730867034988,0.008784871416842477,0.03847618829357713,-0.030558107275813318,0.19682565069753455,138.70008145857534,-0.5662285835414689,bull,high,overbought,normal,end_week,1
2025-05-19,588.0999755859375,595.5399780273438,588.0999755859375,594.8499755859375,2025,5,19,0,0.0010938461217664397,0.020343377331049073,0.02803522522153523,0.05332305137012838,0.0726711018533912,0.028844914750818518,0.05048591915521583,11.910903627520156,7.684187709259168,4.226715918260988,85.00604658665702,98.72268979722348,99.04173969407536,8.185712541852679,0.8903198509694317,0.13661373162981755,0.010267767449843835,31.3399658203125,0.05561563286754634,2.14393612086084,0.0666647263800817,0.012507359412896872,0.04341862568205013,-0.029497687021179053,0.19813479379398058,128.32113936788633,-1.2773102027765255,bull,high,overbought,normal,start_week,0
2025-05-20,593.0900268554688,594.0499877929688,589.5999755859375,592.8499755859375,2025,5,20,1,-0.0033621922872737464,0.010241204511342694,0.018584801253955785,0.04371963612692098,0.06782181804081411,0.02139667711327098,0.04332522236837533,12.199456437078538,8.587241454823044,3.6122149822554945,82.10156572046975,93.1898672369462,97.11544281687607,7.489283970424107,0.8426281413075019,0.12760083266973551,0.009538569061002998,34.04998779296875,0.06093412408159171,1.8342781980941032,-0.040019777830410996,0.007506135431030631,0.04833865253658187,-0.032760702412657716,0.19410643423117224,110.45803715990859,-6.810132763053797,bull,high,overbought,normal,start_week,0
2025-05-21,588.4400024414062,592.5800170898438,581.8200073242188,582.8599853515625,2025,5,21,2,-0.016850789652983478,-0.008049900930448772,-0.0023005979858077286,0.021864894459912243,0.0488103394100019,0.003539159765791222,0.023792007121006264,11.4895831331404,9.167709790486516,2.321873342653884,68.55318872339635,67.89875271954114,86.6037699179036,7.596422467912946,0.6869706702754588,0.11694291103358198,0.010521693974458967,21.7099609375,0.03868833643938441,1.43823630027201,0.5022102512388997,0.018460711038749567,0.0512287942566918,-0.049059448360401436,0.1739847978846687,71.73571027438437,-32.101247280458864,bull,high,neutral,high,mid_week,1
2025-05-22,582.6599731445312,586.6199951171875,581.4099731445312,583.0900268554688,2025,5,22,3,0.00039467712604679406,-0.012481785121650102,-0.0049777220177257275,0.01901671264306337,0.04831053090008064,0.0033277984277322314,0.022363690117811252,10.820830059048717,9.498333844198957,1.3224962148497603,64.1581601604462,68.48113627373418,76.5232520767405,7.260707310267857,0.6708516911672552,0.11130538136989852,0.009779283651792585,18.030029296875,0.03190816793752127,1.6204986511727135,0.11228148191285281,0.00893519307945163,0.05355483399413452,-0.048684133876438995,0.17444814283072052,55.149256661428694,-31.518863726265824,bull,high,neutral,normal,end_week,0
2025-05-23,575.97998046875,581.8099975585938,575.5999755859375,579.1099853515625,2025,5,23,4,-0.006825775301577575,-0.02539553440838882,-0.014254034655760028,0.009549649622312417,0.040119402392127856,-0.002980661264492368,0.014229399486750616,9.856067729359893,9.569880621231144,0.2861871081287486,63.35613789759057,58.40508183346519,64.92832360891349,7.434282575334821,0.590417007284935,0.10561784678648083,0.009983015454191032,14.76995849609375,0.02617209092609052,1.313849527319145,0.1796087752690052,0.010723389562841518,0.05515968511106184,-0.05517760221942403,0.1664316237044028,27.444756230807876,-41.59491816653481,sideways,high,neutral,normal,end_week,1
2025-05-27,586.0700073242188,591.3099975585938,578.4299926757812,591.1500244140625,2025,5,27,1,0.02079059136787431,-0.006219973646683696,0.004844498182863033,0.02693147216047076,0.060664332085678785,0.014976611976225351,0.032614522014368985,9.948338903628155,9.645572277710547,0.3027666259176076,74.60825817306934,88.8861933840981,71.92413716376582,7.886426653180804,0.7649562824952439,0.10164496537633218,0.01076030274231498,8.1600341796875,0.013996868413481689,1.4998311972832452,0.10482324137089183,0.021788047620532425,0.055550718547754396,-0.03553418583195289,0.19068242695140714,60.69856706315209,-11.113806615901899,bull,high,overbought,normal,start_week,0
2025-05-28,591.5599975585938,592.77001953125,586.989990234375,587.72998046875,2025,5,28,2,-0.005785407771406903,-0.008636240748980728,-0.0011200430233282432,0.018035965659572994,0.053749754710789466,0.00769308139652769,0.024618479806304272,9.634435732233442,9.643344968615127,-0.008909236381684948,69.89516214507351,76.92078768618086,74.73735430124805,7.743569510323661,0.6865169354329165,0.09669880977676622,0.010938054951009763,0.88995361328125,0.001516518254642607,1.2429877181487963,0.025631535365710834,0.009834497964975479,0.054931323179406855,-0.041114013848497,0.18379384358524486,66.54114771468656,-23.079212313819138,bull,high,neutral,normal,mid_week,1
2025-05-29,593.0599975585938,593.2000122070312,586.0700073242188,590.0499877929688,2025,5,29,3,0.003947403401760141,0.012335728343179087,0.0024038499923444423,0.018920942628815718,0.05680922847955361,0.009857637182660861,0.02648364268058878,9.46377786903031,9.607431548698164,-0.14365367966785492,69.16113972081669,83.25199649205778,83.01965918744558,7.59857177734375,0.7084470849633858,0.0907709629623232,0.010922608065799757,2.4599609375,0.004186526021662917,1.4161934579306812,0.06701472752455562,0.012083730243740315,0.054274909745831934,-0.03732890404486244,0.18846675543039604,65.93324542579255,-16.74800350794221,bull,high,neutral,normal,end_week,0
2025-05-30,588.9299926757812,591.1300048828125,583.239990234375,589.3900146484375,2025,5,30,4,-0.0011185037847383228,0.010804485590233393,0.001464701470302865,0.01507134392241083,0.054786122261879955,0.007375418203110051,0.023414869089321,9.169574815173064,9.519860201993144,-0.3502853868200795,69.22483111130681,69.15765984995271,76.44348134273044,7.823573521205357,0.6766551721418521,0.08531504478288784,0.010921620666299148,-1.07000732421875,-0.0018121587989039512,1.1037124742533315,0.35328026085401154,0.01338674638582701,0.053243435053969446,-0.038405655309146525,0.18713745086641143,50.551722226471334,-30.842340150047292,bull,high,neutral,high,end_week,1
2025-06-02,587.760009765625,592.7899780273438,585.0599975585938,592.7100219726562,2025,6,2,0,0.005632954820585345,0.023484375965020732,0.007360942838027462,0.018513217079160205,0.059695253337126886,0.01102011380469925,0.026959985209827453,9.099421157072584,9.435772393009032,-0.3363512359364478,59.755124942879235,85.8076443922044,79.40576691140495,7.042859758649554,0.7205542358131473,0.0839395217729785,0.010573624934346363,-1.489990234375,-0.0025075567212473615,1.2556037838743113,-0.08007293381735958,0.013041757659205922,0.051951895565514494,-0.03298903780977258,0.19382454249296677,61.40803230577548,-14.192355607795603,bull,high,neutral,normal,start_week,1
2025-06-03,592.3400268554688,597.0800170898438,591.8499755859375,596.0900268554688,2025,6,3,1,0.005702628195088044,0.008356596866087695,0.012892073427003048,0.02146206509063564,0.06451604626373952,0.014166604018243767,0.030311831729075145,9.210390376767236,9.390695989760673,-0.18030561299343617,59.37181529450178,95.39111582165721,83.45214002127143,6.970720563616071,0.7655700371851748,0.08081508485714678,0.010424828120546313,1.24005126953125,0.002084645407121055,1.3930887927668485,-0.0679363477231546,0.008773912107699722,0.050966903770974126,-0.027474533831827408,0.20063247998897515,92.08978375125653,-4.608884178342791,bull,high,neutral,normal,start_week,0
2025-06-04,596.9600219726562,597.9500122070312,595.489990234375,595.9299926757812,2025,6,4,2,-0.0002684731709600152,0.013952005988347338,0.01209044664760972,0.017949421679488653,0.06340036688463169,0.01173166118084601,0.02774865341694066,9.17960410006549,9.348477611821636,-0.1688735117561464,58.5520337069369,90.96189610112977,90.72021877166378,6.900721958705357,0.7491783636880386,0.07203443113528366,0.010118871839964771,3.08001708984375,0.005195272356719904,1.1802102654954394,-0.165669138614693,0.004128038532866121,0.05069697121139516,-0.027735630827568913,0.20031014237991496,104.6977069667602,-9.038103898870236,bull,high,neutral,low,mid_week,0
2025-06-05,597.6300048828125,599.0,591.0499877929688,593.0499877929688,2025,6,5,3,-0.004832790626766448,0.005084314993753836,0.005459171089127635,0.010277357134926834,0.057597253852591956,0.005783443857971804,0.021058684303499442,8.821128945615328,9.243007878580375,-0.42187893296504697,52.65527814279457,74.5726239351463,86.97521195264441,7.049294607979911,0.6680765430664738,0.06114688550479161,0.010275503158320825,10.19000244140625,0.017482762065506918,0.8841890733178903,0.3083731317794034,0.013405298660602225,0.05185499746050115,-0.03243438095764439,0.19450929477460854,88.50773596870022,-25.4273760648537,bull,high,neutral,high,end_week,1
2025-06-06,598.6599731445312,600.8300170898438,596.8599853515625,599.1400146484375,2025,6,6,4,0.010268994150278488,0.01654252660832012,0.013027654668086086,0.017697702827856432,0.0672947815582523,0.013599376010357656,0.02913925613641788,8.92556076526455,9.179518455917211,-0.25395769065266194,54.83175393079602,93.30162639191619,86.27871547606408,7.232155936104911,0.836751335477353,0.052554217202344544,0.010371735832530872,16.04998779296875,0.0275257456889193,1.047901233720309,-0.05684720484789152,0.006626216979700112,0.05356924526206219,-0.022498455275687834,0.20677570373510235,141.86427976657595,-6.698373608083819,bull,high,neutral,normal,end_week,1
2025-06-09,599.719970703125,601.25,598.489990234375,599.6799926757812,2025,6,9,0,0.0009012551559597348,0.011759495275493359,0.010426405470386868,0.015566766946382149,0.0670173911086025,0.012252778309546741,0.02777773910988146,8.948739945059856,9.13336275374574,-0.18462280868588365,54.7343646612448,93.87911957168352,87.25112329958199,6.897870744977679,0.9089387262273526,0.0380662577251919,0.010336085836409162,20.57000732421875,0.035520035648722637,1.1600892766248454,-0.2571913509457162,0.004602470983415328,0.05600703359674242,-0.021617476968546323,0.20786331656018064,152.46171922538824,-6.120880428316478,bull,high,neutral,low,start_week,1
2025-06-10,600.219970703125,603.469970703125,599.0900268554688,603.0800170898438,2025,6,10,1,0.005669731282665458,0.011726400240663404,0.01411673974631511,0.019590294232598948,0.07125934241410437,0.015181959083448548,0.03103844356468266,9.136147347501947,9.133919672496981,0.002227675004965235,59.759586998319534,98.60081205022973,95.26051933794315,6.835723876953125,0.9834717735817297,0.0405200371625983,0.007614704988142872,11.92999267578125,0.020180989906252833,1.295489583461011,-0.06345549536894879,0.007262624732272879,0.05634716441233745,-0.016070310971301738,0.2147115769912662,159.81921911876623,-1.3991879497702695,bull,medium,neutral,normal,start_week,0
2025-06-11,604.1900024414062,605.0599975585938,599.27001953125,601.3599853515625,2025,6,11,2,-0.0028520788113346462,0.00911179625546299,0.008912002328979485,0.015435996174734568,0.06661366617551723,0.010376722503558033,0.025962482860724778,9.04165036063489,9.115465810124563,-0.07381544948967367,70.95592607239551,87.44056535169773,93.30683232453698,6.461438860212054,0.8644021136179154,0.04235978771220712,0.007589211003462092,13.6300048828125,0.023190930079731054,1.050737682817535,0.037131072719083,0.00962813983035279,0.05719196888662115,-0.018876555989223553,0.21124712384064637,139.08648706703366,-12.559434648302267,bull,medium,overbought,normal,mid_week,1
2025-06-12,600.010009765625,603.75,599.52001953125,603.75,2025,6,12,3,0.003974349319302073,0.01804234453633713,0.010598935037073431,0.01808266326828223,0.06923014871537059,0.01215120539078085,0.027753074011829693,9.055231948456367,9.103419037790925,-0.04818708933455795,72.31087435389404,95.5533042038813,93.86489386860292,6.391435895647321,0.9018057718842,0.04500349306453895,0.007613642422930998,13.70001220703125,0.023218392492939444,1.1885462905780588,-0.09567143071791029,0.007006178830227743,0.05801630265536173,-0.01497722869736795,0.21606104302278917,127.86155058764025,-4.446695796118697,bull,medium,overbought,normal,end_week,0
2025-06-13,598.5,601.8499755859375,595.47998046875,597.0,2025,6,13,4,-0.011180124223602483,-0.0035718105887039275,-0.00197098844752297,0.006145577015284287,0.05606109955256833,0.0007066415831178396,0.01503990727122928,8.424217728675899,8.96757877596792,-0.5433610472920218,68.22900470915437,69.73339811966831,84.24242255841578,6.447147914341518,0.6360661200402121,0.0451661075767286,0.00805936875060023,7.6099853515625,0.012911629247912781,0.9191522534897204,0.2461629108859722,0.01067000857150335,0.058146694463139914,-0.02598990564360859,0.20246532949831075,65.84504307970384,-30.266601880331695,bull,medium,neutral,high,end_week,1
2025-06-16,600.4000244140625,604.4500122070312,600.219970703125,602.6799926757812,2025,6,16,0,0.00951422558757331,0.005002668150748235,0.005848017433121244,0.014992978506736643,0.06362587992359714,0.00864051923980802,0.02282604327182991,8.286935716047765,8.83145016398389,-0.544514447936125,63.497927155336875,89.09255690225707,84.79308640860222,6.059291294642857,0.81717251036189,0.047270737585769114,0.008208820738172279,9.969970703125,0.016820992278725022,1.098608886531806,0.11055279312342314,0.00701871898074083,0.05744194101801048,-0.016722953881328273,0.21390585590439337,105.56358978350833,-10.90744309774293,bull,medium,neutral,normal,start_week,0
2025-06-17,600.2100219726562,601.75,596.760009765625,597.530029296875,2025,6,17,1,-0.008545104270081039,-0.009202738667664967,-0.002986671427922194,0.006092704399621951,0.05111454470184307,1.8260643266820864e-05,0.013028894627586496,7.674117280303335,8.59998358724778,-0.9258663069444442,61.02614179803491,65.4905328406513,74.7721626208589,6.069287981305804,0.6280610559217464,0.04757655913242676,0.00846592707310296,1.44000244140625,0.0024157465760712427,0.8424415464414673,0.13043128516509528,0.008351028383036778,0.054263282725868,-0.025125158766789668,0.20353290379162825,56.02909269301523,-34.509467159348695,bull,medium,neutral,high,start_week,0
2025-06-18,598.4400024414062,601.219970703125,596.469970703125,597.4400024414062,2025,6,18,2,-0.00015066498929716676,-0.0065185296754731725,-0.003387986655593145,0.005552552347774409,0.04752653979300381,-0.0001120390568848384,0.011911108325442399,7.099352918753425,8.299857453548908,-1.200504534795483,58.753849935653655,65.07794427396999,73.22034467229278,5.899287632533482,0.6161255875189267,0.047815063556681955,0.008423985248654975,1.510009765625,0.002533871065701687,0.6049940191475511,0.041912478263737674,0.00795058914801383,0.051087610591547206,-0.025272038274310127,0.20335157351955968,48.33225297188702,-34.92205572603,bull,medium,neutral,normal,mid_week,0
2025-06-20,598.3800048828125,599.4600219726562,592.8599853515625,594.280029296875,2025,6,20,4,-0.005289189092826385,-0.01568525168219459,-0.008862625367372479,-0.0007263621959547883,0.03842462393064139,-0.004573568572890374,0.006070124122333542,6.316057023744406,7.903097367588009,-1.5870403438436025,55.46858149154301,46.10015869140625,58.88954526867584,5.807146344866071,0.4836073930964553,0.044310352845571464,0.007525231499880902,1.23004150390625,0.002074094139153271,0.3119974829086906,0.2802007346650264,0.011105937093162313,0.047710085915730005,-0.030427558777942565,0.19698681950206454,12.229618152221857,-53.89984130859375,bull,medium,neutral,high,end_week,1
2025-06-23,595.0399780273438,600.5399780273438,591.8900146484375,600.1500244140625,2025,6,23,0,0.00987749011881256,0.005276422804124881,0.0007587475037920122,0.007698603642941837,0.046796543718954586,0.004446111223244786,0.014804271663720003,6.098647519638348,7.542207397998077,-1.4435598783597285,57.87134076964106,64.95382068484795,58.71064121674139,5.872859409877232,0.6882322053778183,0.04089950297022411,0.007779693370042621,1.010009765625,0.0016857658325786229,0.5332837416947647,0.17675063462038154,0.014413001794595223,0.046002891635966714,-0.02085061657029874,0.2088100449840451,31.20768388241922,-35.046179315152045,bull,medium,neutral,high,start_week,1
2025-06-24,604.3300170898438,607.8499755859375,603.4099731445312,606.780029296875,2025,6,24,1,0.011047245877038092,0.006803007683879425,0.010617863265455219,0.016469630930954438,0.0553345843076507,0.013119952705238802,0.02404169284784019,6.387701459840855,7.311306210366633,-0.9236047505257776,60.5820505415337,93.63126746133528,68.22841561252983,6.049281529017857,0.9692368449945448,0.03509875898842899,0.007802914893343856,7.10003662109375,0.011839709024497047,0.7036742417064374,-0.0831680083292129,0.0073173180181148,0.04424691336615538,-0.010033712581200671,0.2221640667696172,143.88041591358407,-6.36873253866471,bull,medium,neutral,normal,start_week,1
2025-06-25,607.9099731445312,608.6099853515625,605.5399780273438,607.1199951171875,2025,6,25,2,0.0005602785258216336,0.01604934538871161,0.010504147301061417,0.015680528374012903,0.053244780722901286,0.011557462708354338,0.022750592728967955,6.568493684014811,7.162743705096268,-0.5942500210814572,61.03768189234261,91.51486081132279,83.366649652502,6.092851911272321,0.9247027488023454,0.03692118409459746,0.00648936226590005,4.03997802734375,0.006698908789647184,0.8626540762041146,-0.15324224472570736,0.005056673061189776,0.04229634636928048,-0.009479055729072483,0.2228488190512592,150.11980927144072,-8.485139188677213,bull,medium,neutral,normal,mid_week,1
2025-06-26,608.989990234375,612.3099975585938,608.3699951171875,611.8699951171875,2025,6,26,3,0.007823824018649228,0.02415304066820756,0.01663175022288077,0.021564240340886887,0.058812564720507554,0.01642685347931727,0.02840974067990043,7.014202763535536,7.133035516784122,-0.11883275324858555,67.90335635312601,97.84523599582737,94.33045475616181,5.895708356584821,1.052755595104709,0.03901225158435887,0.006414454960257811,10.510009765625,0.017477068680385788,1.0735033233130213,0.06345971409342299,0.0064392803583245605,0.041490750695499345,-0.0017293941743106167,0.23241617301292905,187.47559051533227,-2.154764004172632,bull,medium,neutral,normal,end_week,1
2025-06-27,612.8800048828125,616.3900146484375,610.8300170898438,614.9099731445312,2025,6,27,4,0.004968339764334306,0.034714179899440145,0.01979177599825821,0.024513562657484167,0.061234006471743374,0.018112836151904066,0.030959454373680195,7.5259764688908035,7.211623707205458,0.3143527616853454,65.92605011766939,93.9590142697704,94.43970369230685,5.737134660993304,1.069430538906039,0.043049258834235285,0.006434512968334634,11.15997314453125,0.018484427568581818,1.3154975801369488,0.15511062572174827,0.009041970046706175,0.04063793359474577,0.0,0.23853923529151788,198.56648593069326,-6.0409857302295915,bull,medium,neutral,high,end_week,1
2025-06-30,617.3800048828125,619.219970703125,615.0399780273438,617.8499755859375,2025,6,30,0,0.004781191670012452,0.02949254428366599,0.021136663657415733,0.02697711378979739,0.0629256369544331,0.019376641659875515,0.033142143458691375,8.075702769336658,7.384439519631699,0.6912632497049591,67.50143740160118,94.98720336598373,95.59715121052716,5.847848074776786,1.074688609025079,0.04694214112850126,0.00641511492146941,20.8499755859375,0.03492458222100092,1.5964706812330123,0.23715218740650568,0.006765384544714366,0.04092397696048011,0.0,0.24446092876627734,206.15958557479726,-5.012796634016267,bull,medium,neutral,high,start_week,0
2025-07-01,616.3599853515625,618.8300170898438,615.52001953125,617.6500244140625,2025,7,1,1,-0.00032362414789344207,0.01791422689006983,0.018286819164361257,0.024521196071060514,0.05925630574778107,0.0160693903978546,0.030303941921150823,8.398418691652296,7.587235354035819,0.8111833376164768,64.9558994715956,94.25558429028929,94.40060064201448,5.77142333984375,0.987138505494042,0.050337215790798334,0.006394391245977678,14.97003173828125,0.024839105197133282,1.3368470811885391,-0.06863088669857054,0.005359017935332877,0.0402337394655079,-0.00032362414789344207,0.2440581911586186,172.68899459872782,-5.744415709710703,bull,medium,neutral,normal,start_week,1
2025-07-02,617.239990234375,620.489990234375,616.6099853515625,620.4500122070312,2025,7,2,2,0.004533291803274775,0.02195614902663645,0.019052321568907793,0.027090572428902115,0.060182932008165935,0.017439207240049548,0.03230021790106963,8.778911176191627,7.825570518466981,0.9533406577246462,69.17059859737643,99.86021656828474,96.36766807485259,5.634996686662946,0.989521906320431,0.05534087868004235,0.006364824973129553,22.91998291015625,0.0383578762344825,1.5744137244679732,-0.11714631973951262,0.006253533413611769,0.04036162772872598,0.0,0.24969786995939502,157.848291329011,-0.1397834317152601,bull,medium,neutral,normal,mid_week,1
2025-07-03,622.4500122070312,626.280029296875,622.4299926757812,625.3400268554688,2025,7,3,3,0.00788139987465386,0.02201453224667671,0.022398826301665453,0.03267168956254585,0.06496867836094067,0.021457388510726982,0.03732910460332772,9.367059890436053,8.133868392860796,1.2331914975752571,70.64456524149749,97.26664134628696,97.12748073495366,5.749285016741071,1.027704494086908,0.061912850712173735,0.0064703498378404604,27.9000244140625,0.04669929080752966,1.759975512191309,-0.31933394541001137,0.006156709079464678,0.041637227043054725,0.0,0.25954723859504814,174.46666747339847,-2.7333586537130445,bull,medium,overbought,low,end_week,0
2025-07-07,623.3599853515625,624.030029296875,617.8699951171875,620.6799926757812,2025,7,7,0,-0.007452000479036269,0.009383519186952238,0.01041868161440429,0.022643185262061882,0.05397180159675785,0.011690510887565564,0.02734645699519156,9.349372425547813,8.3769691993982,0.9724032261496127,73.58570169306059,83.71609701728293,93.61431831061822,5.692143031529018,0.8628635158533826,0.062401383089753834,0.006649152105607328,26.39996337890625,0.04442344025953804,1.4569111829238484,0.008960611905019178,0.009924654012337818,0.043104032788434,-0.007452000479036269,0.25016109196966907,121.11597338515395,-16.283902982717066,bull,medium,overbought,normal,start_week,0
2025-07-08,621.3499755859375,622.1099853515625,619.52001953125,620.3400268554688,2025,7,8,1,-0.0005477312372305088,0.004030187534068919,0.006556917494428216,0.02030112073496504,0.05076623669677449,0.009406970859950237,0.024750661123236206,9.20184938989189,8.54194523749694,0.6599041523949509,69.68355773731129,82.72753733277013,87.90342523211332,5.344996861049107,0.8170534853974817,0.06403058685670644,0.006402209450728277,20.19000244140625,0.03364159230205499,1.2023708798269477,-0.1999036489046332,0.004175074488488438,0.043921330660956936,-0.00799565002282454,0.24947633968802707,103.6620186085538,-17.272462667229867,bull,medium,neutral,low,start_week,1
2025-07-09,622.77001953125,624.719970703125,620.9099731445312,624.0599975585938,2025,7,9,2,0.005996663994070728,0.010378001928538882,0.009761702298447972,0.02436572731383868,0.05444465440203339,0.013050536500098131,0.02854185256328101,9.27815408311858,8.689187006621268,0.5889670764973118,80.54345763855218,93.54454552876408,86.66272662627237,5.234994070870536,0.865480455773294,0.06666766150951897,0.006467307147832755,17.27996826171875,0.028478142699822184,1.4769266918102013,-0.11169928107798932,0.006105178305770231,0.04425098714070552,-0.002046933255354877,0.25696902946567746,108.44364542638037,-6.455454471235931,bull,medium,overbought,normal,mid_week,1
2025-07-10,624.2000122070312,626.8699951171875,623.010009765625,625.8200073242188,2025,7,10,3,0.002820257303000284,0.008655000421525783,0.009554819784682422,0.025341075068357366,0.05474629542587639,0.013427415424248634,0.02904587314867224,9.37260265218515,8.825870135734045,0.5467325164511063,81.46352224068771,96.99831795530368,91.09013360561262,5.171421595982143,0.8617319173382212,0.07005484961025264,0.006413706617511573,18.70001220703125,0.03080117992724274,1.7151739291449457,-0.22248452206429425,0.006167884226115443,0.044763765924897836,0.0,0.2605140055506734,109.01226631474333,-3.0016820446963246,bull,medium,overbought,low,end_week,0
2025-07-11,622.739990234375,624.8599853515625,621.530029296875,623.6199951171875,2025,7,11,4,-0.0035154072757080934,-0.002750554361489521,0.004102570926299398,0.01987680184812146,0.04858899145507012,0.00833449401074482,0.0235005105998225,9.164290982919283,8.893554305171094,0.27073667774818944,83.23520301774919,90.70897137034297,93.75061161813692,5.006417410714286,0.7797522080029179,0.07105145653725853,0.0064410775711283485,11.75,0.0192034257175,1.395513976021092,-0.13363752307922794,0.005339719830602532,0.04430465752889301,-0.0035154072757080934,0.25608278544442853,86.02644655197275,-9.291028629657031,bull,medium,overbought,normal,end_week,1
2025-07-14,623.1599731445312,625.1599731445312,621.7999877929688,624.8099975585938,2025,7,14,0,0.0019082172648787754,0.006654000340832411,0.0044175531033141535,0.02006630175319213,0.04811311254269346,0.008666688604785922,0.02352376928559985,8.99157643984131,8.913158732105138,0.07841770773617185,81.2468774699889,91.21911496504661,92.97546809689773,4.628561837332589,0.7770144558820702,0.07243774224452279,0.006421561795430148,9.9000244140625,0.016099957467652803,1.610354954814158,-0.28788993012269437,0.005377611377365013,0.04350338094388606,-0.0016138981716858902,0.25847966430173064,81.76579595549056,-8.780885034953391,bull,low,overbought,low,start_week,0
2025-07-15,627.52001953125,627.8599853515625,622.0599975585938,622.1400146484375,2025,7,15,1,-0.004273271747553764,0.002901614783900053,-0.0005638553291181791,0.013627133468689268,0.04140966599712037,0.003683700303762194,0.017706340742648985,8.540800580609812,8.838687101806073,-0.29788652119626136,71.63385657548613,74.37289952446191,85.43366195328383,4.492850167410714,0.6962075993342565,0.0694526283127,0.00585077773032637,4.2900390625,0.006943496369699709,1.2010194151390048,0.030460847096766663,0.009322640653882778,0.04199720167220944,-0.005880273293779159,0.2531018387073991,76.39049789570782,-25.62710047553809,bull,low,overbought,normal,start_week,1
2025-07-16,623.739990234375,624.72998046875,618.0499877929688,624.219970703125,2025,7,16,2,0.0033432282214846953,0.0002563425714787737,0.0017202438996750669,0.015234478209515956,0.04288517747948428,0.005949839922078537,0.019514639727967964,8.256219970695724,8.722193675584004,-0.46597370488827927,72.95923217370496,81.3236712555273,82.3052285816786,4.750706263950893,0.7216566724217899,0.06873006818638075,0.005595270086149544,6.5699462890625,0.010637004823718987,1.6006395899488728,0.22621937086936827,0.010701344060262711,0.041094241461623326,-0.0025567041679203095,0.2572912441389599,59.240292403025535,-18.6763287444727,bull,low,overbought,high,mid_week,1
2025-07-17,624.4000244140625,628.4000244140625,624.1799926757812,628.0399780273438,2025,7,17,3,0.006119649327969823,0.0035472990271065985,0.006624348324461904,0.018919340218241265,0.04700970028623397,0.010224411585464388,0.023800625418523014,8.243899906504794,8.626534921768162,-0.38263501526336796,72.26664604698934,97.95078977444444,84.54912018481122,4.681422642299107,0.787928423818851,0.06570848396038996,0.005112080941778942,7.5899658203125,0.012233001323207038,1.8879441476127767,-0.04198259815267302,0.0067193680114699915,0.04011958585046549,0.0,0.2649854256562174,88.98921140282998,-2.0492102255555515,bull,low,overbought,normal,end_week,0
2025-07-18,629.2999877929688,629.469970703125,626.4600219726562,627.5800170898438,2025,7,18,4,-0.0007323752525193461,0.006350056129794446,0.005526111241603848,0.015689820968989077,0.04384906536063782,0.008013693689819856,0.02130697011825955,8.103607816679869,8.521949500750504,-0.41834168407063466,68.78164413803087,86.9026017147377,88.7256875815698,4.499276297433036,0.7585678985038471,0.060679694036943926,0.005129613285521748,2.239990234375,0.0035820355937215,1.5205370566949896,-0.08035377627705542,0.004796119456489719,0.03811234108253392,-0.0007323752525193461,0.2640589816356691,94.80894472092427,-13.097398285262308,bull,low,neutral,normal,end_week,1
2025-07-21,628.77001953125,631.5399780273438,628.3400268554688,628.77001953125,2025,7,21,0,0.0018961764380651669,0.006337961921431878,0.006128615666914028,0.014783518366394466,0.04348114283186044,0.008385328514298962,0.021484812656038077,7.996272524346068,8.416814105469618,-0.42054158112354934,67.07331503670142,82.70932788765235,89.1875731256115,4.474273681640625,0.7916883065937045,0.05068258833901985,0.004798008923380654,8.09002685546875,0.013034135063049623,1.813024748536481,-0.09232757929888158,0.005089223519690989,0.03712500229425153,0.0,0.2664558604929712,109.81776457643204,-17.29067211234765,bull,low,neutral,normal,start_week,1
2025-07-22,629.0999755859375,629.72998046875,626.1900024414062,628.8599853515625,2025,7,22,1,0.00014308223598114012,0.01080137998666153,0.004902566777659878,0.012582787607468893,0.04142512742916349,0.007207904209900029,0.019996634500551558,7.828229069871895,8.299097098350073,-0.47086802847817744,67.58708125541025,82.04960488608536,83.88717816282514,4.490700857979911,0.7943887776427767,0.04274207633939559,0.00453246316915467,8.51995849609375,0.013734336214417331,2.052113951806667,-0.12280289123283517,0.005629199042398499,0.03634437990204131,0.0,0.2666370678292622,96.73723280263206,-17.95039511391463,bull,low,neutral,low,start_week,1
2025-07-23,631.5499877929688,634.2100219726562,629.72998046875,634.2100219726562,2025,7,23,2,0.008507516372031176,0.016004055843132248,0.01181068691253273,0.018947137697783223,0.047860144807337246,0.013317227421089761,0.02649397863222669,8.034144053150271,8.246106489310113,-0.21196243615984223,69.98843840435794,100.0,88.2529775912459,4.595703125,0.963447420972641,0.04088303622020077,0.004305847672008046,10.1500244140625,0.016264500935440074,2.3322883838112367,0.0279883387449813,0.00706397147426252,0.035628658958729575,0.0,0.2774130034212412,148.13936140311367,-0.0,bull,low,neutral,normal,mid_week,1
2025-07-24,634.5999755859375,636.1500244140625,633.989990234375,634.4199829101562,2025,7,24,3,0.0003310590028946514,0.010158596755021732,0.010758865190502842,0.01705400631189047,0.04642866121446887,0.011528066843551787,0.024796830770554168,8.120665279472178,8.221018247342528,-0.10035296787035008,65.26562929700488,90.53589315525876,90.86183268044802,4.333561488560268,0.9576140549133905,0.037267225796021645,0.004310805530951498,8.5999755859375,0.013741931362514226,2.5410597348945854,0.03267504561130741,0.0034047385610068252,0.03529011444014696,0.0,0.2778359024964383,172.70328957613478,-9.464106844741236,bull,low,neutral,normal,end_week,1
2025-07-25,635.0900268554688,637.5800170898438,634.8400268554688,637.0999755859375,2025,7,25,4,0.004224319453948855,0.015169314249741106,0.01285339665209495,0.019289018819949932,0.0491096851734627,0.013337725294624514,0.026910367468022667,8.309697960504991,8.23875418997502,0.07094377052997025,79.57508184610514,97.54203387711732,96.02597567745869,4.025704520089286,1.0171667412980099,0.03729748508486349,0.004135697600335847,13.47998046875,0.021615696376471982,2.615410531676675,-0.16333452067931487,0.004300722554344858,0.035796185944787284,0.0,0.2832338895583084,176.7748366729996,-2.4579661228826803,bull,low,overbought,low,end_week,0
2025-07-28,637.47998046875,638.0399780273438,635.5399780273438,636.9400024414062,2025,7,28,0,-0.0002510958258695739,0.012993594885848614,0.010650122890503155,0.01724041747463878,0.04714434729433403,0.011048230034942819,0.024629628923821256,8.350341685277499,8.261071689035518,0.08926999624198118,80.09440810148097,94.49736806751426,94.19176503329679,4.019278390066964,0.9579144566896147,0.037649864997218924,0.004105122222271613,12.1300048828125,0.0194139097168895,2.1877784303579197,-0.17293081913314445,0.003925016470024556,0.03610965217067985,-0.0002510958258695739,0.2829116748850258,156.22551434865477,-5.502631932485741,bull,low,overbought,low,start_week,0
2025-07-29,638.3499755859375,638.6699829101562,634.3400268554688,635.260009765625,2025,7,29,1,-0.002637599568784843,0.010177185006428058,0.00589038453511348,0.013148808597898354,0.04284624071269083,0.007082896600305588,0.02026991617852114,8.153007960631953,8.239458943354805,-0.08645098272285168,71.92653753778872,83.4627839378637,91.83406196083176,4.015707833426339,0.8499580058630515,0.03757253263994183,0.0041535606998722744,13.1199951171875,0.02108849263553858,1.7924756834016486,-0.06552287043360394,0.0068160375092476055,0.03673944670885487,-0.002888033104412324,0.27952786760456005,127.32268941795178,-16.53721606213629,bull,low,overbought,normal,start_week,0
2025-07-30,635.9199829101562,637.6799926757812,631.5399780273438,634.4600219726562,2025,7,30,2,-0.0012593076546151272,0.00039419118484196325,0.0029973575850377188,0.010518365892031811,0.04015807371440627,0.004915707459242524,0.017554093694440054,7.841673304440519,8.159901815571947,-0.31822851113142825,67.57541294609601,79.58311380010538,85.84775526849444,4.178567068917411,0.7907496422079239,0.03617671138700765,0.004179170670141383,10.24005126953125,0.01640455568570931,1.3529784847339328,0.2311193319532423,0.009677543794401786,0.037049665034853074,-0.00414370383683238,0.2779165483665922,94.96862758225176,-20.416886199894623,bull,low,neutral,normal,mid_week,0
2025-07-31,639.4600219726562,639.8499755859375,630.77001953125,632.0800170898438,2025,7,31,3,-0.003751229077306739,-0.00368835453381966,-0.0014028959974515809,0.005796143642601725,0.034992758757814046,0.0009695538859175734,0.012706528896299751,7.318528403047026,7.991627133066964,-0.6730987300199383,67.08417043619735,64.35796859207494,75.80128877668133,4.520708356584821,0.6664208437073317,0.034828231328971955,0.004257076421604031,4.0400390625,0.00643277371480333,0.8458293945272957,0.5392601396713774,0.014365200305639272,0.036446785805191784,-0.00787938893181861,0.27312279065198797,80.79573689367047,-35.64203140792505,bull,low,neutral,high,end_week,0
2025-08-01,626.2999877929688,626.3400268554688,619.2899780273438,621.719970703125,2025,8,1,4,-0.01639040328219421,-0.02414064585180309,-0.016860109897100406,-0.010404237024965957,0.017067216340489022,-0.013092951810488196,-0.0036048721963561903,5.998812561669411,7.593064218787454,-1.5942516571180434,45.44645057536602,16.83479341827864,53.59195860348632,5.194283621651786,0.21010985946906516,0.035890275557183715,0.005462395484956405,-5.86004638671875,-0.009337528645179671,0.18679910026278942,0.9562786448350091,0.011339588818663572,0.034509154372770245,-0.02414064585180309,0.25225579468544934,-77.45656318887704,-83.16520658172136,bull,medium,neutral,high,end_week,1
2025-08-04,625.6699829101562,631.219970703125,625.5800170898438,631.1699829101562,2025,8,4,0,0.01519978873502148,-0.00905896867700784,-0.0022952318554849693,0.0037993882690863234,0.03089698786156303,0.0016138413226560733,0.010676173050595095,5.650331750191867,7.204517725068337,-1.5541859748764697,61.09062940879262,60.183497540393816,47.12541985024912,5.458570207868304,0.6110733480458737,0.034206119973238525,0.006195363168297345,2.39996337890625,0.0038169176397682136,0.49729035797626076,0.02349003139328998,0.0089357126701066,0.033268578818939964,-0.009307789833655988,0.2712898182068748,9.693998619498144,-39.816502459606184,bull,medium,neutral,normal,start_week,0
2025-08-05,631.7899780273438,632.6099853515625,627.0399780273438,627.969970703125,2025,8,5,1,-0.0050699689365404366,-0.011475677597255984,-0.007213892293438273,-0.001895418514138325,0.02416888088996516,-0.002932902161145501,0.005138697974897299,5.057642599325845,6.775142699919839,-1.7175001005939938,54.482433587902094,42.21786822223212,39.74538639363485,5.379285539899554,0.4404260572141956,0.03181623417058651,0.006330366677721849,-0.8900146484375,-0.0014152826848092825,0.16277714874434504,-0.054696194914439666,0.008869862547698145,0.03161081016322931,-0.014330568564871915,0.2648444183192258,2.1271892017334153,-57.78213177776788,bull,medium,neutral,normal,start_week,1
2025-08-06,629.0499877929688,633.4400024414062,628.1300048828125,632.780029296875,2025,8,6,2,0.007659695237280717,-0.0026479094310116746,0.0006167601657887101,0.00505326929641825,0.03021018437401901,0.003977706343342158,0.011875516366568473,4.919356427643606,6.403985445464593,-1.4846290178209864,55.53485574353266,65.61309762360659,56.004821128744176,5.468571254185268,0.6618104576934956,0.03122955937736854,0.0064149209524519985,-1.42999267578125,-0.0022547620287257653,0.4369009574983422,-0.10491670993209701,0.008391537837396748,0.029575183413205197,-0.00678064111537513,0.27453274108612646,31.663575254738767,-34.3869023763934,bull,medium,neutral,normal,mid_week,0
2025-08-07,636.239990234375,636.97998046875,629.1099853515625,632.25,2025,8,7,3,-0.0008376201402309214,0.00026892625231034195,0.00012180519155813307,0.0036988853153219203,0.027971553259735105,0.0026528965682983685,0.010202729481646244,4.712669979678708,6.065722352307416,-1.3530523726287083,55.44412994815793,63.035133811283785,56.955366552374166,5.815717424665179,0.6197229596913522,0.030895371488122693,0.006403832743488524,-2.16998291015625,-0.003420420176871275,0.06743907031315881,0.020221772278176564,0.012447600027184659,0.027846356237421377,-0.007612581654044215,0.27346516679280897,47.16264613977785,-36.964866188716215,bull,medium,neutral,normal,end_week,1
2025-08-08,634.0599975585938,637.6500244140625,633.739990234375,637.1799926757812,2025,8,8,4,0.007797536853746623,0.02486653590228416,0.007907534269224303,0.010437703020454325,0.03432399633748173,0.008845927750466887,0.01671818661742308,4.890306281139715,5.8306391380738765,-0.9403328569341616,59.017758155570704,87.01370025678705,71.88731056389247,5.9185791015625,0.8367754257945332,0.03099306606421545,0.006526096148216695,0.08001708984375,0.0001255958137027502,0.3463511091443075,-0.11961452587375221,0.006136467284962379,0.02620921182756164,0.0,0.2833950583628384,92.025493270132,-12.986299743212955,bull,medium,neutral,normal,end_week,0
2025-08-11,637.4600219726562,638.9500122070312,634.6599731445312,635.9199829101562,2025,8,11,0,-0.0019774785462639555,0.007525706431885437,0.006076748508927032,0.007552022789993895,0.030743658901889237,0.0057908597256470795,0.013603372524425561,4.873236435953572,5.639158597649816,-0.7659221616962437,57.38491771126352,80.88524736162444,76.97802714323176,5.972154889787946,0.7469922579233369,0.030575949438617408,0.006558414459289352,-1.02001953125,-0.001601437383961235,0.04320522968139234,-0.1963703189617303,0.0067461931969294685,0.024517921152158895,-0.0019774785462639555,0.28085717216854467,88.99251561309357,-19.114752638375563,bull,medium,neutral,low,start_week,1
2025-08-12,638.2899780273438,642.8499755859375,636.7899780273438,642.6900024414062,2025,8,12,1,0.010646024206171889,0.02344066185489657,0.015593651005777698,0.01662341290246583,0.03992015783161018,0.01392495281600925,0.022546498358401834,5.344385705768559,5.580204019273564,-0.23581831350500515,58.61434831887027,99.32099676948863,89.07331479596671,6.085008893694196,1.0265719337620312,0.03156912063979923,0.006783392900556018,7.42999267578125,0.011695986779527434,0.3305164309016159,-0.10859874845946682,0.009429114402859,0.02395299222453895,0.0,0.2944932086281,145.30306967072508,-0.6790032305113638,bull,medium,neutral,normal,start_week,1
2025-08-13,644.9099731445312,646.1900024414062,642.6799926757812,644.8900146484375,2025,8,13,2,0.0034231312120525104,0.019137748966285617,0.017393322512274878,0.018438484537747435,0.041720868129834665,0.01468019343669269,0.02407097354472909,5.828114617942106,5.6297861390072725,0.19832847893483319,60.222615005238204,95.1673360107095,91.79119338060752,6.181435721261161,1.042634505791073,0.033979565141857494,0.006784467285153055,10.42999267578125,0.016439164509297832,0.5999182862310004,-0.15566997605946253,0.005442803712100405,0.023911642704207203,0.0,0.2989244287343449,190.11985259125595,-4.832663989290495,bull,medium,neutral,low,mid_week,1
2025-08-14,642.7899780273438,645.6199951171875,642.3400268554688,644.9500122070312,2025,8,14,3,9.303533506632711e-05,0.020087010212781697,0.015426254536625494,0.01717504902721645,0.040175850562105264,0.012473228173482065,0.022336172048560865,6.145473375824167,5.732923586370651,0.41254978945351617,58.07780671045508,95.39037505956027,96.62623594658614,6.19000244140625,0.9667586071632612,0.03679642702594868,0.00670901181009789,12.8699951171875,0.02036133838946874,0.8626126204891577,-0.16078759435348777,0.005085616248761103,0.024373602627375313,0.0,0.29904527460379793,164.3704908573906,-4.609624940439725,bull,medium,neutral,low,end_week,0
2025-08-15,645.989990234375,646.0900268554688,642.52001953125,643.4400024414062,2025,8,15,4,-0.002341281862229483,0.009824554815879738,0.009596380220014078,0.013525969894018885,0.03615261884656973,0.008535208816179196,0.018438128316598412,6.203625773193835,5.827064023735288,0.3765617494585465,56.50778519224659,89.77696095114923,93.44489067380634,6.266431535993304,0.8588890942335415,0.037688439440896386,0.006744854157742736,21.72003173828125,0.03493539336321683,0.4901897947283634,-0.031764764255170275,0.005548314233919341,0.026303817195509893,-0.002341281862229483,0.2960038434641532,143.27304767138875,-10.22303904885077,bull,medium,neutral,normal,end_week,0
2025-08-18,642.8599853515625,644.0,642.1799926757812,643.2999877929688,2025,8,18,0,-0.00021760326977848798,0.011605241352912632,0.007459220507021858,0.012147165732551812,0.03425332900308353,0.007027411880876411,0.016844412160892164,6.167320918571704,5.895115402702572,0.2722055158691319,58.305726813360586,89.25646087173553,91.474598960815,6.087149483816964,0.8171710938084537,0.038298464045679353,0.0067510883923784844,12.1300048828125,0.019218285424291492,0.2352469604717841,-0.37300023044673747,0.0028291735718242814,0.026595725117863456,-0.0025583756614192543,0.29572182879016995,115.45505867267241,-10.74353912826447,bull,medium,neutral,low,start_week,0
2025-08-19,643.1199951171875,644.1099853515625,638.47998046875,639.8099975585938,2025,8,19,1,-0.005425136484688009,-0.004481172683365453,0.00013911589743398345,0.005789722278078724,0.027298936113466565,0.0013231937426687601,0.010479995500261241,5.790190305301508,5.87413038322236,-0.08394007792085212,55.23581287885485,76.28253125496336,85.10531769261604,6.05072021484375,0.6550108633471264,0.03735042920903765,0.006908413436949039,11.84002685546875,0.01885444751794685,-0.15999779235506753,-0.008512069449798654,0.008799495013043938,0.027156042378826184,-0.007969632608964994,0.2886923610227936,73.30852617118687,-23.717468745036644,bull,medium,neutral,normal,start_week,0
2025-08-20,639.4000244140625,639.6599731445312,632.9500122070312,638.1099853515625,2025,8,20,2,-0.0026570578976855552,-0.010513466083935441,-0.0033486904549285823,0.0028098797298885536,0.0233064931439797,-0.0011318620762093001,0.007213512267246314,5.293119018499738,5.7579281102778355,-0.4648090917780978,55.98089889953155,69.96278900914392,78.5005937119476,5.89215087890625,0.5752814982147544,0.03732497089620577,0.006708339214100381,5.3299560546875,0.008423078807670237,-0.6550955664567768,0.24725957062227444,0.010515367399874163,0.026744743466072585,-0.010605514731385268,0.28526823080725094,10.079551833867185,-30.037210990856078,bull,medium,neutral,high,mid_week,0
2025-08-21,636.280029296875,637.969970703125,633.8099975585938,635.5499877929688,2025,8,21,3,-0.004011843753210287,-0.014574810816570749,-0.007858467922899237,-0.0013019131302844933,0.0181408444997333,-0.004351965051119122,0.002937021814776175,4.639138928513717,5.534170273925012,-0.8950313454112955,66.22854073410923,48.37446768184699,64.87326264865142,5.285718645368304,0.4650357983032026,0.03723560290535026,0.006778158271626413,3.29998779296875,0.005219435022489227,-0.9494736793343472,-0.22198837024096785,0.006545469631707973,0.026205245503836183,-0.014574810816570749,0.28011193548428737,-8.851644536156133,-51.62553231815301,bull,medium,neutral,low,end_week,1
2025-08-22,637.760009765625,646.5,637.25,645.3099975585938,2025,8,22,4,0.015356793254796441,0.002906246285733216,0.006100746505135701,0.013381197173228054,0.032322563886762135,0.009239679122412525,0.016957444269958044,4.852469962636974,5.397830211667404,-0.5453602490304306,66.47246033867839,93.88488644525503,70.74071437874865,5.389290945870536,0.840731719566163,0.039271944479561796,0.007547212580552103,8.1300048828125,0.01275935367755543,-0.5178469877788441,0.17100491600016765,0.014334196022060089,0.026062814755592134,0.0,0.29977034982051687,95.29795554310182,-6.11511355474496,bull,medium,neutral,high,end_week,0
2025-08-25,644.0399780273438,645.2899780273438,642.3499755859375,642.469970703125,2025,8,25,0,-0.0044010272058598865,-0.001290248881694156,0.0006509984490625786,0.00848338813493732,0.02650761480811359,0.004056841296967262,0.011546534425890709,4.737756009874033,5.26581537130873,-0.5280593614346971,67.0347021250355,78.06189238937583,73.44041550549262,5.202863420758929,0.7117744437154786,0.04005860190729591,0.007630383577687377,6.54998779296875,0.01030001882154119,-0.8050496556396205,-0.28410016060669485,0.004576093164616993,0.02583979469278197,-0.0044010272058598865,0.2940500251495868,88.38989093165328,-21.938107610624172,bull,medium,neutral,low,start_week,1
2025-08-26,642.2000122070312,645.510009765625,641.5700073242188,645.1599731445312,2025,8,26,1,0.004186969919329098,0.008361819300029882,0.004454281037563623,0.011919618936666154,0.0292216467802624,0.006981033090834643,0.014595760638800082,4.8084759737204195,5.174347491791068,-0.3658715180706489,65.30651054754887,92.29427414203384,88.08035099222157,5.093575613839286,0.7873212465602228,0.04148533768165933,0.00763716612265777,2.469970703125,0.0038431758604338118,-0.5506145243233743,-0.2752689258288573,0.006107016252422708,0.024657534155875238,-0.00023248425505584258,0.29946817367899503,86.39628917046537,-7.705725857966152,bull,medium,neutral,low,start_week,1
2025-08-27,644.5700073242188,647.3699951171875,644.4199829101562,646.6300048828125,2025,8,27,2,0.0022785538462906096,0.013351960832513665,0.006470331035829169,0.013258260460587312,0.030122277982341128,0.007837310747297987,0.015635576796998008,4.92635339490198,5.124748672413251,-0.1983952775112705,67.3754963331819,94.86830019851264,88.40815557664077,4.742148263113839,0.8080280100822875,0.04304238584356503,0.007627896269983506,1.739990234375,0.0026981193612116705,-0.2980914624278953,-0.3051399143116431,0.004562133190163168,0.023499894847541336,0.0,0.30242908188426365,99.74408797230777,-5.131699801487363,bull,low,neutral,low,mid_week,1
2025-08-28,647.239990234375,649.47998046875,645.3400268554688,648.9199829101562,2025,8,28,3,0.003541403909580021,0.021036889896916877,0.009410913559313228,0.015506760597042035,0.03208048153189624,0.009634720833424426,0.017782400747478055,5.145243030260758,5.1288475439827526,0.016395486278005578,65.15224083766334,96.61222847057347,94.59160093703998,4.652143205915179,0.848450454873184,0.04450205296097415,0.007563961978225752,3.969970703125,0.006155470389929363,0.019512923705771373,-0.08827934446870644,0.006379759789050034,0.022458215646437907,0.0,0.3070415093267993,108.20120938892804,-3.3877715294265345,bull,low,neutral,normal,end_week,0
2025-08-29,647.469970703125,647.8400268554688,643.1400146484375,645.0499877929688,2025,8,29,4,-0.0059637477949624484,-0.00040292226466143166,0.0031398179609305465,0.007611161838609215,0.02437406653134988,0.0030558899172881127,0.010835601991430188,4.94938495140434,5.09295502546707,-0.1435700740627297,61.03988309617996,73.20023483626079,88.22692116844898,4.758566720145089,0.7050415365235982,0.03712009755512733,0.006571641128087892,1.6099853515625,0.0025021530297366645,-0.4684921580043814,0.16083274049845486,0.0072862759413612095,0.02116778557707155,-0.0059637477949624484,0.2992466434076273,73.9678132818974,-26.799765163739213,bull,low,neutral,normal,end_week,0
2025-09-02,637.5,640.489990234375,634.9199829101562,640.27001953125,2025,9,2,1,-0.007410229210411012,-0.0034242085578993775,-0.0038242790525470083,-0.0005658089289886092,0.015300179508504597,-0.0037060975828491216,0.003096527626290868,4.358223632831027,4.946008746939862,-0.5877851141088346,46.92583834076371,44.28325093140639,71.36523807941354,4.987139020647321,0.4836732255027007,0.03465527922139098,0.006083414348702396,-3.02996826171875,-0.004710039358331031,-1.083023947706276,0.26839808455002223,0.008699466091347873,0.019197876598380237,-0.013329784267259726,0.2896189279791197,-25.19288827822903,-55.71674906859361,bull,medium,neutral,high,start_week,1
2025-09-03,642.6699829101562,644.2100219726562,640.4600219726562,643.739990234375,2025,9,3,2,0.005419542688669621,-0.0022009780043160676,0.0009624942332391306,0.0036154010466569186,0.01939338701711657,0.0014324696843355245,0.007895798318787284,4.1222034691516,4.78124769138221,-0.6590442222306097,48.58475969006222,65.27524951352709,60.91957842706476,5.017852783203125,0.6229867254911315,0.029396677017126966,0.006008449175285082,3.92999267578125,0.006142437115358446,-0.6967631562395775,0.09335482757417557,0.0058253332974306715,0.018413170213731123,-0.007982482913457156,0.2966080728114189,32.478800466146446,-34.724750486472914,bull,medium,neutral,normal,mid_week,1
2025-09-04,644.4199829101562,649.1500244140625,643.510009765625,649.1199951171875,2025,9,4,3,0.008357419089116691,0.0038507186730782905,0.007602975711897164,0.010715654932583751,0.02653635326466741,0.008281393816772953,0.015092132013619253,4.31948488747139,4.688895130600046,-0.3694102431286561,54.53752100365945,97.82222599666946,69.12690881386764,5.186427525111607,0.8780793741499707,0.028342342019253508,0.006049460613679619,11.010009765625,0.017254094150492172,-0.2943162116064473,0.0062047741314879,0.008688708853313465,0.018790513733242253,0.0,0.3074443698702358,104.37380081239168,-2.1777740033305393,bull,medium,neutral,normal,end_week,0
2025-09-05,651.47998046875,652.2100219726562,643.3300170898438,647.239990234375,2025,9,5,4,-0.002896236284437803,-0.0025889057511330194,0.0028649284675763553,0.006613653264265995,0.022266069734032223,0.004532638364316055,0.011241903937785347,4.2748533027686335,4.606086765033764,-0.3312334622651303,54.10188600184212,74.19507155623724,79.09751568881126,5.565713065011161,0.7642719557699984,0.025025936804364993,0.00610487822867903,11.69000244140625,0.01839352162054375,-0.9683439776577952,0.3031134993164608,0.013719802572144717,0.01934571717060818,-0.002896236284437803,0.3036577020463336,108.15872347228736,-25.804928443762755,bull,medium,neutral,high,end_week,1
2025-09-08,648.6199951171875,649.8400268554688,647.22998046875,648.8300170898438,2025,9,8,0,0.002456626412859597,0.005860056380759371,0.004780576728607322,0.00817319330075117,0.02358235234934547,0.005917042631652603,0.012696486667483242,4.318009009175512,4.548471213862113,-0.23046220468660117,55.78817985751229,82.45065852019927,84.82265202436865,5.622144426618304,0.8303287578788238,0.024742602954809338,0.005914474219346175,3.52001953125,0.00545477296891006,-0.5160982747057701,-0.03347616659003083,0.004022696727912537,0.01871231993949718,-0.0004467248421324843,0.3068603019905085,125.68816688497573,-17.549341479800734,bull,medium,neutral,normal,start_week,1
2025-09-09,648.969970703125,650.8599853515625,647.219970703125,650.3300170898438,2025,9,9,1,0.002311853583358836,0.015712117156381655,0.00587911648205619,0.009373908653663277,0.024803445280928704,0.006965653938902916,0.013908297012369175,4.422270499845467,4.523231071058784,-0.10096057121331636,61.489747486867714,90.23881656504709,82.29484888049453,5.480002267020089,0.8948006107934318,0.023743399572823676,0.0058814437874307336,7.86004638671875,0.012234107032452757,-0.021082515934215625,0.006767689153802436,0.005597180743288108,0.018813720743162454,0.0,0.3098815716626149,135.04432948298415,-9.761183434952908,bull,medium,neutral,normal,start_week,1
2025-09-10,653.6199951171875,654.5499877929688,650.6300048828125,652.2100219726562,2025,9,10,2,0.0028908474672986184,0.013157535444081159,0.007688130207100574,0.011544526887312223,0.026654226333691522,0.008344475984900734,0.015572567305933926,4.603532507405703,4.5392913583281675,0.0642411490775352,65.33945809412637,88.71761368318207,87.1356962561428,5.291429792131696,0.9441534976850671,0.025992200776268706,0.005462258625170119,7.050048828125,0.010927597993661609,0.5695253822465659,0.17602387900628313,0.006010307689385053,0.01882139479274514,0.0,0.3136682394865169,177.55510188321557,-11.28238631681793,bull,medium,neutral,normal,mid_week,1
2025-09-11,654.1799926757812,658.3300170898438,653.5900268554688,657.6300048828125,2025,9,11,3,0.008310180352278485,0.013110071835159998,0.0143382919278634,0.018943974768085736,0.03388459630907703,0.014114761097815176,0.022194004097721542,5.1254483009493015,4.656522746852395,0.4689255540969066,72.61369702713075,97.00977708251858,91.9887357769159,5.421430315290179,1.1013673234133026,0.03150150337494506,0.005692606256327056,11.0,0.017011273706659447,1.0669840181435883,0.0461923269096709,0.007207685475390756,0.019270005418077663,0.0,0.32458505947970995,208.20843270792213,-2.9902229174814234,bull,medium,overbought,normal,end_week,0
2025-09-12,657.5999755859375,659.1099853515625,656.9000244140625,657.4099731445312,2025,9,12,4,-0.00033458287585352853,0.015712846955691973,0.012672807842918354,0.01762075993003398,0.032338971785800696,0.011631504136271786,0.020200631074280384,5.458394629578379,4.816897123397592,0.6414975061807873,65.40219776121722,92.9722528505358,92.89988120541214,4.797140938895089,0.9953830841133608,0.03556996695107518,0.005696969489673906,8.489990234375,0.013083262124708561,0.49541521311081266,0.07791661723630439,0.003361617602071487,0.019420057288566106,-0.00033458287585352853,0.3241418760011967,187.09088713012414,-7.027747149464208,bull,low,neutral,normal,end_week,1
2025-09-15,659.6400146484375,661.0399780273438,659.3400268554688,660.9099731445312,2025,9,15,0,0.005323922883704979,0.018618059794565323,0.015583060804350124,0.021657102149066798,0.0366769738472712,0.014361698353968722,0.023688449798000333,5.936248367056123,5.040767372129299,0.8954809949268245,73.08462858566239,99.50227830354014,96.49476941219818,4.844996861049107,1.031009447264619,0.040784777484899275,0.005720087512602384,15.8599853515625,0.024587219055421272,0.959927222177883,-0.05210935633334557,0.002572137266724595,0.020770248989988582,0.0,0.3311915052361114,185.30948557591543,-0.4977216964598668,bull,low,overbought,normal,start_week,0
2025-09-16,661.469970703125,661.780029296875,659.2100219726562,660.0,2025,9,16,1,-0.0013768488621856978,0.014869347340644712,0.011119250374553857,0.01893522134388026,0.033974202772780515,0.01094861019410387,0.020594702956985955,6.170395194096841,5.266692936522808,0.9037022575740332,69.44449331667768,93.37294779298983,95.28249298235524,4.747140066964286,0.9288475234697247,0.0441537383512886,0.005742699147679585,19.72998046875,0.0308150934244813,0.47938545055910825,-0.10238878250848948,0.00389395049124053,0.02260361712009784,-0.0013768488621856978,0.3293586557267758,156.1174339785096,-6.627052207010169,bull,low,neutral,normal,start_week,0
2025-09-17,660.010009765625,661.719970703125,654.2999877929688,659.1799926757812,2025,9,17,2,-0.0012424353397253451,0.010686696720856537,0.007479900458793098,0.0161499028535268,0.031434347256320994,0.008189195563219176,0.0178694920315845,6.218111979229661,5.456976745064178,0.7611352341654829,66.72887889443393,90.32005908083849,94.39842839245615,5.066423688616071,0.8573340371852928,0.0451955346340331,0.0055581749220888635,15.44000244140625,0.02398484275582269,-0.30370951625918086,0.46154398073699365,0.01125638367760015,0.023776600194822306,-0.0026175735562272706,0.327707013553731,116.07341352023363,-9.679940919161506,bull,medium,neutral,high,mid_week,1
2025-09-18,661.8900146484375,664.8900146484375,660.27001953125,662.260009765625,2025,9,18,3,0.004672497836806455,0.0070404404428559,0.010158648208701937,0.019001085330217382,0.035016412630031635,0.01089372877769934,0.02091447132095281,6.430334618860229,5.651648319823389,0.7786862990368402,67.41518421308447,91.22455089210617,91.63918592197815,5.178571428571429,0.9127183940401151,0.04603886234440645,0.005510600614323347,13.1400146484375,0.02024281295797281,0.3708372648378569,0.29532848523554467,0.006976104625164555,0.0246077826145521,0.0,0.3339107217024737,139.16292873439897,-8.77544910789383,bull,medium,neutral,high,end_week,1
2025-09-19,662.3300170898438,664.5499877929688,660.3699951171875,663.7000122070312,2025,9,19,4,0.0021743762573189773,0.009567909401211772,0.009819778269002821,0.019009924584645566,0.03604023626142894,0.01105540330915944,0.021384025103494908,6.6381977407471595,5.848958204008143,0.7892395367390161,75.99669215612207,96.02935875477823,92.5246562425743,5.064287458147321,0.9250948794783104,0.04471925093046317,0.005333645259805269,16.46002197265625,0.025431095453011032,1.0827404265354454,0.360507856851753,0.0062980150653927725,0.025965482709570553,0.0,0.3368111455051268,123.90251236089968,-3.970641245221769,bull,medium,overbought,high,end_week,1
2025-09-22,662.2000122070312,667.2899780273438,662.1699829101562,666.8400268554688,2025,9,22,0,0.004731075170536503,0.008972558974595257,0.0118246857115063,0.02214153806676289,0.03953913367704276,0.013369468803593243,0.024227275741335097,6.975889984941318,6.0743445601947785,0.9015454247465398,88.81094815673339,98.32295225919168,95.19228730202535,4.706429617745536,0.9564928979917465,0.04850357620933508,0.004399771822033933,18.010009765625,0.02775767040865973,1.5286916456745967,-0.025374405051670323,0.007677996087504223,0.02739056316465316,0.0,0.34313569952332257,129.541677406208,-1.6770477408083133,bull,low,overbought,normal,start_week,0
2025-09-23,666.719970703125,667.3400268554688,661.97998046875,663.2100219726562,2025,9,23,1,-0.005443591771073009,0.0048636696555397485,0.004353878402027167,0.014964099140039488,0.03264398585302941,0.006636911498175246,0.017246357889967756,6.871393319684444,6.233754312092712,0.6376390075917318,78.30763141874922,82.79882047892623,92.38371049763204,4.807861328125,0.8094027046594033,0.04836447424243534,0.004480688158643809,12.8800048828125,0.019805336589642675,0.9022812784121405,0.12265072795351384,0.008081974350712905,0.028167469712979232,-0.005443591771073009,0.3358242170819632,104.05344390797441,-17.201179521073772,bull,low,overbought,high,start_week,0
2025-09-24,664.510009765625,664.6099853515625,659.6699829101562,661.0999755859375,2025,9,24,2,-0.0031815658943793457,0.0029126838367203867,-0.00018756644901452013,0.010502400111384702,0.0281112115069051,0.002904352287022016,0.012958701426177388,6.542893447740084,6.295582139222186,0.24731130851789818,69.24796811748831,74.01062585794905,85.04413286535565,4.757860456194196,0.7194923561881738,0.04784859160371358,0.004558980813921213,8.88995361328125,0.01363050752638384,0.38788286723660803,-0.07505996360407918,0.00747239846292218,0.028304086852983357,-0.008607838519530508,0.33157420431200935,73.79348110804037,-25.98937414205094,bull,low,neutral,normal,mid_week,0
2025-09-25,657.9400024414062,659.4099731445312,654.4099731445312,658.0499877929688,2025,9,25,3,-0.004613504621998388,-0.0063570529861015634,-0.004863412808983503,0.004963328944668222,0.022292342663553955,-0.0014579300056696276,0.00766697208665712,5.9676549953788935,6.229996710453528,-0.26234171507463433,66.73887279057766,53.82697248875312,70.2121396085428,4.601431710379464,0.6061094851294447,0.04677554451059152,0.004732791598865504,0.41998291015625,0.0006386310038135612,-0.2591026359862799,0.1843620822717229,0.007598206964138819,0.027288470569844403,-0.013181630838733582,0.32543098056588193,27.986011306014902,-46.17302751124688,bull,low,neutral,high,end_week,1
2025-09-26,659.510009765625,662.3699951171875,657.8800048828125,661.8200073242188,2025,9,26,4,0.0057290777314567,-0.0028326123975210837,0.00017078040835571962,0.009726225833811775,0.02707116470619253,0.003604616535568761,0.012432044063657388,5.7497044326842115,6.133938254899665,-0.3842338222154531,68.84240683620241,72.56459182094787,66.80073005588334,4.735713413783482,0.7075448556068313,0.046863247009296866,0.004821827640901684,4.4100341796875,0.006708194824902591,0.2517860196882728,-0.09039588025300649,0.006784307190301366,0.026895791023662907,-0.007528071694979488,0.3330244776812248,55.610050899947666,-27.43540817905214,bull,low,neutral,normal,end_week,1
2025-09-29,664.3599853515625,665.280029296875,661.8599853515625,663.6799926757812,2025,9,29,0,0.0028104096748033935,-0.004738818985700166,0.00256198032483268,0.011126984580706711,0.028804917524416274,0.005431302255340276,0.014129744095586094,5.661796647419237,6.039509933403579,-0.37771328598434195,69.16443531654798,78.0967721905054,68.16277883340213,4.722856794084821,0.744130314130737,0.045578053755126684,0.00454659957347772,2.77001953125,0.004191220656075911,0.7698313761702296,-0.03294638601555666,0.005153152095972929,0.026175875122534276,-0.004738818985700166,0.33677082257004987,79.06443662507405,-21.903227809494588,bull,low,neutral,normal,start_week,1
2025-09-30,662.9299926757812,666.6500244140625,661.6099853515625,666.1799926757812,2025,9,30,1,0.003766875644270362,0.004478175245740568,0.005399909315259466,0.01293652847031912,0.031483958943194335,0.007789337860173662,0.01659815738973669,5.727831326799333,5.97717421208273,-0.2493428852833972,69.70372614985176,91.5633877840909,80.74158393184806,4.78143310546875,0.8150680652305107,0.04105947221548616,0.004063479495338112,6.17999267578125,0.009363625266335163,1.3562330816725294,0.1321173078626181,0.0075655815514004835,0.025943954625677,-0.0009897938832494901,0.3418062720235604,90.18975552737184,-8.436612215909092,bull,low,neutral,high,start_week,1
2025-10-01,663.1699829101562,669.3699951171875,663.0599975585938,668.4500122070312,2025,10,1,2,0.0034075168215907947,0.011117889717934704,0.007416417777988515,0.014482322584959961,0.033731414216358946,0.009480351023918532,0.018548576521434157,5.8953776470197,5.960814899070124,-0.06543725205042428,66.74918037433508,93.89527230900704,87.85181076120112,4.795004708426339,0.8778332886633561,0.038329927561950486,0.003998577985256167,9.27001953125,0.014062956452334907,1.8075990448664103,-0.04926414866231632,0.009439744847576467,0.02612127018578092,0.0,0.3463784994667969,112.06222036242512,-6.104727690992965,bull,low,neutral,normal,mid_week,1
2025-10-02,670.4500122070312,670.5700073242188,666.780029296875,669.219970703125,2025,10,2,3,0.0011518565068935338,0.016974368387452143,0.007519998047536669,0.014104098199571924,0.03380269198128971,0.008991001394928366,0.018234286382771803,6.020883531245204,5.972828625505141,0.04805490574006299,67.97562312458777,91.70230485279554,92.38698831529781,4.907863071986607,0.8708967905570852,0.03802701602887312,0.0036988197211614096,6.9599609375,0.010509408442106016,2.1242287324302978,-0.25026665831228434,0.005663276939212914,0.02608652332925021,0.0,0.34792933430214923,129.33966240136203,-8.297695147204466,bull,medium,neutral,low,end_week,0
2025-10-03,669.989990234375,672.6799926757812,668.1599731445312,669.2100219726562,2025,10,3,4,-1.4866158967619114e-05,0.01116620012488867,0.006669947455353542,0.012403757828626905,0.03267733520420646,0.0075846044979634986,0.01684684660474467,6.0498066639628405,5.988224233196681,0.06158243076615921,64.13496759064847,81.12094787107571,88.90617501095943,4.971435546875,0.8505745038200709,0.03538123193063977,0.0035711569461926787,5.510009765625,0.008301958210460647,1.6604107068237237,-0.06200181520393633,0.006754261566385637,0.025835069194817928,-1.4866158967619114e-05,0.3479092957703884,140.22076284172314,-18.87905212892428,bull,medium,neutral,normal,end_week,1
2025-10-06,671.6199951171875,672.510009765625,669.4600219726562,671.6099853515625,2025,10,6,0,0.003586263355458641,0.011948518507857386,0.00955574579253149,0.014286770900192591,0.035278146590093096,0.009458992751992357,0.018946726267448755,6.194973642455352,6.0295741150484155,0.16539952740693664,68.8168469035268,94.17841653992522,89.00055642126547,5.023577008928571,0.9252924958822594,0.033592812096425576,0.0035930115147873054,4.76995849609375,0.00715307765580131,2.050676270924746,-0.26904424811919403,0.004541307990488254,0.025478930613552997,0.0,0.3527432534842918,147.24849062419486,-5.821583460074783,bull,medium,neutral,low,start_week,0
2025-10-07,672.5399780273438,672.989990234375,667.6699829101562,669.1199951171875,2025,10,7,1,-0.003707494362329311,0.004413225365111018,0.0049200728780181,0.009094543384885245,0.030417580500565755,0.004832728430836708,0.014029594301467663,6.039478764828914,6.031555045004516,0.007923719824398212,65.28292608768278,79.17119721432913,84.82352054177669,4.873578752790179,0.8003390958156359,0.030280917508215485,0.003788742302969156,5.90997314453125,0.008911163807435507,1.5796405881445765,-0.04002524028993282,0.007950752276184813,0.02537267222608519,-0.003707494362329311,0.34772796549831986,119.23771152392659,-20.828802785670877,bull,medium,neutral,normal,start_week,1
2025-10-08,670.25,673.2100219726562,669.4199829101562,673.1099853515625,2025,10,8,2,0.005963041402874625,0.006971311331336993,0.009092325523422318,0.013514564174641475,0.035355039650083464,0.00914403866406266,0.01856155830627082,6.167116144190459,6.058667264841705,0.10844887934875391,66.2279356454805,99.46789169534446,90.9391684831996,4.757864815848214,0.9668314719920945,0.028949556714698964,0.003911299252402529,12.010009765625,0.018166707319842823,1.9518704738129615,-0.1814288995964537,0.005630638595445109,0.026026076566421752,0.0,0.35576452315639817,138.0021117830571,-0.5321083046555418,bull,low,neutral,normal,mid_week,0
2025-10-09,673.530029296875,673.9400024414062,669.2100219726562,671.1599731445312,2025,10,9,3,-0.0028970186885769467,0.0028989009986775116,0.00419533829099783,0.009550049118120185,0.031191368804594388,0.005258492581057261,0.01443771826719642,6.041279884791152,6.055189788831594,-0.013909904040442456,60.98994374829158,85.76536033502094,88.13481641489817,4.797149658203125,0.8310161664276987,0.028850703037206896,0.003693956851678936,13.1099853515625,0.019922476399599987,1.4658092149520536,-0.10113946578392519,0.007047471032262259,0.026883246201421462,-0.0028970186885769467,0.3518368479955045,115.66304440974154,-14.234639664979062,bull,low,neutral,normal,end_week,0
2025-10-10,672.1300048828125,673.9500122070312,652.8400268554688,653.02001953125,2025,10,10,4,-0.027027764376787222,-0.02419270768492432,-0.02165767076694103,-0.017411414846175255,0.0026753923445845817,-0.018603123761533058,-0.01203033139681875,4.4267819017544525,5.7295082114161655,-1.302726309661713,35.880628212179374,0.8526423528187217,62.02863146106137,5.939291817801339,-0.052893902231789976,0.031491421366546056,0.007286459009463691,-8.79998779296875,-0.013296648175608494,0.3939217144879146,1.0356119016361687,0.03232670472601382,0.024871726781565906,-0.02984648312685423,0.3152997201920231,-80.38581927093529,-99.14735764718128,bull,medium,neutral,high,end_week,1
2025-10-13,660.6500244140625,665.1300048828125,659.77001953125,663.0399780273438,2025,10,13,0,0.015344029580113494,-0.012760392952961608,-0.006550699454070719,-0.0024943959879570876,0.016770302747158183,-0.003000863465942083,0.0028966475087786048,3.910727101037992,5.365751989340531,-1.455024888302539,49.84633611465333,48.31813476895676,44.978712485598805,6.421430315290179,0.41989799039971387,0.03114024230358638,0.008003396628202696,-0.6400146484375,-0.0009643422364702392,0.8895822480709559,0.005742912692051849,0.00808395500903183,0.023474778419405373,-0.01496041886670163,0.33548171800536464,-36.78786830196773,-51.68186523104324,bull,medium,neutral,normal,start_week,0
2025-10-14,657.1699829101562,665.8300170898438,653.1699829101562,662.22998046875,2025,10,14,1,-0.0012216421112398734,-0.010297128614772277,-0.007176746282056334,-0.0038800838630164147,0.014561693015727517,-0.0035721058337757627,0.0015474627855145417,3.3972287812607647,4.972047347724578,-1.5748185664638132,51.045724020135005,44.48109961661453,31.21729224613,6.972861153738839,0.3733423816281031,0.0306344293607631,0.008001870874137456,-3.95001220703125,-0.00592934679885182,0.28513118812160576,0.103034003245007,0.01911727731010649,0.021895578307999264,-0.01616378470025215,0.3338502372998582,-76.26886428399582,-55.51890038338547,bull,high,neutral,high,start_week,1
2025-10-15,666.8200073242188,670.22998046875,658.9299926757812,665.1699829101562,2025,10,15,2,0.00443954899070742,-0.011795995623596678,-0.002278433230684218,9.169373506945355e-05,0.017905642975240887,0.0007204772080224853,0.005547427558386442,3.1907305342396057,4.6157839850275835,-1.4250534507879777,56.602393872916906,58.40816963795227,50.40246800784118,7.302145821707589,0.5031013610950178,0.02956564303873955,0.008048716896143603,-3.280029296875,-0.004906917850214798,0.7975555662305979,0.02803864144675794,0.0169881204553619,0.02023016929591126,-0.011795995623596678,0.33977193077461765,-5.3812745621376195,-41.59183036204773,bull,high,neutral,high,mid_week,0
2025-10-16,666.8200073242188,668.7100219726562,657.1099853515625,660.6400146484375,2025,10,16,3,-0.006810241559458086,-0.015674293636441794,-0.007796241168395723,-0.006598191653097052,0.010112157857256276,-0.005161869270577268,-0.0012043691058623018,2.6312175672997,4.2188707014820075,-1.5876531341823075,48.920996614475484,36.949280935391165,46.61285006331932,7.810006277901786,0.2796514489154489,0.029944338733433603,0.008143167359724552,-8.5799560546875,-0.012820830863240484,0.05102311278701137,0.37380776249043923,0.017558785971005346,0.018049114273403388,-0.018525903603423766,0.33064776029146103,-54.49794233665459,-63.050719064608835,bull,high,neutral,high,end_week,1
2025-10-17,659.5,665.760009765625,658.1400146484375,664.3900146484375,2025,10,17,4,0.0056763137515907225,0.017411403597318742,-0.001441316183971142,-0.001011156549783565,0.014848442417858099,0.0004104759020355786,0.004132992526002521,2.462012620924611,3.8674990853705284,-1.4054864644459175,50.62756314742906,54.713386109071145,50.023612227471524,8.107147216796875,0.46618077669397007,0.02989886966455847,0.008231604318719285,-4.82000732421875,-0.007202533085219787,0.6663420865306338,0.20015217538922503,0.011469159603820396,0.016313271183599598,-0.012954748693217777,0.3382009344717267,-42.845145443651816,-45.286613890928855,bull,high,neutral,high,end_week,1
2025-10-20,667.3200073242188,672.2100219726562,667.27001953125,671.2999877929688,2025,10,20,0,0.010400477117627371,0.012457785411672972,0.008991181195111775,0.009040468855999517,0.02433562563070435,0.009136140387518754,0.01348216015744419,2.8526104480187087,3.6645213579001648,-0.8119109098814561,54.19811188559211,87.44658335887308,59.70308346777846,8.305716378348214,0.7918615153643822,0.03097520015515787,0.0084934942709151,-0.30999755859375,-0.00046157377846534065,1.0316374266110637,-0.2434474147340997,0.007358859721787696,0.015207709166910277,-0.0026890071429387374,0.3521188626694878,86.63215162264571,-12.55341664112691,bull,high,neutral,normal,start_week,0
2025-10-21,671.4400024414062,672.989990234375,669.97998046875,671.2899780273438,2025,10,21,1,-1.4911017141350236e-05,0.013681044087102023,0.00864715852082143,0.00841305937690806,0.02321587162841099,0.007707033186036938,0.01245706233237498,3.1253275056293432,3.5566825874460006,-0.4313550818166574,52.41823828768148,87.39916615105273,76.51971187299898,8.070002964564733,0.7644069832953162,0.03181859749714537,0.008384036159169536,2.16998291015625,0.0032430400017806615,0.6289275125812989,-0.28514861262035696,0.004483918819211678,0.014443815148356354,-0.002703878064248544,0.3520987012019492,93.48774498419544,-12.60083384894728,bull,high,neutral,low,start_week,0
2025-10-22,672.0,672.0,663.2999877929688,667.7999877929688,2025,10,22,2,-0.005198930936866852,0.003953883894919796,0.004204480166510871,0.002665809444454492,0.017117660269033275,0.0020875437551852727,0.006656978797140001,3.0249746687571815,3.4503410037082367,-0.42536633495105525,48.844410403435624,70.86675186343844,81.90416712445476,8.420719691685267,0.585347417918266,0.031234799007128673,0.008444343174437187,-5.30999755859375,-0.007888751725797616,0.07828040433052239,0.015806570073587434,0.013027871168108536,0.012859114211859701,-0.007888751725797616,0.3450692334345731,29.14088299188813,-29.13324813656156,bull,high,neutral,high,mid_week,1
2025-10-23,668.1199951171875,672.7100219726562,667.7999877929688,671.760009765625,2025,10,23,3,0.005929952148911788,0.016832154987016734,0.010068225691061361,0.0075745306061063555,0.022312349560929423,0.006786126218131905,0.011680192780371135,3.2277771941688798,3.4058282418003656,-0.17805104763148583,51.949835114113355,89.62575101339826,82.6305563426298,8.448577880859375,0.7528148851881762,0.029960777825516212,0.008434887131573502,0.60003662109375,0.0008940292107744163,0.503547562515986,-0.16009570923483762,0.007309208807175937,0.012122076072129673,-0.0020055794971343133,0.35304542962581364,73.2760577598439,-10.374248986601748,bull,high,neutral,normal,end_week,1
2025-10-24,676.4600219726562,678.469970703125,675.6500244140625,677.25,2025,10,24,4,0.008172546972973871,0.019356078610494043,0.014626512109167544,0.014634871446064235,0.029654981846932715,0.012674988957469324,0.018443299844150163,3.7878322148927737,3.4822290364188477,0.30560317847392593,54.11800986475621,95.24005705835145,85.24418664506271,8.692147391183036,0.9542771193681147,0.03221573533446045,0.00852322252055988,24.22998046875,0.03710449870456145,0.9762730513272013,-0.051192343440643606,0.004163818809985235,0.014811824408692775,0.0,0.3641032569559983,166.34271241233978,-4.759942941648548,bull,high,neutral,normal,end_week,1
2025-10-27,682.72998046875,685.5399780273438,682.1199951171875,685.239990234375,2025,10,27,0,0.011797696913067535,0.020765682548627318,0.02319371864120323,0.024949905528313998,0.04048007898378403,0.02075556467778794,0.02813890695852872,4.820833720311498,3.7499499731973778,1.0708837471141202,60.89485399550857,99.08260476784207,94.6494709465306,8.904288155691964,1.1321704890827797,0.039467051941184286,0.008844146556042631,22.20001220703125,0.03348216237741819,1.3383492181184031,-0.18649531726012192,0.0049909272063740785,0.016894513744217354,0.0,0.38019653373969353,239.58487612150782,-0.9173952321579226,bull,high,neutral,normal,start_week,1
2025-10-28,687.0499877929688,688.9099731445312,684.8300170898438,687.0599975585938,2025,10,28,1,0.002656014462314449,0.02349211227254111,0.0221217234735942,0.026069910694118903,0.04185906293013697,0.01978501462838267,0.02851780737600529,5.720412877539502,4.144042554065803,1.5763703234736992,59.71315721700963,94.87114405130548,96.39793529249967,8.903568812779017,1.0630174692865058,0.04630391083096669,0.008833549439810113,24.83001708984375,0.03749455298334303,1.6504643206708012,-0.19436565793767047,0.005938282055694202,0.019310165319123662,0.0,0.3838623556941425,231.62161319895972,-5.128855948694519,bull,high,neutral,normal,start_week,1
2025-10-29,688.719970703125,689.7000122070312,682.8699951171875,687.3900146484375,2025,10,29,2,0.00048033227231458753,0.02933517102959593,0.01924345229046187,0.025112978671534947,0.04085753515453927,0.0171022969292014,0.02680520759723448,6.386347621821983,4.592503567617039,1.7938440542049436,61.56152526411076,93.7330480830052,95.89559896738426,9.053571428571429,0.9838003363153912,0.051907732976778455,0.008825951059884018,22.22003173828125,0.03340504278480427,2.0553195267534354,0.10827757147280281,0.009936159886373868,0.021206006097469476,0.0,0.3845270694440235,189.23421658031697,-6.266951916994804,bull,high,neutral,high,mid_week,0
2025-10-30,683.9000244140625,685.9400024414062,679.8300170898438,679.8300170898438,2025,10,30,3,-0.010998119550020391,0.012013229735176267,0.005173527954873469,0.013037204791539914,0.02811107873502694,0.005001365384962764,0.014346738072878118,6.232235748744415,4.9204500038425145,1.3117857449019006,72.48786411494815,72.9811464508411,87.19511286171725,8.085715157645089,0.7447536619314454,0.0532666383361065,0.009254240418895854,19.19000244140625,0.029047593266990246,1.5280044219809,-0.024593255753095344,0.008987519229759206,0.02281949349265311,-0.010998119550020391,0.36929987521403884,114.64692531972906,-27.01885354915891,bull,high,overbought,normal,end_week,1
2025-10-31,685.0399780273438,685.0800170898438,679.239990234375,682.0599975585938,2025,10,31,4,0.0032802030105936186,0.007102248148532775,0.005842812577430578,0.015388031153736437,0.03003449341904063,0.007012410398927527,0.016343419451448238,6.218360378470152,5.1800320787680425,1.0383282997021093,68.35202551653792,79.08565967372199,81.93328473585609,7.637860979352679,0.7793242584169517,0.05509020677597769,0.009267770763083818,17.66998291015625,0.026595798432500928,1.9817727028182475,0.10203224734023641,0.008562335976853783,0.024051154453865298,-0.007753992604285553,0.37379145678712145,100.78098671703164,-20.914340326278012,bull,high,neutral,high,end_week,1
2025-11-03,685.6699829101562,685.7999877929688,679.9400024414062,683.3400268554688,2025,11,3,0,0.0018767107020742912,-0.0027726977496692617,0.0059443736228270705,0.01640616581179688,0.030783565737101615,0.007522397080182763,0.016876075805775992,6.238735455316714,5.391772754077778,0.8469627012389367,70.18555675781674,80.48487232070119,77.51722614842141,7.152143205915179,0.7869805258529289,0.057168219909822765,0.009250456790912305,12.0400390625,0.017935407837685213,2.195195136023632,-0.2765865335160116,0.008575504318879785,0.024692411196474362,-0.00589183390311554,0.3763696659164921,94.1698629908642,-19.515127679298818,bull,high,overbought,low,start_week,0
2025-11-04,676.1099853515625,679.9600219726562,674.5800170898438,675.239990234375,2025,11,4,1,-0.011853596017736279,-0.017203748386196427,-0.006557352641899494,0.0039011753071569455,0.01755907614633645,-0.003742855378012,0.004463625517250325,5.537445366772431,5.420907276616709,0.11653809015572225,58.76414724502556,55.630530662696295,71.73368755237315,6.970716203962054,0.5683388452752944,0.05708576566433829,0.009635651936340594,3.95001220703125,0.005884211497747538,1.6697185932411165,-0.014103212873038617,0.007967544814614884,0.02427561254026056,-0.01767559050196066,0.3600547359256514,33.49216536900454,-44.369469337303705,bull,high,neutral,normal,start_week,1
2025-11-05,674.97998046875,680.8599853515625,674.1699829101562,677.5800170898438,2025,11,5,2,0.0034654743340312155,-0.014271370473152745,-0.004546940883563555,0.007045540870024736,0.02008865847406449,-0.0002456932784999921,0.007351755471290744,5.111565583685092,5.359038938030386,-0.24747335434529383,65.32752509716904,61.59697067566078,65.90412455301941,6.619999476841518,0.6226444460325018,0.05744688078380382,0.009577127256319519,9.780029296875,0.014645147462786445,2.0134142916718174,-0.072681305989033,0.009873376239959552,0.024748127630944916,-0.014271370473152745,0.3647679707058795,38.1208327110038,-38.40302932433922,bull,medium,neutral,normal,mid_week,0
2025-11-06,676.469970703125,677.3800048828125,668.719970703125,670.3099975585938,2025,11,6,3,-0.010729388925125316,-0.014003529252801239,-0.015017717442125988,-0.003696512563262533,0.008424724751517232,-0.009300076607051122,-0.0032012949287479886,4.139703049329569,5.115171760290223,-0.9754687109606541,55.03570416166089,26.553042738441476,47.92684802559952,6.708574567522321,0.4357215675624285,0.05750782063412497,0.009873509798100966,-1.45001220703125,-0.0021585271316421073,1.4491867170743615,0.047741468071166304,0.01291944654149441,0.02379986179321536,-0.02484763631397713,0.35012484435562197,-7.792098741296498,-73.44695726155852,bull,medium,neutral,high,end_week,1
2025-11-07,667.9099731445312,671.0800170898438,661.2100219726562,670.969970703125,2025,11,7,4,0.0009845789961884233,-0.0162596060393001,-0.013137233342954358,-0.004044157978013496,0.008748347639534026,-0.007052971082474713,-0.0020557712440260056,3.3837436160013112,4.768886131432441,-1.3851425154311299,49.68587804841208,34.257466043960754,40.802493152687674,6.855002267020089,0.4198971032927656,0.050487037850758525,0.00755475359657324,-6.280029296875,-0.009272837647655963,1.9301204804433487,0.28603429355745935,0.014710040013928645,0.022176924413335408,-0.023887521778608423,0.3514541489196066,-50.515564617837036,-65.74253395603925,bull,medium,neutral,high,end_week,1
2025-11-10,677.239990234375,682.1799926757812,675.030029296875,681.4400024414062,2025,11,10,0,0.01560432239211762,-0.0027804962967058477,0.0028225712465819175,0.010117635406820646,0.02336942344562898,0.0071333699594378075,0.012502734076110578,3.588122732931879,4.532733451732329,-0.9446107188004502,58.05683943296222,71.00732679206479,43.93927852482235,7.440717424665179,0.7060268435515041,0.04910833575087737,0.007580249851608509,-3.79998779296875,-0.005545484570550263,2.227411747479055,-0.028068635158234323,0.0104924327208411,0.020489020478972497,-0.008655947977472933,0.37254267515751294,48.156857264641346,-28.992673207935216,bull,high,neutral,normal,start_week,1
2025-11-11,679.9500122070312,683.5700073242188,678.72998046875,683.0,2025,11,11,1,0.0022892661907207845,0.011492224805778273,0.00571919460369541,0.010873925111555272,0.02439746021516398,0.007975236437284705,0.013707749780202505,3.8318027838287207,4.392547318151608,-0.560744534322887,62.446759275456344,76.48292557521745,60.58257280374767,7.165004185267857,0.7312442498457989,0.047023548126305464,0.007557035865075017,-4.05999755859375,-0.005909232924374286,2.4231011009384145,-0.2297889227302049,0.0070864229216233525,0.01857204845218119,-0.00638649755580567,0.37568479069907235,62.33671785014298,-23.517074424782553,bull,high,neutral,low,start_week,1
2025-11-12,684.7899780273438,684.9600219726562,680.9500122070312,683.3800048828125,2025,11,12,2,0.0005563761095350728,0.008559856617199602,0.006873286172584647,0.010075187172247535,0.023750088284917092,0.007213338517150891,0.013200630429395455,4.009366714256316,4.315911197372549,-0.30654448311623295,60.10784132586642,77.81674450490596,75.1023322907294,7.100716727120536,0.7207839457124062,0.04563369469522728,0.0075293284004001315,-4.010009765625,-0.005833674740934214,2.569772179738023,-0.17545923199179803,0.005867906197098414,0.016761594874054042,-0.005833674740934214,0.37645018885086823,69.67509666002648,-22.18325549509405,bull,high,neutral,normal,mid_week,0
2025-11-13,680.5,680.8599853515625,670.52001953125,672.0399780273438,2025,11,13,3,-0.016594027882646856,0.002580866278365068,-0.008697016415343484,-0.007522181555914331,0.006071067579184186,-0.008050556275189802,-0.003345755548509466,3.1981754380666416,4.092364045511368,-0.8941886074447263,45.88661730279751,38.013196795064054,64.10428895839583,7.540004185267857,0.3141900576926607,0.04048320268821911,0.008361220847920021,-7.7900390625,-0.01145880421086276,1.9169515296712685,0.3754559385735383,0.015385938572677876,0.01489764909324176,-0.022330898462271764,0.3536093360380024,-27.717763635609796,-61.986803204935946,bull,high,neutral,high,end_week,0
2025-11-14,665.3800048828125,675.6599731445312,663.27001953125,671.9299926757812,2025,11,14,4,-0.00016365894166792128,0.0014307972257687762,-0.0073760315213105,-0.00823678066565936,0.005163359423952851,-0.006958166754445161,-0.003249795532750399,2.5174065134281136,3.777372539094717,-1.2599660256666034,37.998227838348036,37.627147692703204,51.15236299755774,7.832859584263393,0.2785617645128201,0.03719674087692157,0.00828688080195703,-10.1300048828125,-0.014852073012744382,1.3726554250989569,0.28726645402896556,0.01843935193894468,0.012632569173683716,-0.022490902752730912,0.35338780576663464,-85.90827455483223,-62.372852307296796,bull,high,neutral,high,end_week,0
2025-11-17,669.7000122070312,673.7100219726562,662.1699829101562,665.6699829101562,2025,11,17,0,-0.009316461288915168,-0.023142198102181433,-0.014050102245070417,-0.0170681038911229,-0.0047026665277831725,-0.013750277433702496,-0.011618177636109062,1.4559781551179185,3.3130936622993574,-1.857115507181439,32.1422893481717,15.654483911050173,30.431609466272477,8.36572265625,0.06902514726224566,0.03960347983808882,0.008231866011519894,-17.6700439453125,-0.025858347602766507,0.8600036426674071,0.1788495933666716,0.01733597632275621,0.009480639674056546,-0.03159782841679748,0.34077902066531984,-118.8094025867405,-84.34551608894982,bull,high,neutral,high,start_week,0
2025-11-18,662.0999755859375,665.1199951171875,655.8599853515625,660.0800170898438,2025,11,18,1,-0.008397503213040225,-0.03355780806757869,-0.02012941529862089,-0.024514932602892947,-0.01334834759476633,-0.01870613214072725,-0.018469951943025142,0.1618591974983019,2.6828467693391467,-2.5209875718408448,29.04070472794656,14.029352861325687,22.43699482169302,8.578578404017858,-0.043372415532092985,0.04511626262604242,0.008423011096426018,-15.15997314453125,-0.022451237136102198,0.20953894537014334,0.43724948110921114,0.014028617025024432,0.006920370720099767,-0.039729988764182655,0.3295198245313058,-174.71561899287636,-85.97064713867431,bull,high,oversold,high,start_week,1
2025-11-19,660.780029296875,667.3400268554688,658.75,662.6300048828125,2025,11,19,2,0.003863149507556951,-0.030363779817582204,-0.014156157233181643,-0.020372253093692838,-0.009845202381964846,-0.012649620294580166,-0.013605676962626156,-0.6504783863543935,2.0161817382004386,-2.666660124554832,35.70004110277215,22.61195383834451,17.431930203573454,8.652151925223214,0.07075807645300021,0.047461005032660084,0.00841810980389425,-14.95001220703125,-0.022063832801977323,0.7035767405081849,0.17862519530862286,0.012963534388980642,0.0043728577125539125,-0.036020322143155314,0.334655958386731,-138.18114827515603,-77.3880461616555,bull,high,neutral,high,mid_week,0
2025-11-20,672.9099731445312,675.5599975585938,651.8900146484375,652.530029296875,2025,11,20,3,-0.015242255122032589,-0.029030934718700552,-0.02660776714786517,-0.033930747105358705,-0.02478875678104886,-0.023537976415545336,-0.026575408919818244,-2.0852084103439665,1.1959037084915578,-3.2811121188355243,28.2900032936155,1.8873935573750722,12.842900085681755,9.92572021484375,-0.09633325321021413,0.056898968693596806,0.008903434269618997,-17.77996826171875,-0.026524993400780295,-0.2294228872090341,0.9369988894923287,0.03627416647117608,0.0018687331842441868,-0.05071354632550418,0.3143127917688595,-147.89026684740583,-98.11260644262492,bull,high,oversold,high,end_week,1
2025-11-21,655.0499877929688,664.5499877929688,650.8499755859375,659.030029296875,2025,11,21,4,0.009961227389035265,-0.019198374115636074,-0.015157477648689022,-0.0229897873501822,-0.015122147296536603,-0.01171129787025682,-0.015648180698798808,-2.6670030626394237,0.4233223542653616,-3.0903254169047853,33.4016224357206,23.981362025126195,16.160236473615257,10.485722133091517,0.12247974312134204,0.060896831180032585,0.009013100274817647,-11.93994140625,-0.017795045870291126,0.4386826198324123,0.4115633999405339,0.020788145604909557,3.587411322181211e-05,-0.041257488103121576,0.32740496034798694,-138.61069164535303,-76.01863797487381,bull,high,neutral,high,end_week,1
2025-11-24,662.6900024414062,670.0599975585938,661.5900268554688,668.72998046875,2025,11,24,0,0.014718526835907575,0.004596868774548124,0.0012396706600725782,-0.007394883979756739,-0.0008597251746146339,0.002397678531075309,-0.0010741404706221536,-2.3186466077055456,-0.12507143812881982,-2.193575169576726,45.6501312383056,52.41858858853485,26.095781390345376,10.647862025669642,0.3757520689988113,0.05951715992506982,0.009257260678276754,-12.71002197265625,-0.018651710975463476,0.8598615442363896,-0.09283703171098912,0.012665755911209374,-0.002096796497588982,-0.02714621071304202,0.3469424058789856,-59.65294582262946,-47.58141141146515,bull,high,neutral,normal,start_week,1
2025-11-25,668.6300048828125,676.2100219726562,664.47998046875,675.02001953125,2025,11,25,1,0.009405947461920139,0.022633623279907145,0.011866239115111643,0.0028375983995914122,0.008085682612451128,0.00998859299831012,0.007700534404836645,-1.5175249402194595,-0.4035621385469478,-1.1139628016725118,48.375223032529625,70.85901810653492,49.08632290673199,11.007864815848214,0.5501058790189158,0.056632045084373875,0.009523605124157872,-7.97998046875,-0.011683719573572504,1.2660958290435171,-0.09549198522903879,0.017377323878559735,-0.003736221603723777,-0.017995599082878844,0.3596116753829157,-11.64886821438178,-29.140981893465078,bull,high,neutral,high,start_week,1
2025-11-26,677.6300048828125,681.7000122070312,676.719970703125,679.6799926757812,2025,11,26,2,0.006903459171132775,0.025730781382264922,0.019417023787730914,0.01033928463405176,0.01442382869414871,0.01431427070975344,0.013556720061335792,-0.5008360331926269,-0.42301691747608366,-0.07781911571654326,56.15071860816945,84.52060358695127,69.26607009400702,10.852146693638392,0.6917904868226699,0.053909267374724,0.009677545374870231,-3.70001220703125,-0.005414282215742805,1.6141174212498277,-0.19189016570503536,0.007327038543978171,-0.004898088787088972,-0.011216371795274793,0.3689976990725172,61.278125891454366,-15.479396413048729,bull,high,neutral,normal,mid_week,1
2025-11-28,680.8599853515625,683.6699829101562,680.5,683.3900146484375,2025,11,28,4,0.0054584834225450685,0.04729282020141712,0.023239599611996065,0.01558548551830441,0.019318128252852507,0.016745764243540018,0.01765022991702958,0.597378806692177,-0.21893777264243153,0.8163165793346085,57.83896019846834,95.39722899693841,83.59228356347485,10.432146344866071,0.7835528681815062,0.054965007472002836,0.009436295189531917,11.35003662109375,0.016888930706785876,1.8014982750518875,-0.4381654318072893,0.004638614615677422,-0.00383240773776794,-0.005819112752235345,0.3764703503184068,90.17552404761828,-4.602771003061595,bull,high,neutral,low,end_week,0
2025-12-01,678.8099975585938,682.989990234375,678.739990234375,680.27001953125,2025,12,1,0,-0.004565467815318525,0.032229169066902985,0.017297679749894046,0.011083341065014407,0.014163159595629748,0.010222678351847314,0.01202932039699034,1.2021073037299175,0.06527124263203826,1.1368360610978792,49.186041475409695,86.25037800232259,88.72273686207075,9.963575090680804,0.7034880281528016,0.05446679672325342,0.009469059545494376,8.34002685546875,0.012412047306084473,1.3940504911373226,-0.2907783583868885,0.00624751918793735,-0.0030812221601005385,-0.01035801359556987,0.37018611923528777,74.29011055940506,-13.74962199767741,bull,high,neutral,normal,start_week,1
2025-12-02,681.9199829101562,683.8200073242188,679.3300170898438,681.530029296875,2025,12,2,1,0.0018522200441719594,0.019140832925051088,0.016770401119095224,0.013092360649182844,0.015596777184225363,0.010214238838848422,0.012860663333559064,1.7627118077411978,0.4047593556538702,1.3579524520873276,48.973053090477414,89.94433300707334,90.5306466687781,9.938572474888392,0.7430222058104998,0.053873104334308856,0.00946879357679061,15.86004638671875,0.02382568959679121,1.652829419103589,-0.2728443750457332,0.006588103298995145,-0.0011542664239421185,-0.008524978871797484,0.3727240054295815,84.2980081145215,-10.055666992926659,bull,high,neutral,normal,start_week,1
2025-12-03,680.5700073242188,684.9099731445312,679.6900024414062,683.8900146484375,2025,12,3,2,0.00346277529986061,0.01314034378320672,0.01667979989702406,0.015947307362728314,0.01848583235115364,0.01157836057173589,0.015137176879165049,2.370104916618402,0.7978284678467766,1.5722764487716254,50.34670990720655,97.00540643216692,91.06670581385428,10.024998256138392,0.785886870016357,0.055781881000046586,0.009078640094924342,23.80999755859375,0.03607138065407156,1.8519573412949322,-0.3306690362819865,0.007632763443414792,0.0017764024172728377,-0.005091723658205982,0.3774774402091088,89.45031826849363,-2.9945935678330726,bull,high,neutral,low,mid_week,1
2025-12-04,685.2999877929688,685.3699951171875,681.3400268554688,684.3900146484375,2025,12,4,3,0.0007311117128343536,0.006929764041035957,0.014142485901121216,0.016176069195243725,0.018523913711596673,0.010403155394048014,0.01468583280967195,2.858859005720319,1.2100345754214854,1.6488244302988337,59.846959284200814,97.16112423440882,94.70362122454969,9.394282749720983,0.7814973351924386,0.05746437771492692,0.009054977225397144,21.760009765625,0.03283885366687156,2.052294988131303,-0.27003063865766863,0.005888408912261664,0.004320327637770127,-0.0043643345641765086,0.378484530099811,90.75108923812611,-2.838875765591185,bull,high,neutral,normal,end_week,1
2025-12-05,685.469970703125,688.3900146484375,684.5800170898438,685.6900024414062,2025,12,5,4,0.0018994838690575833,0.003365556627501931,0.011100578611852763,0.016945126655363074,0.01961975323091747,0.010406917106938085,0.01536369717811703,3.3129091387212384,1.630609488081436,1.6822996506398025,60.76684725713892,92.80764678338232,95.65805914998602,8.795000348772321,0.7852307614524481,0.05940848234277159,0.008659513047717006,33.15997314453125,0.0508175434933813,2.319831423620001,-0.06339685504358095,0.0055564432105298526,0.00842564508346011,-0.002473140678222796,0.3811029392284808,99.93571869675446,-7.192353216617674,bull,high,neutral,normal,end_week,0
2025-12-08,686.5900268554688,686.6400146484375,681.5700073242188,683.6300048828125,2025,12,8,0,-0.0030042694967975514,0.004939193636488204,0.004419480364237005,0.012938999006626428,0.015897600558075542,0.006230258112415399,0.011390787376282407,3.4665621825380413,1.9978000269727572,1.468762155565284,65.0419221304478,87.32017897557296,92.42964999778803,8.332855224609375,0.7141669304138408,0.06041548516208331,0.008709811062931332,24.5999755859375,0.037327548810155875,1.9425369170647517,-0.32919888324302826,0.00741630309963918,0.011427616069011437,-0.0054699801939195325,0.3769537337962192,74.09464667081687,-12.679821024427044,bull,high,neutral,low,start_week,0
2025-12-09,683.1500244140625,685.3900146484375,682.5900268554688,683.0399780273438,2025,12,9,1,-0.0008630792259767261,0.0022155278059083905,0.0014470561394335224,0.011944801817193929,0.0144371014246234,0.004533169735905451,0.009731193406231409,3.5003729699064934,2.2983146155595042,1.2020583543469892,70.98718595319815,85.74845217346063,88.62542597747198,7.832140241350446,0.6965744524805014,0.06076477215867459,0.008003390000020323,14.30999755859375,0.021398767778533,1.5808796016436597,-0.2841871993961207,0.004099302944251178,0.012971275121888448,-0.006328338393624455,0.37576531363344867,68.62540985476231,-14.251547826539372,bull,high,overbought,low,start_week,1
2025-12-10,682.5599975585938,688.969970703125,681.3099975585938,687.5700073242188,2025,12,10,2,0.006632158354709983,0.005380971496817377,0.006237303621485113,0.018311450664760365,0.02051661317493081,0.009456736686787481,0.01519252230469581,3.848342471214778,2.608320186690559,1.240022284524219,72.00071071292044,96.32748279583322,89.79870464828893,7.765707833426339,0.7946588875908464,0.062144572710757594,0.008122577601055368,12.54998779296875,0.018592023095379773,1.8833712878027842,0.03472902274847489,0.01114064468044669,0.014190797242413788,0.0,0.38488960705238306,83.24060409143576,-3.6725172041667866,bull,high,overbought,high,mid_week,1
2025-12-11,685.1400146484375,689.25,682.1699829101562,689.1699829101562,2025,12,11,3,0.0023270002601829542,0.006984275280775609,0.007180015732592526,0.020243625683723065,0.02226259581223533,0.009971363985848525,0.01623340512562277,4.204745774295134,2.927605304211474,1.2771404700836597,88.02403402159413,99.79162229434822,93.95585242121403,6.580710274832589,0.816457260369195,0.06396954097405098,0.008134415046792819,9.489990234375,0.013962438701505153,2.132744046462665,0.026012472594605818,0.010273252267817848,0.0149750589209936,0.0,0.3881122455283186,87.16702639882617,-0.2083777056517883,bull,medium,overbought,high,end_week,0
2025-12-12,688.1699829101562,688.8800048828125,679.1699829101562,681.760009765625,2025,12,12,4,-0.010752025375860397,-0.005731442287022492,-0.003411806799027972,0.008548315839570941,0.010895130348743454,-0.0007513804228247434,0.00491180784493106,3.844952831853675,3.1110748097399146,0.7338780221137604,73.15135088090116,72.92119484267876,89.68009997762006,6.316423688616071,0.6330514432053822,0.06424820079836026,0.0075757413618368205,-1.6300048828125,-0.0023851751530947762,1.5443691269850583,0.3395862978773425,0.01424258072278888,0.014355916762186949,-0.010752025375860397,0.3731872274398558,54.73376159069648,-27.07880515732125,bull,medium,overbought,high,end_week,0
2025-12-15,685.739990234375,685.760009765625,679.25,680.72998046875,2025,12,15,0,-0.0015108385386657375,-0.0042420964459563,-0.004984392025736528,0.00636951175398992,0.00902311886354723,-0.0019138904730906514,0.003141384742959108,3.4370790688583384,3.1762756615636,0.2608034072947385,64.84412042727584,65.60350095606064,79.43877269769587,5.993569510323661,0.5991536387997584,0.06423880990241072,0.007590226216296586,0.4599609375,0.0006761446547607353,1.0987698284999097,0.07887062106432197,0.009563277587895004,0.014077679563038625,-0.012246619340219533,0.3711125632558361,41.03780216952441,-34.396499043939365,bull,medium,neutral,high,start_week,0
2025-12-16,679.22998046875,681.0800170898438,674.97998046875,678.8699951171875,2025,12,16,1,-0.0027323394075896568,-0.006105034909083096,-0.00731714308980258,0.0026414674640558022,0.006049597847569865,-0.0039298062900987585,0.00037078715476690505,2.929975960758952,3.1270157214026706,-0.19703976064371842,55.34867550791981,27.26005132591959,55.26158237488634,5.591426304408482,0.542290518871786,0.06246003914172953,0.00726994669091715,-2.6600341796875,-0.0039030329777718364,0.5438807192021695,0.42308069742156373,0.008985574064207615,0.013465268231766858,-0.014945496827176052,0.3673662183670108,10.269790387698082,-72.73994867408041,bull,medium,neutral,high,start_week,0
2025-12-17,679.8900146484375,680.4400024414062,671.2000122070312,671.4000244140625,2025,12,17,2,-0.011003536401451242,-0.023517580374228575,-0.016443838983244863,-0.009219368828051522,-0.0050877393744471755,-0.012628244757903806,-0.009856682152050378,1.9033878175741847,2.8822901406369734,-0.9789023230627887,39.32993445010925,1.108101619377069,31.323884633785767,5.774283272879464,0.34217013999326906,0.05841333716990171,0.007468041136891993,-12.489990234375,-0.018263156307079087,0.0434165204901345,0.29297142587988234,0.01376227271132263,0.011545959507851755,-0.025784579910251737,0.3523203544090947,-31.2916096816396,-98.89189838062293,bull,medium,neutral,high,mid_week,1
2025-12-18,677.5999755859375,680.739990234375,674.9000244140625,676.469970703125,2025,12,18,3,0.007551304892321253,-0.018427982242353202,-0.007865598961783071,-0.0027560451484309745,0.0023253351913230524,-0.004380046564474327,-0.0022039145031184093,1.481829998336707,2.60219811217692,-1.1203681138402133,41.38438858323961,29.196465707010763,19.18820621743581,6.156424386160714,0.4494914496420301,0.0545659126800909,0.007590193200726263,-7.9200439453125,-0.011572413062427511,0.5002647232320234,0.25962010055040063,0.00863300083260521,0.010271727441808043,-0.018427982242353202,0.3625321377173296,-11.718474474349076,-70.80353429298924,bull,medium,neutral,high,end_week,1
2025-12-19,676.5900268554688,681.0900268554688,676.469970703125,680.5900268554688,2025,12,19,4,0.0060905233502994705,-0.001716121352671407,-0.0010758057389922415,0.0012468279776065572,0.008148293857737743,0.001424384873147,0.0035852545794925472,1.463328152131453,2.374424120167827,-0.9110959680363742,50.38873607022904,52.022277001734686,27.442281442707507,6.154283796037946,0.5303419871722438,0.04109249570664885,0.006614713014144218,-5.0999755859375,-0.0074377277892035965,0.9190314314817312,0.24561230646851628,0.0067883100986504364,0.009234033623095605,-0.012449694948199808,0.3708306715176306,-0.7105797008168282,-47.977722998265314,bull,medium,neutral,high,end_week,1
2025-12-22,683.9400024414062,685.3599853515625,680.5900268554688,684.8300170898438,2025,12,22,0,0.006229874178387496,0.00602299992468458,0.004970361168734616,0.005576110969093273,0.013473839309288582,0.006476553792873929,0.009102130640634698,1.770389138591554,2.253617123852573,-0.48322798526101884,53.73809612701521,75.51254349391846,52.243762067554634,6.174281529017857,0.6869279823161111,0.02983026350577973,0.006432257941292763,1.20001220703125,0.0017553533321537085,1.1834913936061746,-0.13542147157600526,0.006965171468919378,0.008461421818116932,-0.0062973808028987666,0.3793707741210599,51.23343436833687,-24.48745650608154,bull,medium,neutral,normal,start_week,1
2025-12-23,683.9199829101562,688.2000122070312,683.8699951171875,687.9600219726562,2025,12,23,1,0.0045704843606495515,0.013389937573982102,0.008835179713889918,0.008747900376647522,0.017355525551160156,0.009356596251865135,0.012685461531589226,2.2404756099333554,2.2509888210687294,-0.010513211135374068,54.53129565577837,92.85330249449669,73.46270766338328,6.110713413783482,0.8387906436279716,0.025820962122713054,0.00573363226459188,4.9200439453125,0.00720315662857951,1.4129203179742509,-0.18615994956802406,0.006293995219995285,0.008445726327353631,-0.0017556785227219596,0.3856751666717173,107.93670894012439,-7.146697505503312,bull,medium,neutral,normal,start_week,1
2025-12-24,687.9500122070312,690.8300170898438,687.7999877929688,690.3800048828125,2025,12,24,2,0.003517621421107009,0.02826925793652446,0.011966886475751615,0.011157620378587918,0.02008490981868083,0.010899774413508867,0.015026087452122638,2.776291560542063,2.3560493689633963,0.4202421915786667,56.395468562238186,97.70752880746724,88.6911249319608,6.039289202008929,0.9269055621412706,0.02613603889961914,0.005446747354975454,2.80999755859375,0.004086853016654013,1.5345942806874764,-0.49161555404619917,0.00438892968429659,0.008022024684227524,0.0,0.39054944732069763,169.21961317477266,-2.2924711925327563,bull,medium,neutral,low,mid_week,0
2025-12-26,690.6400146484375,691.6599731445312,689.27001953125,690.3099975585938,2025,12,26,4,-0.0001014040437492536,0.020459188810825424,0.011695209969773801,0.01026863513124443,0.019224264220530696,0.009120996334119669,0.01380248293497588,3.158867102129193,2.5166129155965558,0.6422541865326372,55.06578683192569,93.4018662593671,94.65423252044367,5.924285888671875,0.8731052721260946,0.027522085315840775,0.005279258089688996,1.1400146484375,0.0016541850003732872,1.2988295817107902,-0.45300921956678375,0.003462145444414471,0.007442018284322893,-0.0001014040437492536,0.390408439983706,164.87194715102052,-6.598133740632905,bull,medium,neutral,low,end_week,0
2025-12-29,687.5399780273438,689.2000122070312,686.0700073242188,687.8499755859375,2025,12,29,0,-0.003563648189011559,0.010667139458407693,0.007190941080477353,0.006339966416204934,0.01477673886859221,0.004670897952864017,0.009427742891173319,3.226366219774718,2.6585635764321887,0.5678026433425294,54.58692467730978,81.37827549997614,90.82922352227017,5.864998953683036,0.725197968187575,0.028152857981934485,0.005244653300174896,6.0899658203125,0.008932711999939835,0.9900172976509597,-0.18483048091216325,0.0045504179601754575,0.007531638221425219,-0.003664690864423892,0.3854535134645718,92.61250663369378,-18.621724500023866,bull,medium,neutral,normal,start_week,0
2025-12-30,687.4500122070312,688.5599975585938,686.5800170898438,687.010009765625,2025,12,30,1,-0.0012211468345215692,0.0031832609864927974,0.00503682206566336,0.004615763949266327,0.012861543316485813,0.0029126505626622112,0.007583436709778679,3.1754766172239215,2.7619461845905353,0.4135304326333862,54.29193186751989,77.27286287050737,84.0176682099502,5.806427001953125,0.6641477230138387,0.028119573421541064,0.005132181418585452,6.280029296875,0.00922543369185913,0.7388696552627766,-0.3798083128518156,0.002882025648251435,0.00778550703718528,-0.004881362573296966,0.3837616712922278,77.92295360431264,-22.727137129492625,bull,medium,neutral,low,start_week,0
2025-12-31,687.1400146484375,687.3599853515625,681.7100219726562,681.9199829101562,2025,12,31,2,-0.007408955885817803,-0.008779636707930805,-0.002854364931760056,-0.0028558199919269667,0.005042575774897751,-0.0038254847269109105,0.00010953188828244365,2.6933760499205164,2.7482321576565316,-0.054856107736015236,43.96493048945542,52.394873753042816,70.34867070784212,5.662854875837054,0.3982438378120111,0.028065327254097786,0.005414332960631231,3.04998779296875,0.004492742078610057,0.3522192199682223,-0.03207351117667978,0.008285375880604805,0.007919545980981546,-0.012254152659146422,0.3735094421131382,-3.9877407680483654,-47.605126246957184,bull,medium,neutral,normal,mid_week,1
2026-01-02,685.7100219726562,686.8699951171875,679.8200073242188,683.1699829101562,2026,1,2,4,0.0018330596423725698,-0.01044355560946486,-0.002742893013433889,-0.0009754029133240971,0.00653240611293282,-0.0016923522456214757,0.0017986229269222331,2.3846832857948357,2.6755223832841923,-0.29083909748935666,43.54282711508145,58.504367333301516,62.7240346522839,5.660709926060268,0.4652656742328582,0.0280818150858362,0.00537224949038845,11.76995849609375,0.01753047075976122,0.7636693428041675,0.14280497469460518,0.010319522182367159,0.009300810253831449,-0.01044355560946486,0.37602716683989335,-12.884862654447199,-41.495632666698484,bull,medium,neutral,high,end_week,1
2026-01-05,686.5399780273438,689.4299926757812,686.3800048828125,687.719970703125,2026,1,5,0,0.006660110816910869,-0.0037519764520705934,0.0022530315661737355,0.005433412845494923,0.012641630431461603,0.004190755203513863,0.007838334323658325,2.478616091849972,2.6361411249973483,-0.15752503314737654,56.83482141607241,80.74286430241993,63.880701796254755,5.393567766462054,0.6904651110529931,0.02852707677251833,0.005576674975777503,11.25,0.01663044996410812,1.1167254859724725,-0.0861335215601412,0.0044349268930644,0.010365245639670562,-0.003853000030235587,0.3851916602581271,78.37917278404151,-19.25713569758007,bull,medium,neutral,normal,start_week,1
2026-01-06,687.9299926757812,692.3200073242188,687.780029296875,691.8099975585938,2026,1,6,1,0.005947227112347964,0.005757101276747001,0.006567769186055283,0.010960684486175598,0.01806291785054359,0.00858595738667578,0.012794462747902191,2.8502337820234516,2.678959656402569,0.1712741256208825,61.87314987893684,97.5851804756813,78.94413737046757,5.25714111328125,0.8625125853462243,0.03023532128052161,0.005711227591057405,11.219970703125,0.016485652537350015,1.4646149098680168,-0.11423758445496157,0.006562463744908847,0.011420143795964899,0.0,0.39342970965581237,122.58598189282753,-2.4148195243187005,bull,medium,neutral,normal,start_week,0
2026-01-07,692.1900024414062,693.9600219726562,689.3200073242188,689.5800170898438,2026,1,7,2,-0.0032234001772446508,0.0037408586304230607,0.0026302664787671848,0.0072640499235727685,0.014413167791743398,0.004510428335584571,0.008817683723554737,2.931015766481096,2.7293708784182744,0.20164488806282144,61.38638018322239,80.75569857870742,86.36124778560288,5.152853829520089,0.7345340926905345,0.030972255846648533,0.005718428763641023,4.75,0.0069360277462500175,1.0166154157432392,-0.04591481994944968,0.006728754507735342,0.011751990446446037,-0.0032234001772446508,0.38893812808273,111.71547551810713,-19.244301421292572,bull,medium,neutral,normal,mid_week,0
2026-01-08,688.8200073242188,690.6199951171875,687.489990234375,689.510009765625,2026,1,8,3,-0.00010152168346500012,0.011130377530627067,0.002302594907567679,0.006686095162858008,0.014182772043485503,0.0037276976520141947,0.008064485298778346,2.9553199761157884,2.7745606979577775,0.18075927815801096,72.84883058318368,76.65260872489024,84.99782925975965,4.716426304408482,0.7121381963977567,0.0315176393331901,0.005711764054170867,1.54998779296875,0.002253020151555152,0.6172478549344514,-0.19484250057224495,0.004539462572670173,0.011852884743866365,-0.0033245946156971184,0.38879712074573836,72.94038378661904,-23.347391275109757,bull,low,overbought,normal,end_week,1
2026-01-09,690.6300048828125,695.3099975585938,689.1799926757812,694.0700073242188,2026,1,9,4,0.006613388484590255,0.015955069289828483,0.00839031555946157,0.012863097145607627,0.020679475343221565,0.008757044682007997,0.013625139053411228,3.3044433646790594,2.880537231302034,0.42390613337702554,72.49490204277136,93.41832023973434,83.60887584777734,4.487143380301339,0.8833441430030106,0.03355495937629733,0.00571070265596661,3.69000244140625,0.005344886026982465,1.0564497574215879,0.011250079037929517,0.00883196913585838,0.012186907781776668,0.0,0.39798177563151027,119.65228026469282,-6.581679760265652,bull,low,overbought,normal,end_week,1
2026-01-12,690.6799926757812,696.0900268554688,690.6300048828125,695.1599731445312,2026,1,12,0,0.0015703975230316747,0.010818360318662235,0.009262726177577951,0.014010508832022373,0.022048783583479503,0.008736342175892586,0.014073889394432326,3.627264451188921,3.0298826752794112,0.5973817759095099,70.18559169826382,94.28363494492963,88.1181879698514,4.547140938895089,0.8931363631685164,0.03563778409888983,0.005700362499275939,4.8499755859375,0.007025793633425925,1.3820829880999574,-0.18109907650283896,0.007854338833632834,0.012668710608511935,0.0,0.40017716274920545,122.27237800379079,-5.716365055070376,bull,low,overbought,normal,start_week,0
2026-01-13,695.489990234375,696.0900268554688,691.3499755859375,693.77001953125,2026,1,13,1,-0.001999473023445053,0.002833179600718605,0.006379752121681959,0.011097368266814067,0.01958729405279014,0.005679775570097467,0.011144015276017827,3.727971117324273,3.169500363688384,0.558470753635889,63.44768574539619,85.740599021638,91.14751806876734,4.545004708426339,0.8020456577896674,0.03674069790647923,0.005099552030513626,5.9200439453125,0.008606591779362294,0.8789508613467059,0.025241715308883972,0.006832309174636711,0.01312381524296713,-0.001999473023445053,0.3973775462842446,107.00463410214185,-14.259400978361993,bull,low,neutral,normal,start_week,0
2026-01-14,691.0,691.719970703125,686.0399780273438,690.3599853515625,2026,1,14,2,-0.004915222744839132,0.0011310772388828383,0.0009467654058048502,0.005422058296437937,0.014328341156864433,0.0006232362999367691,0.005714069363718544,3.492362831531409,3.2340728572569892,0.2582899742744198,53.57990207414178,64.78159418985024,81.60194271880596,4.787863595145089,0.6493106656547857,0.036313938275340886,0.005238683404689286,3.3499755859375,0.004876167069356674,0.27335969206345,0.23639209569496455,0.0082275809668904,0.01336891852149047,-0.0069048679130016,0.3905091243856207,41.6708871239338,-35.218405810149754,bull,low,neutral,high,mid_week,1
2026-01-15,694.5700073242188,695.4500122070312,691.25,692.239990234375,2026,1,15,3,0.0027232240029890775,0.003959305057337659,0.0021730275590734482,0.0071794725519513936,0.016824654504326242,0.002831597799526575,0.007821819186916157,3.417942338083094,3.2708467534222105,0.14709558466088346,52.81987030484284,76.33661954923322,75.61960425357381,4.935006277901786,0.7031776974005507,0.035335928321884494,0.00519151964849753,10.32000732421875,0.015133751148011854,0.7260946463369164,0.04700298723014584,0.0060672776295533455,0.01461985759179596,-0.004200447412050834,0.39429579220952293,89.97463620454735,-23.663380450766784,bull,medium,neutral,normal,end_week,0
2026-01-16,693.6599731445312,694.25,690.0999755859375,691.6599731445312,2026,1,16,4,-0.0008378844014015341,-0.0034723214578579187,0.00010407751486440908,0.004854549828937849,0.01548282124109801,0.001684464663453511,0.0064572006086272005,3.274415604275987,3.271560523592966,0.002855080683020983,52.015491160925826,72.77167551994238,71.29662975300862,5.060725620814732,0.6724419998747867,0.028151783396521007,0.004391657636690984,8.489990234375,0.012427346702513997,0.20412270113345454,0.08914110281972132,0.006000093362631668,0.015377143311371855,-0.005034812324086868,0.39312753351429075,71.03915212019808,-27.228324480057623,bull,medium,neutral,normal,end_week,0
2026-01-20,681.489990234375,684.77001953125,676.5700073242188,677.5800170898438,2026,1,20,1,-0.020356759970762806,-0.02528907982887052,-0.018816205000432906,-0.01568040331114573,-0.0051891188053402315,-0.015874334634565668,-0.013005189924003902,2.0014632289332894,3.017541064661031,-1.0160778357277414,38.616741602070675,5.1742251794782,51.42750674955127,5.835723876953125,-0.07343640944968811,0.02734462453507929,0.006359495621917661,-10.13995361328125,-0.014744305887924303,-0.5181494093386517,0.5301676897412844,0.012101909737907706,0.013888413429309354,-0.02528907982887052,0.3647679707058795,-163.6990959567125,-94.8257748205218,bull,medium,neutral,high,start_week,1
2026-01-21,679.6500244140625,688.739990234375,678.1300048828125,685.4000244140625,2026,1,21,2,0.011541083159159804,-0.012064509681238067,-0.00657017026826312,-0.004668031957551166,0.005846387619396598,-0.003824275982629799,-0.0014948090527857616,1.6051454196543773,2.7350619356597003,-1.129916516005323,48.45461085814853,45.23569802636516,41.06053290859524,6.491437639508929,0.31736182813841135,0.025558906497863857,0.006735345299599247,-6.40997314453125,-0.009265511003240912,0.2695439306679928,0.7238856827865341,0.015479989748516287,0.012498676319204982,-0.014039860043034369,0.38051887134875373,-90.2113780525371,-54.76430197363484,bull,medium,neutral,high,mid_week,1
2026-01-22,689.8499755859375,691.1300048828125,686.9199829101562,688.97998046875,2026,1,22,3,0.005223163010167564,-0.0019989641811434256,-0.001294466634660596,0.00022935301008009112,0.010565896805927677,0.001166524403695579,0.003444001148855902,1.5619282980046592,2.5004352081286925,-0.9385069101240333,56.9790551718895,63.57561848062636,37.99518056215657,6.497153145926339,0.509165665776268,0.02502306059141246,0.006692905903883563,-0.60003662109375,-0.0008701479251472799,0.7434174374188329,0.03452936729889755,0.006110514226831303,0.011875736184841612,-0.008890029510511432,0.38772954645242086,5.730014885908407,-36.42438151937364,bull,medium,neutral,normal,end_week,1
2026-01-23,688.1500244140625,690.9600219726562,687.1599731445312,689.22998046875,2026,1,23,4,0.00036285524556167736,-0.004348217104021779,-0.000891525854055164,0.0005000620221149443,0.010701620382623567,0.0012941440496618828,0.00352502979010505,1.5302119970198191,2.3063905659069177,-0.7761785688870986,56.11134569386089,64.85635490406985,57.889223803687116,6.2650146484375,0.5200045300756061,0.024997439091291075,0.006618094848330043,-0.280029296875,-0.0004061279646544458,1.1136659105139803,-0.1529873001688462,0.00551347001118634,0.011603491048946202,-0.008530400058791021,0.38823309139777185,5.61752267606913,-35.14364509593016,bull,medium,neutral,normal,end_week,1
2026-01-26,690.489990234375,694.1300048828125,689.9199829101562,692.72998046875,2026,1,26,0,0.00507813081145958,0.0015470135120789763,0.004377178369255219,0.005409246009105306,0.015544294584660223,0.0053921939750321,0.007977369715345795,1.767127009102751,2.1985378545460845,-0.43141084544333363,55.161775544135814,82.78666483227856,70.40621273899158,6.167872837611607,0.7127539561871037,0.02542489035714225,0.006669345833326707,-1.34002685546875,-0.0019306796739926302,1.4426265180698912,-0.19903126886361833,0.006077435785018936,0.011118448781897161,-0.003495587734704042,0.39528272063268655,73.72151000954713,-17.21333516772144,bull,medium,neutral,normal,start_week,1
2026-01-27,694.1799926757812,696.530029296875,693.5700073242188,695.489990234375,2026,1,27,1,0.003984250492172103,0.026432262895610847,0.008330621422675932,0.009035746763543795,0.01922858451298337,0.007940612376453382,0.01109514681521806,2.1527777034727933,2.1893858243314264,-0.036608120858633075,53.89830639978379,94.78938919042886,80.81080297559242,6.110730852399554,0.8378884596618945,0.026741803412242273,0.006722274860965515,0.33001708984375,0.00047473546031562286,1.711227558729041,-0.2715301363407914,0.004256023830995388,0.010807926347541796,0.0,0.40084187649908665,125.94806512138227,-5.210610809571134,bull,medium,neutral,low,start_week,0
2026-01-28,697.0499877929688,697.8400268554688,693.9400024414062,695.4199829101562,2026,1,28,2,-0.0001006589961060067,0.014619139391860436,0.007987999153074021,0.008380437616287484,0.018428102070188856,0.00662514030443595,0.010170764919822606,2.4248079742982327,2.2364702543247876,0.18833771997344506,56.4831001146444,88.62227680723583,88.73277694331442,6.057874407087054,0.8014470718682128,0.02780069338325274,0.006659234586326862,1.64996337890625,0.002378256961897973,1.2780317077543262,-0.1964359135697218,0.00560815695537233,0.010357368268160583,-0.0001006589961060067,0.400700869162095,119.8818284968555,-11.37772319276417,bull,medium,neutral,normal,mid_week,0
2026-01-29,696.3900146484375,697.0599975585938,684.8300170898438,694.0399780273438,2026,1,29,3,-0.001984419367757506,0.007344186626658145,0.005451417817989634,0.005866714231001824,0.015749322206025873,0.003912853741526723,0.007556690514965991,2.5002181049565024,2.2892198244511306,0.21099828050537184,54.886706162916106,82.13424852505682,88.51530484090718,6.707872663225446,0.7087656726972558,0.028101910410862962,0.006672205801792634,3.67999267578125,0.005330541679508416,0.6546289062434779,0.23961413932374254,0.017621435156388303,0.010242070581972573,-0.002084878614202035,0.39792129122889497,41.61295117911156,-17.865751474943185,bull,medium,neutral,high,end_week,0
2026-01-30,691.7899780273438,694.2100219726562,687.1199951171875,691.969970703125,2026,1,30,4,-0.002982547677011782,0.003975436809222188,0.0024918260638522316,0.0021368441659923576,0.011940792022474334,0.0007771973681396371,0.004213028300997346,2.3656788127431128,2.304511622109527,0.061167190633585555,47.60597327306809,72.4022061017883,81.05291047802699,6.776445661272321,0.5824626841881034,0.025912862127046053,0.006465193394899083,-0.27001953125,-0.00039006635712934834,-0.003807464071484434,0.2725110272309721,0.010246148179326954,0.009425479303629025,-0.0050612080413461324,0.393751924329095,18.677952755591416,-27.5977938982117,bull,medium,neutral,high,end_week,1
2026-02-02,689.5800170898438,696.9299926757812,689.4199829101562,695.4099731445312,2026,2,2,0,0.004971317523953855,0.003868740708995677,0.006928485699386311,0.006226944922603339,0.01592168404478489,0.0048630935189870605,0.00851760885325814,2.507727381830591,2.34515477405374,0.162572607776851,50.27050444853018,88.57521636326071,81.03722366336861,6.922873360770089,0.7531418451048826,0.02459863923336506,0.0065305713167765735,3.75,0.005421739215226262,0.4674087105973099,-0.0029658955648383944,0.01079939899576929,0.008931317837484798,-0.0001150513896206462,0.40068070769455644,76.63641992308237,-11.424783636739285,bull,high,neutral,normal,start_week,0
2026-02-03,696.2100219726562,696.9600219726562,684.030029296875,689.530029296875,2026,2,3,1,-0.008455363130712823,-0.008569441719055604,-0.003310051390769453,-0.002411707134297836,0.0065405938413272136,-0.0030761254374360725,-9.049778139202935e-06,2.1213855562959907,2.3004009305021906,-0.17901537420619995,45.81854603764681,60.930935928927255,73.96945279799208,7.507869175502232,0.40061144097709517,0.02426544018755711,0.006702320213775302,11.95001220703125,0.01763631144016853,-0.3105629102679844,0.32689344018120736,0.01875189205170103,0.009883359660486368,-0.008569441719055604,0.3888374436808153,-18.58547436070176,-39.069064071072745,bull,high,neutral,high,start_week,0
2026-02-04,690.3499755859375,691.4500122070312,681.760009765625,686.1900024414062,2026,2,4,2,-0.0048439179057576665,-0.013272526955761088,-0.008251181868712432,-0.006840182975257902,0.0006816219346110763,-0.006697111887492668,-0.004495063873822369,1.5280798691155724,2.145936718224867,-0.6178568491092946,45.881900518491996,45.22795619935263,64.9113694971802,7.647866385323661,0.2274950924095767,0.02510113684095098,0.006645426286066736,0.78997802734375,0.0011525795144509132,-1.2381219324818507,0.26572941416314544,0.014121456749486349,0.009007123215085011,-0.013371849952627968,0.382110029119183,-98.99911457106894,-54.77204380064737,bull,high,neutral,high,mid_week,0
2026-02-05,680.9400024414062,683.6900024414062,675.7899780273438,677.6199951171875,2026,2,5,3,-0.0124892628772314,-0.023658554881559435,-0.019026776748367502,-0.018394418474700247,-0.012351657583106412,-0.016211494477384902,-0.015693926197892005,0.36217790749390133,1.789184956078674,-1.4270070485847726,37.24702650325301,8.299378854479222,38.15275699425303,8.027151925223214,-0.10390262005167726,0.030459246017389613,0.007156907093570376,-11.3599853515625,-0.016488121097268604,-2.239389444366711,0.336300673885533,0.011658487752706103,0.006804588552514312,-0.02569410828064611,0.3648484936402556,-211.87074704240126,-91.70062114552077,bull,high,neutral,high,end_week,1
2026-02-06,681.4600219726562,692.3099975585938,680.8499755859375,690.6199951171875,2026,2,6,4,0.019184793975496328,-0.0019509164314829297,-0.00040815431579499517,0.00035705699632027077,0.00595426789868303,0.0022517806705057986,0.0029528051224221308,0.48163160813226114,1.5276742864893915,-1.0460426783571304,49.25438838317935,67.25616439872893,40.26116648418693,8.780007498604911,0.5117303572360473,0.030438714621845647,0.008446233086407873,1.3900146484375,0.0020167646327458044,-1.5707401645130115,0.0330723015924439,0.01659381722753576,0.006365020124912135,-0.007002250478898131,0.39103283079851026,-39.38215907027676,-32.74383560127108,bull,high,neutral,high,end_week,1
2026-02-09,689.4199829101562,695.8699951171875,688.3400268554688,693.9500122070312,2026,2,9,0,0.004821779145387506,-0.00209942479095937,0.004234323724051192,0.005189293483916169,0.010247638971756068,0.005987980672744531,0.007207713772201085,0.835374399467355,1.3892143090849842,-0.5538399096176292,63.8752312486808,82.35824927754464,52.637930843584265,8.240007672991071,0.6706240090636358,0.030413618296712328,0.008382940462778179,1.22003173828125,0.0017611937878820871,-0.9768114444147932,-0.1404929335588353,0.010850879932648922,0.005987960285409821,-0.0022142346388404066,0.39774008389260396,50.674503087736014,-17.641750722455352,bull,high,neutral,normal,start_week,0
2026-02-10,694.9500122070312,696.5399780273438,691.6599731445312,692.1199951171875,2026,2,10,1,-0.0026371021797716443,0.0037561320178520763,0.002074748363094736,0.0027592851217503878,0.007218696704735406,0.002820549982658571,0.004213027807363989,0.9570191046060472,1.3027752681891969,-0.34575616358314964,56.33959500294811,74.05887042306543,74.55776136644634,7.791438511439732,0.5925221953939115,0.029822953400563987,0.008394896969050353,-3.3699951171875,-0.0048454976556194795,-1.5212241237699575,-0.2422274657945256,0.0070508075438367205,0.00513329803993523,-0.0048454976556194795,0.3940541004706166,65.06051356741558,-25.941129576934575,bull,high,neutral,normal,start_week,0
2026-02-11,696.3900146484375,697.1400146484375,689.1799926757812,691.9600219726562,2026,2,11,2,-0.00023113498477123073,0.008408778196593802,0.0023452535261578866,0.0026589793043303445,0.00673478054585841,0.002189619765971873,0.0036849495237183394,1.0286571942010596,1.2479516533915693,-0.21929445919050972,53.00528486961403,73.33337024037557,76.58349664699521,7.950727190290179,0.5900240802787357,0.029536311796771627,0.00838409269815376,-3.4599609375,-0.004975354494446527,-2.0638905785674213,-0.11138889861959833,0.011503586507734405,0.004379256552828004,-0.005075512676363858,0.3937318857973342,53.73633046159327,-26.666629759624435,bull,high,neutral,normal,mid_week,0
2026-02-12,694.239990234375,695.3499755859375,680.3699951171875,681.27001953125,2026,2,12,3,-0.015448872914552103,0.005386535876101606,-0.011310969542778215,-0.012180419675404397,-0.008846977769532138,-0.011271041313959507,-0.01095482531200187,0.2202975859459002,1.0424208399024355,-0.8221232539565353,43.36891174006069,24.852740901491412,57.41499385497747,8.749293736049108,0.11577178772235759,0.031701002909705345,0.009010170178421638,-12.76995849609375,-0.01839945666010412,-2.7938751309468937,0.36377191982266566,0.021988315997021304,0.00249218075384805,-0.020445974640602604,0.37220029901669194,-73.54986096733406,-75.14725909850858,bull,high,neutral,high,end_week,1
2026-02-13,681.6900024414062,686.280029296875,677.52001953125,681.75,2026,2,13,4,0.0007045377823615695,-0.0128435249194927,-0.009144796908246988,-0.010732117919384776,-0.008155021355681358,-0.008962186827637053,-0.009505376031509472,-0.37725406501976977,0.7584858589179945,-1.1357399239377641,40.36843818530702,27.029518252377738,41.73854313141491,9.025006975446429,0.1758626802782502,0.03310978793986936,0.008981964546670345,-10.219970703125,-0.01476938470717204,-1.9483599507260867,0.09329189459788245,0.01284929925284195,0.0009989103851675285,-0.019755841819872555,0.3731670659723172,-122.44600687766557,-72.97048174762226,bull,high,neutral,high,end_week,1
2026-02-17,680.1400146484375,684.9400024414062,675.780029296875,682.8499755859375,2026,2,17,1,0.0016134588719287635,-0.01599544120734475,-0.005731085121347568,-0.008502212719452173,-0.006524655677903057,-0.006237455688447913,-0.007325822095903156,-0.7533747811144167,0.45611373091151225,-1.2094885120259289,38.57966890557964,32.04871745921075,27.97699220435997,9.407858712332589,0.24927548943566954,0.03391057659386964,0.008997052940777343,-12.55999755859375,-0.018061284772491026,-1.2976362534145476,-0.07715235538573573,0.013414327410162522,-0.0007981447922993379,-0.01817425818620033,0.37538261455755073,-114.67446778168933,-67.95128254078925,bull,high,neutral,high,start_week,1
2026-02-18,684.02001953125,689.1500244140625,682.8300170898438,686.2899780273438,2026,2,18,2,0.005037713354905549,-0.008423419538481358,-0.0002505914158356104,-0.004137057959237911,-0.0015750095564139865,-0.0010419522269938808,-0.0021531616882539684,-0.7650546370751954,0.21188005731417076,-0.9769346943893662,42.2244839401853,49.20391356775878,36.09404975978242,9.580714634486608,0.36453106739950353,0.030538794982892956,0.0077707819541434405,-3.24005126953125,-0.004698926996457575,-0.7365567056050341,-0.14704567657859235,0.009208945965355396,-0.001324750111584394,-0.013228101534474845,0.3823113979230124,-48.7800606695066,-50.79608643224122,bull,high,neutral,normal,mid_week,0
2026-02-19,683.8400268554688,686.1799926757812,681.5499877929688,684.47998046875,2026,2,19,3,-0.002637365569283623,-0.010809933040035968,-0.0026388468634876983,-0.006697206698378477,-0.004173161011290172,-0.0031127042930740867,-0.004431986197839133,-0.9098742196435978,-0.012470798077382966,-0.8974034215662149,41.917479660952225,40.73013641481075,40.66092248059343,9.04571533203125,0.28229831550234835,0.030763228653156005,0.007362606867628103,-1.71002197265625,-0.0024920531726958517,-1.1151067473984035,-0.29162044236430895,0.006764266326155734,-0.0015383736803636916,-0.01583057976422453,0.37866573743610177,-82.76520465822699,-59.26986358518925,bull,high,neutral,low,end_week,1
2026-02-20,682.3200073242188,690.0599975585938,681.72998046875,689.4299926757812,2026,2,20,4,0.007231785221302411,0.01197759025143319,0.002848109615828598,0.0004534785480290182,0.0028591981431680402,0.003464145652203987,0.0025622041929305173,-0.6180951499309231,-0.133595668448091,-0.48449948148283206,47.95228980401227,63.90436675981964,51.279472247463055,9.134286063058036,0.5147401822921014,0.030764785607298756,0.007451363771001289,11.80999755859375,0.017428643847133385,-0.37321152843031297,0.19173446125224913,0.012082469834991809,1.1057035689931993e-05,-0.008713277895705751,0.38863595194120815,-29.77660448420337,-36.09563324018036,bull,high,neutral,high,end_week,0
2026-02-23,687.8300170898438,690.0,680.3699951171875,682.3900146484375,2026,2,23,0,-0.010211302238274489,0.0009387820292445781,-0.006202564018963352,-0.009270770793075034,-0.007362530444801396,-0.005745058640999834,-0.007110766338922159,-0.9440431841044301,-0.2956851715793588,-0.6483580125250713,40.07926579153711,30.94564552722867,45.19338290061969,9.285714285714286,0.2102281889562812,0.03199334938648084,0.007795848200465727,-8.22998046875,-0.011916800160634677,-0.9939013217847352,0.06145870530147968,0.01411217145047735,-0.0011672060963742181,-0.01883560621990099,0.37445617053700264,-68.35279052691357,-69.05435447277132,bull,high,neutral,high,start_week,1
2026-02-24,681.9000244140625,688.3499755859375,680.0,687.3499755859375,2026,2,24,1,0.007268513358970052,0.006590027327948,0.001983968013790971,-0.0016797496676208556,-0.0001411312643122553,0.0012534576168774514,9.820508023339336e-05,-0.7929908490939397,-0.395146307082275,-0.3978445420116647,48.31525861190667,54.16645235768455,49.672154881577626,8.958570207868304,0.4468186876636768,0.03158533691304916,0.007892672831885468,-6.60003662109375,-0.00951082427407568,-0.4406203155029355,-0.14168605369953202,0.012148069953475287,-0.002120891497211952,-0.011703999716364488,0.3844464235738696,-48.14046634553508,-45.83354764231545,bull,high,neutral,normal,start_week,1
2026-02-25,690.1799926757812,693.6799926757812,690.0999755859375,693.1500244140625,2026,2,25,2,0.008438276037153747,0.009995842291675494,0.010287288207161183,0.006915457881264908,0.008179214828244463,0.008197411520217468,0.007899920623502421,-0.2029261120233059,-0.35670226807048117,0.15377615604717526,55.181674177919916,81.32025762797103,55.47745183762808,8.718571254185267,0.724468892853773,0.03080809012485233,0.008082268856779012,1.030029296875,0.0014882235799307253,-0.0029144105999841306,-0.34472493663990755,0.0051648517113882094,-0.00208660784266379,-0.003364485259556238,0.3961287646546363,68.00269878474518,-18.67974237202896,bull,high,neutral,low,mid_week,0
2026-02-26,693.280029296875,693.2999877929688,684.3499755859375,689.2999877929688,2026,2,26,3,-0.005554405951797015,0.007041852883583166,0.005065414472318119,0.0017679419810601171,0.0023595243374372465,0.0021969845206444294,0.0021307805214827447,-0.04543756002374266,-0.2944493264611335,0.2490117664373908,59.352972628998344,63.29572925060435,66.26081307875332,8.614998953683036,0.5602788556080991,0.029329388609404317,0.008172459517263296,-2.6600341796875,-0.0038442021146022354,-0.5087435392605426,-0.17190376978991817,0.012984204795487949,-0.0026922527587933676,-0.008900203494402903,0.3883740987347635,21.001117811048196,-36.70427074939565,bull,high,neutral,normal,end_week,0
2026-02-27,683.0900268554688,686.8599853515625,681.6400146484375,685.989990234375,2026,2,27,4,-0.004801969559279806,-0.004989632708108704,-0.0004487871341606331,-0.0024589983987214348,-0.002606355860794052,-0.002214035813963511,-0.0024832904451544957,-0.1855766756950743,-0.2726747963079217,0.08709812061284739,45.61136977932464,47.79947537161178,64.13848741672905,8.11285400390625,0.413065414356036,0.02828561705915401,0.00822513949915572,4.719970703125,0.0069281937672416305,-1.0884816520227616,-0.029489136536232308,0.00760939777173942,-0.0021585374504697885,-0.013659434547431237,0.3817071685757467,-48.27117747461013,-52.20052462838822,bull,high,neutral,high,end_week,1
2026-03-02,678.7000122070312,688.6199951171875,678.02001953125,686.3800048828125,2026,3,2,0,0.0005685427688300049,0.0058470817988605095,-0.0005547600300930267,-0.001486021681116001,-0.002257185230376546,-0.0013937584892073085,-0.0017744736547395945,-0.26214516558275136,-0.2705688701628876,0.008423704580136249,42.40111654762299,49.62538789925763,53.57353084049125,8.332140241350446,0.44638394216144756,0.027715981760364803,0.008208199672583403,4.6300048828125,0.006791352963421371,-0.455434031453757,0.027664176604126123,0.015443304744501207,-0.001703370161965867,-0.013098657751339449,0.38249272819508096,-52.42901226243522,-50.37461210074237,bull,high,neutral,high,start_week,0
2026-03-03,675.0599975585938,682.6099853515625,669.6599731445312,680.3300170898438,2026,3,3,1,-0.008814341545397508,-0.010213077392065895,-0.009000580506520972,-0.00920047552039771,-0.011308313500236977,-0.008640781870003833,-0.009797649781533191,-0.8017674227334055,-0.3768085806769912,-0.4249588420564143,39.08940870533773,38.82833999284815,45.41773442123918,9.1778564453125,0.15814224843586355,0.026913169229897158,0.008313890836053236,-2.51995849609375,-0.003690354523233963,-1.2476601424062097,0.21519846671941623,0.01903489759635445,-0.0023286925787459056,-0.02179754325353045,0.37030696510474104,-166.07142447508414,-61.17166000715185,bull,high,neutral,high,start_week,1
2026-03-04,681.6300048828125,687.0900268554688,679.6199951171875,685.1300048828125,2026,3,4,2,0.007055381465455479,-0.011570394934386052,-0.0018400455513289948,-0.001890213471910207,-0.004583267296894622,-0.001393430521051009,-0.0026036852515345377,-0.8325064336235073,-0.4679481512662944,-0.3645582823572129,44.1792917339836,60.21810147182856,49.55727645464478,9.142857142857142,0.429177102089899,0.02668929862640703,0.00831143788829801,-1.15997314453125,-0.001690208485727096,-0.6633004717874262,-0.0681385071588817,0.010903086545682604,-0.0027482787035679745,-0.014895951770738325,0.3799750034683256,-40.09930600309525,-39.78189852817144,bull,high,neutral,normal,mid_week,0
2026-03-05,682.0800170898438,685.530029296875,675.6099853515625,681.3099975585938,2026,3,5,3,-0.0055755948462250515,-0.011591455644671789,-0.00694675722687399,-0.007102329905896765,-0.010154015999069621,-0.00589660872333253,-0.007564540757677096,-1.151832380456426,-0.6047249971043208,-0.5471073833521053,50.03858883857611,48.501311162157215,49.18258420894464,8.78143310546875,0.24193526610090504,0.027521505161080276,0.00833412959076027,-3.16998291015625,-0.004631228086445116,-1.399278695101923,0.2535722720605713,0.014560250078319686,-0.003229694677033934,-0.02038849282504085,0.37228082195106826,-91.3073558888749,-51.498688837842785,bull,high,neutral,high,end_week,0
2026-03-06,673.4099731445312,676.1099853515625,669.760009765625,672.3800048828125,2026,3,6,4,-0.013107091790493297,-0.019839918286435276,-0.017521194317050903,-0.019742047389105455,-0.022774495368768077,-0.016061424203230645,-0.01907766798033439,-2.1012543199981337,-0.9040308616830834,-1.1972234583150503,42.22407044216805,11.324019677596405,40.01447743719406,8.980717250279017,-0.13541012252252319,0.03106977161574202,0.008382599602349442,-17.04998779296875,-0.024730557089335803,-1.9978719273709893,0.19303082878063793,0.009444027989862998,-0.005346986643712359,-0.03322835076860642,0.35429421125542193,-219.05256490505627,-88.67598032240359,bull,high,neutral,high,end_week,1
2026-03-09,666.3900146484375,679.9199829101562,662.3900146484375,678.27001953125,2026,3,9,0,0.008759949144329537,-0.011815590917376939,-0.008317725378216068,-0.010264030728657114,-0.013936309376188283,-0.006304440997825123,-0.00971572931974729,-2.351298781359219,-1.1934844456183105,-1.1578143357409085,46.47912568880347,50.75108991426983,36.858806918007815,9.578574044363839,0.17842983011651387,0.031918479044172804,0.007366146832196795,-4.1199951171875,-0.006037595845112209,-1.2266196567814585,0.20681913340757552,0.025845117367613638,-0.005665709816296882,-0.024759480287159796,0.36615775967247943,-175.13888299275226,-49.24891008573017,bull,high,neutral,high,start_week,0
2026-03-10,677.719970703125,683.3599853515625,674.760009765625,677.1799926757812,2026,3,10,1,-0.001607069196751576,-0.004630141747290484,-0.008437043968116176,-0.010644082431397583,-0.015142992356562912,-0.006693918931742648,-0.010478391811187926,-2.6073608431881894,-1.4762597251322864,-1.131101118055903,42.73410741164077,47.26746057289991,36.447523388255384,9.741428920200892,0.16003518099538014,0.03130936448825,0.007243676080742446,-10.16998291015625,-0.014795931143354979,-1.709281519957365,-0.04620831901519862,0.012699689416333624,-0.006763008185867614,-0.026326759285814294,0.3639622496190067,-88.50288281619639,-52.73253942710009,bull,high,neutral,high,start_week,0
2026-03-11,677.5800170898438,680.0800170898438,673.3400268554688,676.3300170898438,2026,3,11,2,-0.0012551693717042234,-0.012844259819673076,-0.007236571273470549,-0.010744832166443952,-0.015979016538703927,-0.0067272605728808665,-0.010861660439509646,-2.846070074061231,-1.7502217949180754,-1.0958482791431556,43.39870573520469,44.55101383971677,47.52318810896217,9.884286063058036,0.15567186225033428,0.03120521092660651,0.007235806945620947,-16.82000732421875,-0.024266041595305654,-2.0447652644072596,-0.2006041805937936,0.009965534671041606,-0.008806171754783265,-0.027548884115606742,0.36225024597912414,-103.10793676162695,-55.44898616028323,bull,high,neutral,normal,mid_week,0
2026-03-12,671.1599731445312,671.6500244140625,665.8699951171875,666.0599975585938,2026,3,12,3,-0.0151849234423167,-0.022383349803535624,-0.018964979014378103,-0.023917726611826784,-0.03030645293466583,-0.018516772664400327,-0.02401052310814411,-3.819919946052323,-2.164161425144925,-1.6557585209073982,32.572723267440296,11.728940515551395,34.515804976056025,10.036429268973214,-0.15001665003535666,0.036795559945311855,0.007881970999154676,-23.239990234375,-0.033715349841780595,-2.5256654452663563,0.2480307920846554,0.008677940903314085,-0.011560722785302069,-0.042315479861706695,0.3415645802846541,-201.86475425397748,-88.2710594844486,bull,high,neutral,high,end_week,0
2026-03-13,669.27001953125,672.3400268554688,661.3599853515625,662.2899780273438,2026,3,13,4,-0.005660180081477395,-0.01500643502512733,-0.021100713483242495,-0.028090872924183885,-0.03510057709064296,-0.020444451757826387,-0.02740699640374622,-4.8401181850504145,-2.6993527771260233,-2.140765407924391,34.2427029215109,2.8774519338811135,19.719135429716427,10.132860456194196,-0.11969739543936594,0.045329983845207894,0.007275373145340848,-23.70001220703125,-0.03454862686689342,-2.8026401777740486,0.12811298190751907,0.016578903302463865,-0.01430163838122367,-0.0477361467069326,0.33397108316931146,-191.72071796907917,-97.12254806611888,sideways,high,neutral,high,end_week,1
2026-03-16,668.3800048828125,672.0700073242188,667.1199951171875,669.030029296875,2026,3,16,0,0.010176888512803295,-0.0136228787478484,-0.00859619150888391,-0.017282665972480404,-0.024914669932622924,-0.008878298238064186,-0.016233114740600296,-5.04659285011428,-3.1688007917236747,-1.8777920583906051,36.02814535934861,23.731566235026843,12.779319561486451,10.235007149832589,0.14143709625115097,0.04819981596474851,0.007713776010572863,-17.3499755859375,-0.025277507302823743,-2.1731290032090325,-0.040098987074711046,0.007398789277416327,-0.0164599714909055,-0.03804506363719651,0.34754675816202907,-119.43938387210792,-76.26843376497315,bull,high,neutral,high,start_week,1
2026-03-17,672.3900146484375,674.4400024414062,669.7000122070312,670.7899780273438,2026,3,17,1,0.0026305975119209624,-0.009436212997357307,-0.004580990176002553,-0.013824048836667546,-0.02199668323535009,-0.005311402439475477,-0.012647246274603563,-5.010454949940481,-3.5371316233670362,-1.473323326573445,31.82703421317632,29.524082514021458,18.71103356097647,10.169289725167411,0.2228898361066284,0.04988647346037742,0.007734634055364228,-9.5400390625,-0.014022663740912322,-1.6163193801547204,0.016209751533753147,0.007066280638709514,-0.017495841336631512,-0.03551454737502047,0.3510916113112472,-83.5515271074357,-70.47591748597854,bull,high,neutral,high,start_week,0
2026-03-18,668.3599853515625,669.719970703125,661.1900024414062,661.4299926757812,2026,3,18,2,-0.013953675007322364,-0.022030701044698953,-0.015006556961654094,-0.02580456193271785,-0.03490357195099747,-0.016286593334218225,-0.02451506433019013,-5.671708076710161,-3.964046914035661,-1.7076611626744995,29.210813862431934,0.8749190610863504,18.043522603378218,10.215715680803571,0.030169368357592048,0.054923115256473816,0.00812797332276732,-23.70001220703125,-0.034591992816144446,-1.928762446384743,-0.04758688260203181,0.012896252598421186,-0.02020014968624384,-0.04897266393023969,0.3322389180618903,-139.7833378055001,-99.12508093891365,sideways,high,oversold,high,mid_week,0
2026-03-19,656.969970703125,662.97998046875,655.1699829101562,659.7999877929688,2026,3,19,3,-0.002464364937880159,-0.009398567379171108,-0.014276426843676693,-0.026435870723962585,-0.03638178679645776,-0.015877940186004746,-0.02497481388394074,-6.2551779179455025,-4.42227311481763,-1.8329048031278727,29.96175381411139,13.841564105137351,14.746855226748387,10.226431710379464,0.05866649497624849,0.05989998589057925,0.008127140343768283,-21.510009765625,-0.03157154576140664,-2.3243236276148256,0.25315371904456363,0.011836916797646807,-0.022425516194158668,-0.051316342352215605,0.3289557951833393,-158.33870334547075,-86.15843589486265,sideways,high,oversold,high,end_week,0
2026-03-20,656.510009765625,656.6900024414062,644.719970703125,648.5700073242188,2026,3,20,4,-0.017020279897722146,-0.020715956995137508,-0.027594726452687568,-0.04011258956676533,-0.05164682715970026,-0.027747569072895772,-0.03860964420321866,-7.536867227896892,-5.045191937433482,-2.4916752904634096,25.187034816233634,9.086692279214223,7.9343918151459745,10.546434674944196,-0.08081820188348421,0.06906221161232158,0.008508471166358831,-23.80999755859375,-0.03541151935763398,-2.81179013475267,0.7789702755641184,0.018456036515881402,-0.024734646511398672,-0.06746320373977566,0.30633659557761894,-197.9588945378963,-90.91330772078578,bear,high,oversold,high,end_week,1
2026-03-23,658.0700073242188,662.6199951171875,653.9400024414062,655.3800048828125,2026,3,23,0,0.01050001924493782,-0.020402708124190094,-0.014000586251030511,-0.02809115180109456,-0.040731642652988787,-0.014880760194967979,-0.026458689430427063,-7.911901870872384,-5.618533924121262,-2.293367946751122,33.78816877903533,25.159358159353836,16.029204847901802,10.355717250279017,0.11773663921859796,0.07348638316701897,0.008840498601373013,-22.8900146484375,-0.03374764325313495,-2.056609290398898,0.43124867150294444,0.013244213450383348,-0.02711062098943995,-0.05767154943243069,0.3200531549715504,-123.97403510720036,-74.84064184064616,sideways,high,neutral,high,start_week,0
2026-03-24,651.3200073242188,657.030029296875,649.8800048828125,653.1799926757812,2026,3,24,1,-0.0033568497522664664,-0.02625260652126893,-0.013749355836475075,-0.028893256379942223,-0.04280600107031629,-0.015432738685520642,-0.027585484647073222,-8.291067857002531,-6.153040710697517,-2.1380271463050144,28.513788520470783,20.73023726055588,18.325429233041312,10.332859584263392,0.12175879136947935,0.07638844134554927,0.00857060072821809,-24.0,-0.035441094331755685,-2.296814981519209,0.01195132268382415,0.010946484115001905,-0.02946172497406596,-0.06083480445827205,0.31562193486530576,-134.79580194182572,-79.26976273944412,bear,high,oversold,high,start_week,1
2026-03-25,658.6699829101562,660.8900146484375,654.239990234375,656.8200073242188,2026,3,25,2,0.0055727589473859585,-0.006969725296116391,-0.005323040952502467,-0.020837127856640603,-0.0363889838644984,-0.008428728719812706,-0.0205582492901224,-8.203278582362941,-6.563088285030602,-1.6401902973323388,33.49064599959513,31.314782696602947,25.73479270550422,10.175000871930804,0.21699030840542985,0.07362690563435226,0.008400178254898343,-19.510009765625,-0.028846878406452947,-1.8244383102155342,-0.06573810526541435,0.010124576504838292,-0.03123219315519754,-0.055601063211743296,0.3229535787742037,-96.31073473190013,-68.68521730339705,sideways,high,neutral,high,mid_week,0
2026-03-26,652.0599975585938,654.8499755859375,644.8200073242188,645.0900268554688,2026,3,26,3,-0.017858744158138706,-0.022294575946727124,-0.019974498012966913,-0.03514423047100279,-0.05224413550381868,-0.022205166194281256,-0.03533092206818578,-8.976738093102767,-7.045818246645036,-1.9309198464577317,32.27233547198149,0.9577018945532778,17.667573950570702,10.207144601004464,0.04140259705574047,0.07663416810773879,0.00904923509729659,-20.969970703125,-0.0314836062516729,-2.078864227150028,-0.018105606174103284,0.015548168231045907,-0.03292734467156622,-0.07246684220706301,0.2993272892777812,-141.96909340494227,-99.04229810544672,bear,high,neutral,high,end_week,0
2026-03-27,642.5,642.6599731445312,633.1099853515625,634.0900268554688,2026,3,27,4,-0.017051883523327982,-0.022326009999274476,-0.03254103235010941,-0.047901442252396564,-0.0668622911384521,-0.03309506731461753,-0.04812936968519588,-10.35791875715131,-7.70823834874629,-2.64968040840502,23.087242033939646,1.950331351057214,11.407605314071146,9.810721261160714,-0.05883547451834514,0.08571653811648658,0.009558626806430602,-28.199951171875,-0.04257946233139398,-2.2989841637276793,0.04389805573994665,0.015060933603274484,-0.03547567383835859,-0.08828302957777279,0.2771713116823349,-187.11013668169934,-98.04966864894278,bear,high,oversold,high,end_week,0
2026-03-30,640.1099853515625,640.3699951171875,629.280029296875,631.969970703125,2026,3,30,0,-0.0033434623831846144,-0.035719787001853076,-0.030292566077324112,-0.047192638091164585,-0.06832952307956841,-0.030911736074225482,-0.04769230370337729,-11.491122688349037,-8.464815216666839,-3.0263074716821983,22.801108928341932,5.2951615209291765,2.7343982555132222,9.988577706473214,-0.010545121899687353,0.09243578298342271,0.009502616608509488,-37.06005859375,-0.05539371473758614,-2.455780520494942,-0.006054875585780328,0.017548248072568842,-0.03922518862042401,-0.09133132097249053,0.27290113744484246,-173.8429665557578,-94.70483847907083,bear,high,oversold,high,start_week,1
2026-03-31,638.9400024414062,651.5399780273438,637.97998046875,650.3400268554688,2026,3,31,1,0.02906792569891481,-0.004347906935542323,0.0010359498887662077,-0.017274795947142096,-0.040078318550365255,-0.0023214297690743457,-0.01855592564948072,-10.782589976270174,-8.928370168587506,-1.854219807682668,37.086377101321986,46.63421187429129,17.95990158209256,10.905007498604911,0.30991066487066493,0.09087724955946906,0.011965198291457787,-20.449951171875,-0.030486369566841365,-1.808750487461513,0.49167078332810066,0.020850627362057353,-0.04107172019516381,-0.06491820732558784,0.30990173313015323,-88.50564451220943,-53.36578812570871,bear,high,neutral,high,start_week,1
2026-04-01,653.9000244140625,658.52001953125,653.0,655.239990234375,2026,4,1,2,0.007534463782890022,-0.002405555665517034,0.009540104960479301,-0.007629386414658712,-0.032207572820695085,0.00439271777135497,-0.010343061252751418,-9.713712966765343,-9.085438728223073,-0.6282742385422697,44.32080659122814,57.48444724361773,36.4712735462794,10.742148263113839,0.41032543793906007,0.08507860244105783,0.011985131408303557,-6.19000244140625,-0.00935851489946038,-1.4070845762514554,-0.051833226766345386,0.008424424048470432,-0.0413531642537458,-0.057872867424642704,0.31977114029756737,-32.09822512021111,-42.51555275638227,bear,high,neutral,high,mid_week,1
2026-04-02,646.4199829101562,658.2000122070312,645.1099853515625,655.8300170898438,2026,4,2,3,0.0009004744280911581,0.01664882386529487,0.011067600190867166,-0.004815583394724765,-0.030489232164222613,0.004478552147652248,-0.008757891466959378,-8.71850846125551,-9.01205267482956,0.2935442135740498,46.492204899777285,58.79097338698015,54.30321083496306,10.892861502511161,0.43972991328615496,0.07990005751258623,0.011975468825142693,-3.969970703125,-0.006016930549520905,-1.1292865335021887,-0.3250376020250837,0.01995948113743552,-0.04110193259802286,-0.05702450603374776,0.3209595604603379,-41.784807237432304,-41.20902661301985,bear,high,neutral,normal,end_week,1
2026-04-06,655.8599853515625,659.719970703125,655.52001953125,658.9299926757812,2026,4,6,0,0.004726797348638012,0.03917419414952317,0.014226830736431273,0.0009098612485352042,-0.025040343043620794,0.0077959881608158366,-0.0037719627770489428,-7.592142110068835,-8.728070561877416,1.1359284518085815,44.28989351974222,65.65540525016185,60.6436086269199,10.494284493582589,0.5117152171148726,0.0776649070703296,0.011753961786534551,10.3599853515625,0.015973580699953027,-0.9592916206932847,-0.6017687805127419,0.006373895889637454,-0.038716362642013835,-0.05256725196903744,0.32720346860838,-5.202542702606799,-34.34459474983815,sideways,high,neutral,low,start_week,1
2026-04-07,656.6500244140625,659.6099853515625,651.0599975585938,659.219970703125,2026,4,7,1,0.0004400741058487867,0.04311913740091455,0.014073798823413863,0.0028012329820463755,-0.02374431253730147,0.006963052294510774,-0.0030873814529995824,-6.600009062256163,-8.302458261953166,1.7024491996970035,43.34827923310621,74.03557068859347,66.16064977524515,10.718571254185267,0.5386946269330251,0.07239333220333195,0.01153767092048572,3.8399658203125,0.00585914399539722,-0.691686771861513,-0.27529788033090674,0.01296985554586479,-0.037293253611910715,-0.0521503113495958,0.3277875364881071,-10.019054928936413,-25.964429311406526,sideways,high,neutral,normal,start_week,1
2026-04-08,676.3900146484375,677.0800170898438,671.4600219726562,676.010009765625,2026,4,8,2,0.025469554638327674,0.03947163306905166,0.036262528807556205,0.028433652574412438,0.001616506193730105,0.0274552960534884,0.020617362724544508,-4.408106731351722,-7.523587955832879,3.1154812244811563,57.72245968870806,97.7614903818529,79.1508221068694,11.308576311383929,0.8960612309943149,0.0717910523658919,0.013002760461079168,22.83001708984375,0.034952107146331235,-0.3389408056441287,-0.03667105916723479,0.008313479143801393,-0.03343363448034142,-0.028009001915592524,0.3616056936967815,130.64616329316632,-2.23850961814711,bull,high,neutral,high,mid_week,1
2026-04-09,674.8400268554688,681.1599731445312,673.77001953125,679.9099731445312,2026,4,9,3,0.00576909117108837,0.03765030107721601,0.03856483814942879,0.03408518363431745,0.00786023763340471,0.028102637258508256,0.024493944077112362,-2.32946131102824,-6.484762626871951,4.155301315843711,60.40135316527785,97.59059106989285,89.79588404677973,11.278573172433036,0.962132127028247,0.07375636022862797,0.013061987967713774,23.0899658203125,0.03515417551663402,-0.09812272507667731,-0.40857131854941053,0.010869017818790455,-0.029564452201882085,-0.022401497230166267,0.36946092108279127,154.60449560011108,-2.409408930107141,bull,high,neutral,low,end_week,0
2026-04-10,681.3200073242188,682.030029296875,678.4500122070312,679.4600219726562,2026,4,10,4,-0.0006617805145495703,0.03603068518831676,0.03245710678112168,0.03234886741948939,0.007670047486942888,0.02310597021772276,0.022012975136555424,-0.7102399349014377,-5.329858088477849,4.619618153576411,67.98230840620741,95.12794820053317,96.82667655075964,10.457144601004464,0.9106139604400258,0.07878170382912317,0.012546738659052573,34.3699951171875,0.05327937758505774,-0.2192938620850683,-0.5469891722226479,0.005268914982591606,-0.024007834447919207,-0.023048452870352287,0.3222153333784672,150.74849484085837,-4.872051799466824,bull,high,neutral,low,end_week,1
2026-04-13,677.4099731445312,686.2999877929688,676.5800170898438,686.0999755859375,2026,4,13,0,0.009772397784351794,0.0412334894634625,0.034371998367429324,0.040555228913690566,0.017757089636321277,0.027869282860917943,0.029560016355457464,1.0961576130939648,-4.044654948163486,5.140812561257451,67.91879444844764,99.64922421498264,97.45592116180289,10.147857666015625,0.9649719762464207,0.08722080251175729,0.012585483821505627,52.00994873046875,0.08202297233468969,0.02321041909186344,-0.4053481224625676,0.01416698884856253,-0.016062798255687127,-0.013501293735763364,0.33513654757281097,149.00341894471478,-0.3507757850173675,bull,high,neutral,low,start_week,1
2026-04-14,687.6900024414062,694.5800170898438,687.6599731445312,694.4600219726562,2026,4,14,1,0.01218488075237012,0.053457196134310214,0.03720412511784965,0.05120713716022807,0.03008224151677097,0.03396823185816289,0.03886497162554736,3.16583280988732,-2.6025573965533253,5.768390206440645,72.46409833647986,99.81624021497838,98.19780421016473,10.24285888671875,1.0195915197363796,0.09855268074084132,0.01266323909446178,62.49005126953125,0.09888136172040785,0.30152263371763616,-0.29618412955387485,0.00996463975803199,-0.006866424292585216,-0.0014809246375662166,0.35140502719311684,175.4483010230855,-0.18375978502161466,bull,high,overbought,normal,start_week,1
2026-04-15,695.260009765625,700.280029296875,694.2000122070312,699.9400024414062,2026,4,15,2,0.007890994867038925,0.035398873286029975,0.03770144990416302,0.057169851778144265,0.03807111244931605,0.03541661216888303,0.043425142225334,5.188444778558733,-1.0443569615309138,6.232801740089647,73.00469942195026,99.52108893595951,99.66218445530683,10.126429966517858,1.014263557875917,0.11116839002606967,0.012732714146251808,49.5999755859375,0.07626775769248573,0.5759188637720183,-0.34377291363557616,0.008686483225185752,0.00035623207926249734,0.0,0.3620689573259883,175.68666339461507,-0.47891106404049294,bull,high,overbought,low,mid_week,1
2026-04-16,701.0599975585938,702.780029296875,698.530029296875,701.6599731445312,2026,4,16,3,0.002457311622604319,0.03198952928930865,0.0331412959580053,0.05655770688831696,0.040247700777803264,0.03193430573076905,0.0424379888406492,6.851190339692266,0.5347524987137222,6.316437840978544,83.78925617424375,98.47611407844387,99.27114774312724,9.572858537946429,0.9599819584565132,0.12295635915395112,0.012152069037743157,46.41998291015625,0.07084424577558535,0.8041209913992887,-0.4265660223809816,0.0060570649070280725,0.006878444262755412,0.0,0.36541598520561425,153.79944405006492,-1.5238859215561225,bull,high,overbought,low,end_week,1
2026-04-17,706.1400146484375,712.3900146484375,705.760009765625,710.1400146484375,2026,4,17,4,0.012085685130224011,0.045153492013715546,0.03733224343436281,0.0652893838860924,0.05207268491765271,0.037319302289620104,0.050752875022700206,8.752305525055021,2.1782631039819824,6.574042421073039,96.83457661419152,97.29274407824487,98.42998236421607,9.483572823660714,0.9768570379688828,0.13691605384327543,0.012241254233344203,54.30999755859375,0.08281108845793139,1.093376654912384,-0.1698099995729324,0.009336193913949147,0.014209952092579137,0.0,0.38191797287458384,153.80881705301937,-2.707255921755134,bull,high,overbought,normal,end_week,0
2026-04-20,708.780029296875,709.9099731445312,706.1400146484375,708.719970703125,2026,4,20,0,-0.001999667552905704,0.032968949019229754,0.02778282080227834,0.05838417085980896,0.04900224160987743,0.02966186374195301,0.044886125574428615,10.028762001994664,3.7483628835845186,6.280399118410146,97.67673581305905,95.06781042937035,96.94555619535303,8.977146693638392,0.9033145835409832,0.1447608721390957,0.011326196233831345,49.78997802734375,0.07556186329469794,0.8960630703033052,-0.4495536696169219,0.0053193908058687175,0.020645821644533102,-0.001999667552905704,0.3791545963434493,128.4129229713395,-4.932189570629643,bull,high,overbought,low,start_week,0
2026-04-21,710.280029296875,711.280029296875,702.6400146484375,704.0800170898438,2026,4,21,1,-0.006546949154936255,0.013852482234846697,0.014454359167089148,0.04764536021283439,0.04171940065939461,0.01932630561012938,0.035128141072583885,10.54440810449762,5.10757192776714,5.4368361767304805,90.24871228037455,87.64864158734882,93.33639869832136,8.196432931082589,0.8182148954309417,0.14972699548935564,0.011491523512648703,44.86004638671875,0.06805019322893235,0.6554809952502992,-0.21744038850360403,0.012271353310308472,0.026876558068803957,-0.008533524986046315,0.3701253413243921,106.45383901433831,-12.351358412651182,bull,high,overbought,low,start_week,1
2026-04-22,709.1500244140625,711.4500122070312,708.219970703125,711.2100219726562,2026,4,22,2,0.010126696838070659,0.01610140796631132,0.01955654892340508,0.053705355273143685,0.051731416047272605,0.02497346099520592,0.042089806242270544,11.39701546201627,6.365460634616966,5.0315548273993045,90.56391446399329,98.24614720279847,93.65419973983921,8.138575962611608,0.8460255581842726,0.15520632509042423,0.011454111961474328,35.20001220703125,0.05207025295266732,0.8430111997455274,-0.41452141392558717,0.004541614156317998,0.031557707277583,0.0,0.3489047358419275,107.21874416141374,-1.7538527972015283,bull,high,overbought,low,mid_week,0
2026-04-23,709.5,712.3599853515625,702.280029296875,708.4500122070312,2026,4,23,3,-0.0038807239498251933,0.009677107605368995,0.011461674528820964,0.045617079803037086,0.04714419349329502,0.017708494807810116,0.035128540793951224,11.714960442164625,7.435360596126499,4.279599846038126,86.9730607847779,93.57573562121391,93.15684147045373,7.923570905412946,0.7878469960170175,0.15847683121327472,0.011594191241606345,28.5400390625,0.04197620301185534,0.6147795879645402,-0.207676345928671,0.01422818248430183,0.035278172038595956,-0.0038807239498251933,0.3231669246941602,89.88167389853176,-6.424264378786084,bull,high,overbought,low,end_week,1
2026-04-24,710.75,714.469970703125,709.010009765625,713.9400024414062,2026,4,24,4,0.007749297960024215,0.0053510402379592925,0.014306620829469985,0.04839313905815534,0.054573603582811714,0.02157238014022944,0.03982646217037611,12.268506750810388,8.401989827063277,3.8665169237471115,87.3963729065045,99.16421938783859,96.99536740395031,8.053571428571429,0.8065285665780676,0.15787480951087918,0.010425206305136646,34.47998046875,0.05074615040432451,0.7966230958312374,-0.3387887916636636,0.007647646747386317,0.03969902387151203,0.0,0.305932062509092,94.8671964855229,-0.8357806121614116,bull,high,overbought,low,end_week,1
2026-04-27,713.1699829101562,715.6300048828125,712.2999877929688,715.1699829101562,2026,4,27,0,0.0017228064887020444,0.00910093192468131,0.011875005742741918,0.04398433456616302,0.055333529237530765,0.01967214411925733,0.0384166448105987,12.66050293599369,9.25369244884936,3.4068104871443303,87.55542044978749,98.95851901597527,97.23282467500924,7.680716378348214,0.7952617609186287,0.14896725681414816,0.009080896603882343,29.07000732421875,0.042369929104563164,0.9095382842888072,-0.48869480684807853,0.004656259587816182,0.04294850969551245,0.0,0.29879769701583503,92.05864055377678,-1.0414809840247292,bull,high,overbought,low,start_week,0
2026-04-28,711.8200073242188,712.8800048828125,709.25,711.6900024414062,2026,4,28,1,-0.004865948728146163,0.010808409792706142,0.004502473452937528,0.03289431071645632,0.049271180334627074,0.012419215705192777,0.0308162139542818,12.545737939003402,9.91210154688017,2.6336363921232326,79.15991184900601,90.58766407031439,96.2368008247094,6.827854701450893,0.7476972688195225,0.13280045788645234,0.009169936033364188,17.22998046875,0.024810615332193198,0.7214919651622638,-0.3045420802010369,0.005100542188818172,0.044568040462656944,-0.004865948728146163,0.2919851756086287,76.25484591415567,-9.412335929685609,bull,medium,overbought,low,start_week,0
2026-04-29,711.0,712.2000122070312,708.3699951171875,711.5800170898438,2026,4,29,2,-0.00015454109399481997,0.0005202332725307013,0.0026998912457798507,0.028165559520519468,0.048221018630136614,0.010356638984025723,0.02832171295495689,12.304077210307923,10.390496679565722,1.9135805307422018,77.59200490068874,89.62870919591431,93.05829742740131,6.573573521205357,0.7268620036135447,0.12415282890870914,0.007471182927368865,11.6400146484375,0.01663001772700068,0.5536069838977382,-0.2586677406095086,0.00538241237507963,0.045398556219847785,-0.005019737833101279,0.2836989603257176,69.28477574309326,-10.371290804085683,bull,medium,overbought,low,mid_week,1
2026-04-30,714.6300048828125,719.7899780273438,710.4500122070312,718.6599731445312,2026,4,30,3,0.009949627427204177,0.014411688561756009,0.010256312752210617,0.033659410654032884,0.05764177756508282,0.017215362679239066,0.035595689677359266,12.53930729662909,10.820258802978396,1.7190484936506945,80.61544357814171,97.38485095034692,92.53374140552519,6.984998430524554,0.7866507409704345,0.11742307220306321,0.007541386223371779,17.0,0.02422825962811226,0.8407891153443577,0.2240128297545454,0.012996362910605736,0.046904398631057775,0.0,0.2959570123348165,83.7409822294481,-2.615149049653084,bull,high,overbought,normal,end_week,1
2026-05-01,721.25,724.8699951171875,720.469970703125,720.6500244140625,2026,5,1,4,0.0027691138283709726,0.009398579642141414,0.011559304540801785,0.03171232231054599,0.05944260541358504,0.016898200873538327,0.03551305174497532,12.739456812579874,11.20409840489869,1.5353584076811835,79.09723064649775,88.65904807520393,91.89086940715504,6.734287806919643,0.7928351548992196,0.10829410943320635,0.007503881062429623,10.510009765625,0.014799912057945397,1.0124754043805695,-0.1978699948974606,0.006105632782903212,0.0473361281516953,0.0,0.2904006700785533,101.99026731243717,-11.340951924796071,bull,medium,overbought,low,end_week,0
2026-05-04,720.0700073242188,722.1199951171875,714.989990234375,718.010009765625,2026,5,4,0,-0.0036633796697419507,0.003971121444320325,0.006541028418895589,0.023603876368875287,0.054675198599611896,0.011123770650232734,0.029301130308432954,12.540490657251894,11.471376855369332,1.0691138018825619,71.94781348371617,77.63290129095299,87.89226677216793,6.637856619698661,0.744731603311899,0.09644801100245834,0.007736193181420995,9.2900390625,0.01310819427493115,0.8127262383334929,-0.04347128822123525,0.00993023047845795,0.04782136924545144,-0.0036633796697419507,0.28491414719150354,84.30270902696455,-22.36709870904702,bull,medium,overbought,low,start_week,1
2026-05-05,721.77001953125,725.0399780273438,721.489990234375,723.77001953125,2026,5,5,1,0.008022185884992261,0.016973706316519843,0.011822814434407691,0.027089606068401384,0.06184516638014492,0.01622791033936055,0.03467979072199845,12.701181876890928,11.717337859673652,0.983844017217276,72.09347332300425,95.20950225515094,87.16715054043596,6.705710274832589,0.8313535189575447,0.08175439377745791,0.007721263464211811,19.69000244140625,0.02796557488279583,0.9637873125197834,-0.2986377413192577,0.004904856096785967,0.049437857332460755,0.0,0.29522196732653017,108.62378828210909,-4.79049774484907,bull,medium,overbought,low,start_week,1
2026-05-06,728.1599731445312,734.5900268554688,727.8200073242188,733.8300170898438,2026,5,6,2,0.013899439445017592,0.03126844411819785,0.022652699506068297,0.03711075743530401,0.0751379241881418,0.02556385540927142,0.04526260055707798,13.484843670434543,12.070839021825831,1.414004648608712,75.83108547859703,97.64775666031316,90.16338673547234,7.174996512276786,0.9640765688191022,0.07996688462366609,0.006405300924647449,22.6199951171875,0.0318049442757391,1.1861290769945798,0.05223832337398515,0.00922559635554011,0.05132262859856862,0.0,0.31322482662924167,155.19915146746314,-2.3522433396868334,bull,high,overbought,low,mid_week,0
2026-05-07,735.0499877929688,736.1300048828125,729.75,731.5800170898438,2026,5,7,3,-0.0030661051573263043,0.017977965140844265,0.01624142976544496,0.030169487027084774,0.07063581733601998,0.018905029151734976,0.038821385558885924,13.765663096482399,12.409803836757145,1.3558592597252535,69.12920311187932,86.55837200999643,93.13854364182016,6.864279610770089,0.8957973274273262,0.07622458499956448,0.0065884565757012665,23.1300048828125,0.0326487465371843,0.9893139714111785,0.02683417874517202,0.008720857231983396,0.05352506400288104,-0.0030661051573263043,0.3037155578024604,154.08317620443657,-13.44162799000357,bull,high,neutral,low,end_week,1
2026-05-08,734.9299926757812,738.0800170898438,734.5700073242188,737.6199951171875,2026,5,8,4,0.008256073001242203,0.02354814421455509,0.021272220837446287,0.034438740272926704,0.0779505355782315,0.023017804217704274,0.043733463480991164,14.310626271818023,12.789968323769322,1.5206579480487008,73.82135368243965,98.715021984598,94.30705021830254,7.042851039341518,0.978886249732044,0.07191423911669334,0.006580232699772762,23.67999267578125,0.03316804296552167,1.1862044633951012,-0.06705571034795155,0.0047585610325915255,0.0554977542562638,0.0,0.3070488712757866,167.23549218438612,-1.2849780154020054,bull,high,overbought,low,end_week,1
2026-05-11,736.4500122070312,740.7899780273438,736.4500122070312,739.2999877929688,2026,5,11,0,0.002277585595431564,0.02965136660740053,0.020189881610989335,0.03294149203792274,0.0787248622842518,0.02136483533669109,0.04254971865596047,14.708524172250918,13.173679493465642,1.5348446787852765,80.51993111589708,96.13089530499393,93.80142976652945,6.735704694475446,0.9736396784268502,0.06954968837774472,0.0064545284034416926,24.1300048828125,0.03374023722950881,1.3428516599377363,-0.1215137246020157,0.0058703718273668505,0.057376554824116965,0.0,0.31002578695752936,159.19298543319638,-3.869104695006078,bull,medium,overbought,low,start_week,0
2026-05-12,736.8900146484375,738.8400268554688,731.8300170898438,738.1799926757812,2026,5,12,1,-0.0015149399914519135,0.01990960216045412,0.014934302773304209,0.028236155159504728,0.07546493828833567,0.01671770850589005,0.03782070028101803,14.763304692617794,13.491604533296073,1.2717001593217212,76.08821945759061,93.22256861511347,96.02282863490178,6.742845807756696,0.9102600177116205,0.06882502301102239,0.006236731719550554,26.489990234375,0.037221248216924296,1.1171509468577028,0.09137366395081936,0.009496342132241847,0.05963995437895031,-0.0015149399914519135,0.2746801321818886,124.27981782003924,-6.777431384886528,bull,medium,overbought,low,start_week,1
2026-05-13,738.469970703125,743.9099731445312,735.469970703125,742.3099975585938,2026,5,13,2,0.005594848036780231,0.011555783044115753,0.01631864862087351,0.03094672778697194,0.0795323761709974,0.018893869992840928,0.04026538543488045,14.967440194182359,13.786771665473331,1.1806685287090275,81.90729915084421,95.4980962995911,94.95052007323284,6.625706263950893,0.9373942443081776,0.07075248060458628,0.006164137303269757,30.72998046875,0.04318555851867045,1.2732595909453766,-0.09697292187492501,0.011369916165974908,0.06219872835739437,0.0,0.2818117738169492,131.66653984283244,-4.501903700408905,bull,medium,overbought,low,mid_week,1
2026-05-14,743.6500244140625,749.530029296875,743.5599975585938,748.1699829101562,2026,5,14,3,0.007894256268722755,0.022676898538461776,0.02021973162149271,0.03574011581008363,0.08606311362536201,0.0226990133170335,0.04472597285380231,15.424269516111963,14.11427123560106,1.3099982805109036,82.03258867986602,96.69571123099325,95.13879204856595,6.71142578125,0.9804848325347509,0.07438344228586825,0.006259903074280705,29.510009765625,0.04106254817073296,1.4336396010394334,-0.06991629521734899,0.007979512510057704,0.06453843222500777,0.0,0.2919307244477263,148.3655665242527,-3.304288769006741,bull,medium,overbought,low,end_week,0
2026-05-15,741.7899780273438,743.4600219726562,737.9600219726562,739.1699829101562,2026,5,15,4,-0.012029351892724582,0.0021013364648858612,0.005408072787176366,0.02122877315473648,0.07119905520197367,0.008783080660358378,0.029705715708213454,14.888460357895951,14.269109060060037,0.6193512978359141,69.60785878129052,74.82984017580958,89.00788256879798,7.202850341796875,0.7822278605130516,0.07521855962818635,0.00676688047667008,18.51995849609375,0.02569896325355958,1.1615189838922946,0.2533124374622804,0.007440778342142862,0.06543709384828444,-0.012029351892724582,0.27638963514232184,95.39220426938499,-25.170159824190424,bull,high,neutral,normal,end_week,0
2026-05-18,739.8300170898438,741.4199829101562,733.3900146484375,738.6500244140625,2026,5,18,0,-0.0007034356211904624,-0.0008791605432681981,0.0018881079647170562,0.018404800643597286,0.068393409013356,0.006822920349266903,0.026777130522419368,14.257519623332996,14.26679117271463,-0.009271549381633548,73.14565139702978,73.566579572517,81.6973769931066,7.353563581194196,0.7470196504023865,0.07450743539478122,0.006732403694544881,20.6400146484375,0.028746137752557077,0.9430554536812112,-0.011811545268364587,0.01087114058933195,0.0663799685014137,-0.012724325639293821,0.27549177720644447,72.99417377734665,-26.433420427483,bull,high,overbought,low,start_week,0
2026-05-19,734.780029296875,737.6500244140625,731.530029296875,733.72998046875,2026,5,19,1,-0.006660859382243145,-0.006028356567753468,-0.006127995713466117,0.00955783703191293,0.059577046886017504,9.867199852697794e-05,0.018433805473287768,13.208231842800501,14.055079306731805,-0.8468474639313044,67.5653986259585,59.57000532573674,69.32214169135443,7.58856201171875,0.6371861843958001,0.06967055082119095,0.0067401403525549795,9.9599609375,0.01376122341175523,0.7201738752941557,0.12607351910453568,0.008340936420885632,0.06611016540973114,-0.019300430077719755,0.2669959058352651,47.268017784614244,-40.42999467426326,bull,high,neutral,low,start_week,1
2026-05-20,735.7100219726562,741.8699951171875,733.8900146484375,741.25,2026,5,20,2,0.010249028568310337,-0.0014279715510771007,0.0030500894702600867,0.0178013964054069,0.06845953455850906,0.008742683033345244,0.026676062818709045,12.83550671418891,13.811164788223227,-0.9756580740343175,67.79020996499781,76.02773615312844,69.72144035046072,7.502851213727679,0.7593965862912138,0.06862617839319601,0.006747872166070984,7.41998291015625,0.010111310163601228,0.8805923734460273,-0.053284106920067464,0.010765572301854974,0.06521054708523422,-0.009249212168656595,0.279981383070103,67.98424100506115,-23.972263846871556,bull,high,neutral,low,mid_week,1
2026-05-21,738.6400146484375,744.8699951171875,737.030029296875,742.719970703125,2026,5,21,3,0.0019830970699832307,-0.0072844571842247685,0.0035264748188517103,0.017426012496873478,0.06853329708778699,0.009075330763370415,0.026528819762194455,12.514474641432685,13.551826758865118,-1.0373521174324338,67.5241833866434,80.28358166756199,71.96044104880905,7.619275774274554,0.7656766977759782,0.06559104596959144,0.0066004708237504634,11.13995361328125,0.015227252457762575,1.0172068722192342,-0.09160384156807255,0.01055574931274635,0.0647783829327171,-0.0072844571842247685,0.28251971040050217,77.43134679286617,-19.71641833243801,bull,high,neutral,low,end_week,1
2026-05-22,746.239990234375,748.9400024414062,744.47998046875,745.6400146484375,2026,5,22,4,0.00393155436839554,0.008753104005669199,0.0063813533622063545,0.019213125248344065,0.07028356175072359,0.011013916823869208,0.02823669444427135,12.35327666962371,13.312116741016839,-0.9588400713931282,71.8419010931324,86.1269285689409,80.81274879654377,7.554277692522321,0.7970432776578199,0.06468123231011687,0.006491487645482792,8.02001953125,0.010872833687183059,1.1336563074523045,-0.12137110877929347,0.005981468114689512,0.06349701152056064,-0.003381542055293285,0.2875620063704807,101.95678424858448,-13.873071431059103,bull,high,overbought,low,end_week,1
2026-05-26,750.010009765625,752.1300048828125,748.3699951171875,750.5900268554688,2026,5,26,1,0.0066386085909901915,0.016164627424033018,0.011520966593430604,0.02350161242697113,0.07466458965492895,0.014957830243991,0.03238141192178623,12.481076649312968,13.145908722676065,-0.6648320733630975,71.47662257811942,93.66524812011198,86.69191945220496,7.515707833426339,0.8622492519882302,0.06487691085069412,0.006565330222653163,11.2900390625,0.01527125557813691,1.2393360895925793,-0.14201174790205606,0.0050094054425119825,0.06242443325139524,0.0,0.2961096265674046,122.49090973571721,-6.334751879888023,bull,high,overbought,low,start_week,0
2026-05-27,750.8800048828125,751.3800048828125,748.219970703125,750.4600219726562,2026,5,27,2,-0.0001732035840619206,0.022801360104187207,0.009674857590123542,0.020626483311939836,0.07197885249936387,0.012479496176161398,0.029746265919868398,12.428599586915766,13.002446895524006,-0.5738473086082401,65.83508073702465,92.5380583297425,90.77674500626512,6.96856689453125,0.8348513158190988,0.0615989316377156,0.006371463078354013,12.280029296875,0.01663554880749607,1.0358072796902837,-0.12058146557085092,0.00421079616124127,0.06170698858239043,-0.0001732035840619206,0.2768789187410845,115.70545490131808,-7.461941670257504,bull,high,neutral,low,mid_week,1
2026-05-28,750.25,755.1500244140625,749.22998046875,754.5999755859375,2026,5,28,3,0.0055165545026623075,0.018010085107504237,0.013568844463738294,0.023263411465509698,0.07531781376142144,0.015243315517139422,0.032716845150259743,12.576101326701973,12.9171777817596,-0.3410764550576264,71.15806433154678,97.67125765523657,94.62485470169702,6.935712541852679,0.9028057705742966,0.05775342153699057,0.006365100496280635,12.28997802734375,0.016556395667261192,1.1483996028709877,-0.13166805512392965,0.007845274498870292,0.06092232376218454,0.0,0.2839228908896201,135.37822302625366,-2.328742344763431,bull,high,overbought,low,end_week,1
2026-05-29,755.9000244140625,758.0800170898438,754.6900024414062,756.47998046875,2026,5,29,4,0.002491392716190699,0.01852651107872938,0.01496115500522488,0.023189038460402545,0.07508449503989145,0.014997419206161489,0.03259049956834881,12.698319873292121,12.873406200066105,-0.17508632677398417,68.76989352861996,93.9734939482063,94.72760331106178,6.720001220703125,0.9084717117075727,0.05677024331370039,0.006148757536210546,8.30999755859375,0.011107098317778563,1.2981210513762036,0.16546011600703947,0.0044813012055347325,0.05923708482651957,0.0,0.2834964313400852,153.969783990469,-6.026506051793699,bull,medium,neutral,low,end_week,1
2026-06-01,755.3599853515625,760.280029296875,754.6900024414062,758.5399780273438,2026,6,1,0,0.00272313559086812,0.017300524550024843,0.015086971377538116,0.023353047335582744,0.07499509999542786,0.01498791770662522,0.032694247375728125,12.813695236425247,12.861464007337934,-0.04776877091268794,69.0043382954044,93.94764775815217,95.19746645386499,6.809291294642857,0.9176500546894021,0.05591534604957707,0.006148693916441046,19.3699951171875,0.02620506184643312,1.3989737902507522,-0.07721059166300626,0.007369455819594576,0.05901772981736775,0.0,0.2869915661530196,147.93298831033835,-6.052352241847826,bull,medium,neutral,low,start_week,1
2026-06-02,757.030029296875,760.4000244140625,756.75,759.5700073242188,2026,6,2,1,0.0013579103629497435,0.011963895265662883,0.013627680999785508,0.021877887358092707,0.07307876809176572,0.01381352570743899,0.03149134619087213,12.840231601748428,12.857217526220033,-0.016985924471605074,71.16564639490556,97.12498361542983,95.01537510726276,6.53643798828125,0.9235318611857573,0.051655824184847675,0.005980415241121459,20.91998291015625,0.028321914599205744,1.4676904286836838,-0.3174054278133205,0.004805382491234287,0.05865179908400009,0.0,0.2815204386054069,137.6560541531461,-2.8750163845701744,bull,medium,overbought,low,start_week,0
2026-06-03,758.1500244140625,758.7999877929688,753.5700073242188,754.239990234375,2026,6,3,2,-0.007017150543661033,0.005036868255530402,0.0037675801929724084,0.012631706738312154,0.06258072829123473,0.0056629232652374295,0.02241640974789716,12.2895082272222,12.743675666420469,-0.45416743919826885,61.531010152853234,78.66284994270686,89.91182710542961,6.362152099609375,0.769989668906093,0.046785889213804416,0.006233916007810841,20.510009765625,0.02795307580660933,1.2277821849124588,0.09388200694176962,0.006934106566167115,0.05859239654557835,-0.007017150543661033,0.27179834037476946,97.44048134959341,-21.337150057293144,bull,medium,neutral,low,mid_week,1
2026-06-04,752.0999755859375,758.3099975585938,751.469970703125,757.0900268554688,2026,6,4,3,0.003778686701839007,0.003299829512448227,0.005440990277300939,0.014873473208316224,0.06348223573409162,0.007995520678512946,0.024285872968869082,11.945331772769237,12.584006887690222,-0.6386751149209857,59.154379063678384,88.53481774015552,88.10755043276406,6.335008893694196,0.8181602620311555,0.046748368615750636,0.005603036750937932,15.84002685546875,0.021369344830312054,1.3727677175769402,0.0662157733428117,0.009034628132506804,0.05772715258086181,-0.0032649794552662703,0.2766040678509645,88.48935903813174,-11.465182259844484,bull,medium,neutral,low,end_week,0
2026-06-05,752.3099975585938,752.8200073242188,735.530029296875,737.5499877929688,2026,6,5,4,-0.0258093996346227,-0.025023785380349883,-0.019835866079745856,-0.011715249194597988,0.03368996453564499,-0.015290284086444395,-0.001991363920299416,9.980799163607799,12.063365342873738,-2.082566179265939,48.633149246383326,20.851955366316705,62.68320768305969,7.145725795200893,0.2363616546092296,0.04443681808590252,0.008268685299838945,-5.16998291015625,-0.006960877738701243,0.97748563646605,0.9206657205980606,0.023442449072614002,0.05460904838591607,-0.028990111930329077,0.2436556832886141,-36.64908177366539,-79.1480446336833,bull,high,neutral,high,end_week,1
2026-06-08,743.3599853515625,745.3400268554688,738.1900024414062,739.219970703125,2026,6,8,0,0.0022642301373410056,-0.02546999220062507,-0.01677767424225529,-0.009583712620844453,0.0333041065300157,-0.01107359065480884,0.00024847405227079733,8.46111214739858,11.342914703778707,-2.8818025563801264,50.47173052053023,26.63644858627586,45.34107389758268,7.128587995256696,0.28218443220889433,0.04399920867931571,0.008076881666776113,-6.4200439453125,-0.00861011187595595,1.1404159622736016,0.005682146644468755,0.009672390759764784,0.05093637467362644,-0.026791522078105756,0.24389165757048303,-49.74748909054781,-73.36355141372414,bull,high,neutral,low,start_week,0
2026-06-09,743.6300048828125,746.9000244140625,722.5900268554688,737.0499877929688,2026,6,9,1,-0.002935503633772485,-0.029648379101463673,-0.0178952204107784,-0.01234221463405838,0.02731380704968145,-0.011851827782622393,-0.0024891612955877385,7.000947191468299,10.474521201316627,-3.4735740098483276,52.87894714000061,38.243749989910874,28.577384647501137,8.3564453125,0.22346016249409778,0.04463087396511169,0.008088364229636933,-13.5400390625,-0.01803919393816733,0.7721909486669971,0.7117853513100063,0.03298283421913878,0.046032794463508386,-0.029648379101463673,0.24024020908966537,-97.40451054394987,-61.756250010089126,bull,high,neutral,high,start_week,0
2026-06-10,733.3900146484375,738.3800048828125,725.3300170898438,725.4299926757812,2026,6,10,2,-0.015765545498457323,-0.0381973880086115,-0.030143971511698786,-0.027082054141138956,0.008490198852854736,-0.02330880736938057,-0.0168889583566324,4.850209257200618,9.349658812493425,-4.4994495552928075,37.19236626586038,7.5111504990483935,24.13044969174504,8.707157679966517,-0.037216109509567996,0.05041184294689628,0.008812864574373443,-25.030029296875,-0.0333529149641858,0.49448166551956463,0.1709658727272516,0.017989313820391244,0.03983495408568216,-0.044946501730241395,0.22068714564424607,-141.89245462277447,-92.4888495009516,bull,high,neutral,normal,mid_week,1
2026-06-11,728.760009765625,740.0,724.4099731445312,737.760009765625,2026,6,11,3,0.016996839411566045,-0.02553199276726692,-0.011433824887274069,-0.010243536330524328,0.023144470427523434,-0.005681985792844735,-0.00016590762614865362,4.093476236013316,8.298422297197403,-4.204946061184087,46.58499522612051,40.12161832765921,28.625506272206152,9.260733468191964,0.29981509748069196,0.05117037399729139,0.009585524833857563,-16.8399658203125,-0.02231641447806365,0.9204436660118736,0.6095105432770418,0.021131569411605086,0.03497823027462443,-0.02871361079069601,0.2414349690305242,-96.10247840694522,-59.87838167234079,bull,high,neutral,high,end_week,1
2026-06-12,740.7100219726562,744.4400024414062,735.030029296875,741.75,2026,6,12,4,0.005408249541260179,0.005694545829495912,-0.004121794711894777,-0.004461965180336369,0.026215501384446727,-0.00025763701680081574,0.004851305941800277,3.772234756788066,7.393184789115535,-3.6209500323274693,47.36055686145884,50.674356999995155,32.769041942234246,9.48858642578125,0.41292827558544776,0.05124470900671195,0.009489812805150006,-14.72998046875,-0.0194717386435298,1.2393266719700708,0.052615952434915014,0.012686178826466128,0.03046285774229296,-0.023460651621822648,0.24814895913228785,-38.409041330964286,-49.325643000004845,bull,high,neutral,low,end_week,1
2026-06-15,751.8499755859375,756.6799926757812,751.760009765625,754.8300170898438,2026,6,15,0,0.017633996750716197,0.021116916486808357,0.013944565819853372,0.01202980320359548,0.04145887050716035,0.014660049140815756,0.02086405282609416,4.520981573601489,6.818744146012726,-2.297762572411237,52.591045399615076,85.26842717832243,58.68813416865893,10.091443743024554,0.731804131124819,0.05189641420634455,0.009884425879458921,-3.7099609375,-0.004890923412037007,1.6002862609411177,0.10996648320443514,0.006518001137692764,0.027135906256432918,-0.006240359925575256,0.2701588138220363,71.37163031623629,-14.73157282167757,bull,high,neutral,low,start_week,0
2026-06-16,754.5499877929688,755.4400024414062,749.8800048828125,750.3300170898438,2026,6,16,1,-0.005961607114339795,0.018017813603987465,0.009152371594558062,0.005209409308774893,0.03264562458854714,0.007276628581486255,0.013668428698691004,4.697111056021072,6.394417528014396,-1.6973064719933237,49.92458244165938,73.3668130800237,69.76986575278042,10.262869698660714,0.6015721452274584,0.05128777478420854,0.010003996158986395,-9.239990234375,-0.012164764465786737,1.1953710389328347,0.21595981809110198,0.00741006947870513,0.023280184098331436,-0.012164764465786737,0.2625866260012135,45.721820476278154,-26.633186919976303,bull,high,neutral,normal,start_week,0
2026-06-17,751.2899780273438,752.1500244140625,739.219970703125,740.9600219726562,2026,6,17,2,-0.012487831892330603,0.02140803310267314,-0.0016666480676722495,-0.007823988262270598,0.01746093072286725,-0.00449003167896489,0.0009350298361365805,4.034111911177774,5.922356404647071,-1.8882444934692968,42.53995955474163,48.58502063831058,69.07342029888555,10.763584681919642,0.3411298196554882,0.049247682889918175,0.010313766933939768,-13.27996826171875,-0.017607085852862414,0.5983686736798587,0.5141450984368199,0.017450406671757873,0.019159510952445835,-0.024500684824458774,0.24681965646620552,-24.54552065498344,-51.41497936168942,bull,high,neutral,high,mid_week,1
2026-06-18,747.760009765625,748.22998046875,743.8599853515625,746.739990234375,2026,6,18,3,0.007800647930141791,0.012171953412875913,0.007526007440115778,-0.000451772614687429,0.0234098323550731,0.0027702579675950023,0.008090104704053136,3.9297754406693457,5.523840211851526,-1.5940647711821807,44.89090261787614,63.87189880528638,61.94124417454021,11.034293038504464,0.4907293513501683,0.0487315000008842,0.010206447046332483,-10.35003662109375,-0.013670813580892172,1.1703967750916644,0.38209085508943397,0.005852097348925849,0.01576517608246597,-0.016891158110679982,0.25654565763867865,-8.999263655523897,-36.12810119471362,bull,high,neutral,high,end_week,0
2026-06-22,747.7000122070312,750.1799926757812,743.1300048828125,744.3900146484375,2026,6,22,0,-0.003146979693962715,0.0035591704057127416,0.0034292999404683666,-0.003708687863246518,0.01838927857748751,-0.0003261606016766727,0.0045517360200071355,3.6157841370832102,5.142228996897863,-1.526444859814653,42.60016916963246,57.656676013230474,56.70453181894246,11.138575962611608,0.4235974676390666,0.04854142590099434,0.0102295003054487,6.84002685546875,0.009273984094199106,0.7886966313335972,-0.2054066586158908,0.00947082531231741,0.014908851712728266,-0.019984981673060953,0.2525913339695527,-14.994660749171748,-42.343323986769526,bull,high,neutral,low,start_week,0
2026-06-23,733.8099975585938,739.6300048828125,732.2999877929688,733.5800170898438,2026,6,23,1,-0.014521954010491611,-0.02815203359549323,-0.010390094019641305,-0.017383759318675973,0.002116326672238822,-0.01258852861018167,-0.009299800881872322,2.4662380496896503,4.60703080745622,-2.1407927577665697,37.66961446913494,30.350737614283016,50.62643747759995,11.741433279854911,0.16065672504222733,0.051227652355389036,0.010693337032955812,-5.63995361328125,-0.0076296012510548294,0.21444842067372213,0.11530382722691246,0.009992116632241935,0.012637727872671922,-0.034216714698795725,0.22232773014722684,-104.30002224335713,-69.64926238571698,bull,high,neutral,normal,start_week,0
2026-06-24,735.1699829101562,739.9500122070312,730.8400268554688,733.239990234375,2026,6,24,2,-0.0004635170636431152,-0.02277668021566359,-0.010340135554539831,-0.01669661829618707,0.00036343622712453616,-0.011061302584910226,-0.009042654736876377,1.5103666018686681,3.98769796633871,-2.477331364470042,39.54183521241324,29.81515149443985,39.27418837398444,11.963575090680804,0.18733039624483647,0.053400196551441466,0.010551681899425354,-3.80999755859375,-0.0051692525903195286,-0.34334046855495115,-0.054521063179249984,0.012424288736148389,0.010815404530587713,-0.0346643717313142,0.20841154097315862,-96.86037750018943,-70.18484850556015,bull,high,neutral,low,mid_week,1
2026-06-25,738.9099731445312,739.3699951171875,729.5999755859375,734.2999877929688,2026,6,25,3,0.0014456352254532678,-0.008988385313902003,-0.010094553608695267,-0.014206952642853432,0.0007217344854217878,-0.008161958772287203,-0.007050355740784164,0.8288105251804154,3.355920478107051,-2.5271099529266356,38.4443553149058,34.3501691941346,31.505352767619144,12.172860281808036,0.24063251217410556,0.05477537975920135,0.010565491136614237,8.8699951171875,0.01222722413843158,0.11201545800063611,-0.12077557797605942,0.013305215434655019,0.01092658711349448,-0.033268848542703955,0.2094808171343998,-88.27925167977547,-65.64983080586539,bull,high,neutral,low,end_week,0
2026-06-26,728.9500122070312,736.530029296875,716.5800170898438,728.989990234375,2026,6,26,4,-0.007231373616869652,-0.02376998718714518,-0.01608967113413373,-0.01965030848300664,-0.00730087790537326,-0.013005868031088275,-0.013190520811890871,-0.1382068390095128,2.657095014683738,-2.795301853693251,44.92770605888978,30.94758279325051,31.70430116060831,12.057861328125,0.15271430183979312,0.056582544536405585,0.010533952830812519,-8.77001953125,-0.011887360950935899,-0.6044801664448263,0.13081348956030414,0.027366647655363816,0.008932514448640072,-0.040259642685958275,0.19141320223547864,-128.84903361283028,-69.05241720674948,bull,high,neutral,normal,end_week,1
2026-06-29,736.530029296875,741.5599975585938,732.0900268554688,741.0,2026,6,29,0,0.016474862380159383,-0.004554083990552349,0.00022136526883320684,-0.0024608656084988967,0.007973737878069098,0.002752619312272442,0.0028391971491155132,0.06379693774647421,2.1384353992962857,-2.0746384615498115,50.93962724210189,60.8977500692544,42.06516735221316,12.399287632533483,0.4546703573045784,0.05428821985282226,0.011263628423931653,-0.75,-0.0010111223458038054,-0.0584561747409183,-0.07828989894337623,0.012779987453609986,0.007750656882991258,-0.024448052378524543,0.2050544508339467,-39.988854197131054,-39.1022499307456,bull,high,neutral,low,start_week,1
2026-06-30,741.2899780273438,748.02001953125,740.8900146484375,746.77001953125,2026,6,30,1,0.007786800986842035,0.017980318621180214,0.009107758609740113,0.0061038486448152796,0.014811321142826461,0.008921612206292284,0.009851587351014102,0.6816214327091075,1.84707260597885,-1.1654511732697426,54.943058896562434,75.28683496753415,55.710722610013,11.172145298549108,0.6199903600940512,0.05086949184943701,0.011407075719556885,-8.05999755859375,-0.010677897508194145,0.4759181418380733,-0.12488551938506953,0.009547792086361511,0.005652084709906635,-0.016851623510069857,0.20905041692450022,24.01922576326905,-24.713165032465852,bull,high,neutral,low,start_week,0
2026-07-01,745.0,749.4400024414062,742.3800048828125,745.760009765625,2026,7,1,2,-0.001352504438058455,0.017074927306198973,0.008365645555629575,0.005678664091847363,0.01241958202086324,0.006386993859794909,0.007852248161809072,1.0773336177416013,1.6931248083314003,-0.615791190589799,61.589335307760884,72.76810583898276,69.65089695859042,10.744288853236608,0.6228424519712784,0.046227212178857786,0.011397190517919703,-4.57000732421875,-0.006090663068423541,-0.01386791481451193,-0.26793985191685354,0.00946684920905392,0.004020304026720156,-0.018181336052542463,0.20741517086977335,39.08340223364813,-27.231894161017234,bull,high,neutral,low,mid_week,0
2026-07-02,747.4000244140625,751.3099975585938,740.030029296875,744.780029296875,2026,7,2,3,-0.001314069480687241,0.014272152632611723,0.0065206997482591955,0.004998171912759863,0.009973111148048774,0.004282036358771224,0.006041393788419613,1.2969121456276298,1.6138822757906464,-0.31697013016301656,54.59666113012576,70.32426278314394,72.79306786322027,10.436427525111608,0.6146096209827018,0.043610404343927406,0.011305884402832585,3.82000732421875,0.005155483711589026,-0.6276871738340922,-0.1112994289976853,0.015145368857926866,0.0034300451055333525,-0.019471513994404943,0.20059966639940696,42.45864292957445,-29.675737216856064,bull,high,neutral,low,end_week,1
2026-07-06,748.739990234375,752.4099731445312,747.4099731445312,751.280029296875,2026,7,6,0,0.008727409093039817,0.03057660511268967,0.014682453047933697,0.014166752842336816,0.017681590227959232,0.011017499637740569,0.013708587054943377,1.9726854977247967,1.6856429201774765,0.2870425775473202,56.04160636926311,86.53374896118405,76.54203919443691,10.309282575334821,0.8469767980880407,0.040829107076900704,0.011459181183201208,4.5400390625,0.00607981241378952,-0.12934621646475034,-0.2165536216497267,0.006655308014349208,0.0029557396710828687,-0.010914040769655076,0.21107779084504186,102.25833536907344,-13.466251038815948,bull,high,neutral,low,start_week,0
2026-07-07,750.219970703125,750.9600219726562,745.2100219726562,747.7100219726562,2026,7,7,1,-0.004751899671231685,0.009055360286985392,0.009408163395292268,0.008655837482135498,0.011769521259503701,0.005252341297955043,0.008227493650579065,2.194869898743832,1.7874883158907477,0.40738158285308423,44.867361144110234,80.10812305043962,78.98871159825585,9.676426478794642,0.7090599471964366,0.04140361460056386,0.009848360396836443,3.32000732421875,0.004460037425121577,-0.6336883687140429,-0.2967042264985099,0.007690147023614828,0.002339348887637982,-0.015614078014141608,0.20532287068888921,68.99900556336381,-19.891876949560377,bull,high,neutral,low,start_week,0
2026-07-08,743.1599731445312,746.1500244140625,739.510009765625,745.4000244140625,2026,7,8,2,-0.0030894297130047432,-0.0018345609509704541,0.004686489180280695,0.005120689082607877,0.007785694264846876,0.001815825945416849,0.004732139050191764,2.159659924512084,1.861922637615015,0.29773728689706913,46.33021145593009,80.43550843386629,82.35912681516331,9.864998953683036,0.6231438566823454,0.04158298449119507,0.009877188221123271,11.82000732421875,0.016112771679781313,-1.125291478042733,-0.29280814904036667,0.008907988235789265,0.003084748444357688,-0.018655269130588348,0.20159911039841893,22.37936723427702,-19.564491566133707,bull,high,neutral,low,mid_week,1
2026-07-09,747.3499755859375,751.969970703125,745.5900268554688,751.7100219726562,2026,7,9,3,0.00846525000257925,0.00797845436751321,0.010675354479981802,0.01262840264174292,0.01531367405734807,0.008698599362569448,0.012244889357583055,2.6108238818592326,2.011702886463859,0.5991209953953738,58.38402936847497,98.04646377236227,86.1966984188894,9.41070556640625,0.7949018527793122,0.0428223916626027,0.009998984891794252,18.47003173828125,0.025189613202053263,-0.6866059615479221,-0.3044000348121416,0.008487240639567158,0.004589326886033307,-0.010347940645064835,0.20908135076073053,78.37940260559787,-1.953536227637734,bull,high,neutral,low,end_week,1
2026-07-10,752.0499877929688,755.4199829101562,748.0999755859375,754.9500122070312,2026,7,10,4,0.0043101596888019955,0.013655015588639463,0.012221196570220805,0.014974897280275012,0.018499617769741628,0.01101702336365995,0.015358722661870772,3.1930076975445445,2.247963848679996,0.9450438488645485,56.667225106392685,98.7899816768654,92.42398462769798,9.414280482700892,0.8782501950832794,0.039589926125426236,0.009199614755030207,20.6500244140625,0.02812205468793305,-0.2560188415480776,-0.28086380271560574,0.009696015902853409,0.006202617788280351,-0.0060823822328933685,0.21429268445926186,105.6563004782166,-1.2100183231346076,bull,high,neutral,low,end_week,0
2026-07-13,752.469970703125,753.9099731445312,748.0,749.1699829101562,2026,7,13,0,-0.007656174850540931,-0.0028086017256355733,0.0017609981464026259,0.006432144999290568,0.009677741942088591,0.0027710264828537667,0.007019166239112806,3.1516621084014105,2.428703500624279,0.7229586077771315,53.67689521024713,83.90832775467743,93.58159106796836,9.407139369419642,0.6637441306013753,0.039281682803942224,0.00872916982988134,20.17999267578125,0.027682125881170583,-0.8178205389827846,-0.22173613442970974,0.00788869452774111,0.007902826932107088,-0.013691989301551355,0.20499584734730902,73.63460836342199,-16.091672245322574,bull,high,neutral,low,start_week,1
2026-07-14,750.9099731445312,753.3400268554688,748.6599731445312,751.8300170898438,2026,7,14,1,0.00355064169730146,0.005510150989173512,0.0038641488445558814,0.009322240245507318,0.012357612810641738,0.005352215611024391,0.009802242880582623,3.29554892202907,2.6020725849052373,0.6934763371238328,66.0509838614091,90.75703146361931,91.15178029838738,8.877855573381696,0.7325529163146705,0.040086533393084975,0.008687381349602995,10.83001708984375,0.014615407678601589,-0.4327897203341806,-0.36629715949816755,0.0062248827588088085,0.00846077029034431,-0.010189962952382947,0.2092743558479757,78.10829209901945,-9.242968536380694,bull,high,neutral,low,start_week,1
2026-07-15,754.239990234375,755.5800170898438,750.2000122070312,754.8099975585938,2026,7,15,2,0.003963635929681075,0.01262405800419475,0.006762321352867362,0.013324187844901969,0.015436084588139387,0.007889261416717419,0.012769101306763675,3.6084438826685528,2.8033468444579004,0.8050970382106524,68.1290878591545,98.02559094551282,90.89698338793652,8.611428397042411,0.8324476410839055,0.04007905666426135,0.00777576035795852,8.03997802734375,0.010766337449366947,0.0760038078662666,-0.19757204269313222,0.007127628012630908,0.008615502439162093,-0.00626671632598208,0.21406747913365654,106.23550841925618,-1.9744090544871795,bull,high,neutral,low,mid_week,0
2026-07-16,752.760009765625,754.5700073242188,747.8800048828125,750.719970703125,2026,7,16,3,-0.005418617756386079,-0.0013170654116505531,0.0006450769544621426,0.007806991632756777,0.009045777819102874,0.0020536054289166383,0.006738303320941386,3.4861976909081704,2.9399170137479547,0.5462806771602158,63.131767234941115,87.53834259815706,92.10698833576305,8.4085693359375,0.6943920742565372,0.04016105935704954,0.007754668241819418,4.9599609375,0.006650880809576876,-0.5299974530790798,-0.13424251630017947,0.008911448612643657,0.008395285259593654,-0.011651377142009922,0.2074889115337719,77.3394953403029,-12.461657401842949,bull,high,neutral,low,end_week,0
2026-07-17,742.0800170898438,747.2899780273438,740.7999877929688,743.2899780273438,2026,7,17,4,-0.009897156017872222,-0.015444776463544141,-0.009061652231017625,-0.0023234609621525237,-0.0014648741176205293,-0.006662108449784099,-0.0029873274040468356,2.7579860429889322,2.90353081959615,-0.14554477660721776,61.061239982890534,47.67967572623811,77.74786975663599,7.692138671875,0.4417740021821564,0.039904184543497055,0.007553153124947639,-1.49005126953125,-0.0020006595382773273,-1.3166004482938902,0.1946882699979091,0.00873143783210844,0.007666246977423574,-0.021433217662484627,0.1955382053864716,-10.39713117272843,-52.32032427376189,bull,high,neutral,normal,end_week,0
2026-07-20,747.0599975585938,748.72998046875,741.510009765625,742.0900268554688,2026,7,20,0,-0.0016143782471810253,-0.009450400064328957,-0.00944778536306945,-0.0036231496578655875,-0.0032980853626876083,-0.007002985882809676,-0.004257822955516466,2.0602972106179323,2.7348840978005065,-0.6745868871825742,51.01247121438719,16.054859452089133,50.424292592161414,7.309993198939732,0.4094284082729324,0.0400031575991701,0.007343963901194541,-9.19000244140625,-0.01223245938003592,-1.8607408353320942,-0.009747415606764731,0.009729238288943046,0.006208355207843352,-0.02301299458930417,0.1936081545140218,-5.2996516390091095,-83.94514054791087,bull,high,neutral,low,start_week,1
2026-07-21,746.2899780273438,749.0399780273438,744.1799926757812,748.280029296875,2026,7,21,1,0.008341309298597777,-0.0047217957680246725,-0.0012612723800492498,0.004425633134983897,0.004565069625657392,0.0010827870039520349,0.003746997320457357,1.9839851041075462,2.5847042990619147,-0.6007191949543684,51.39171406970046,54.57383655347125,39.43612391059949,7.297132219587054,0.6100738511712788,0.04020603520174405,0.00755472742925794,0.57000732421875,0.0007623374135268257,-1.429875604445177,-0.31765494742058864,0.0064948751286723625,0.005833699890251731,-0.014863643796462656,0.2035644093121518,30.74575015851692,-45.42616344652875,bull,high,neutral,low,start_week,0
2026-07-22,746.6199951171875,750.02001953125,746.3699951171875,747.4099731445312,2026,7,22,2,-0.0011627413779321527,-0.009803824059031574,-0.002690095925954261,0.002327379461451562,0.0031333359390932625,-6.871986842393873e-05,0.002388339092386671,1.832180711023966,2.434199581454325,-0.6020188704303591,51.52463681800801,49.15967503636661,39.92945701397565,7.053562709263393,0.5619580558946105,0.03756379098482904,0.006720972217312814,2.00994873046875,0.002696469901579013,-1.7511842278033054,-0.32439840787294505,0.004883563967852851,0.005839139710995145,-0.016009102600725855,0.20216497517243814,35.45795562473226,-50.84032496363339,bull,high,neutral,low,mid_week,0
2026-07-23,739.3699951171875,742.5599975585938,735.2100219726562,738.1799926757812,2026,7,23,3,-0.012349287272575782,-0.016703935577468076,-0.01322465240280446,-0.010378455376308438,-0.00922485919449767,-0.01052693636695412,-0.009257260366585252,0.9560713547073192,2.138573936104924,-1.1825025813976047,44.708120821331356,14.580124767035615,39.437878785624484,7.119275774274554,0.2075336522835915,0.03548598140382267,0.007349194829637765,-13.530029296875,-0.017999000813331167,-2.229916202723447,0.1429712452653502,0.009956888101633648,0.0040533979877450665,-0.02816068886630918,0.18731909454500473,-94.05790755061462,-85.41987523296439,bull,high,neutral,low,end_week,1
2026-07-24,738.510009765625,743.719970703125,737.2899780273438,738.9299926757812,2026,7,24,4,0.0010160123647910968,-0.005865793271064512,-0.010102205520951979,-0.009680338010785494,-0.008238186338863307,-0.008068574329674671,-0.0076441657794794615,0.3185945501320475,1.7745780589103486,-1.455983508778301,39.09200980270599,18.262010774790106,27.333936859397436,7.033564976283482,0.21158067557091098,0.03356341684090418,0.007346486284564861,-16.02001953125,-0.021219973868755737,-1.6667345642999047,-0.0679188909188071,0.008701761654709993,0.001883042059983131,-0.027173288109607285,0.18852542542601514,-84.88270802169254,-81.73798922520989,bull,high,neutral,low,end_week,1
2026-07-27,744.9099731445312,745.530029296875,735.8699951171875,739.0900268554688,2026,7,27,0,0.0002165755636849287,-0.004042636191611715,-0.008549014006916766,-0.01013580632343769,-0.007937646772762985,-0.006653516808249771,-0.006882718914934971,-0.17171753655588873,1.3853189398171013,-1.55703647637299,41.89851198329566,19.04764758406194,17.29659437529588,7.289995465959821,0.1293186819820036,0.027343720416321497,0.007128015324387882,-10.0799560546875,-0.013454831726615435,-1.178293195033581,-0.10963527778049198,0.013070172548244314,0.0006166388886501561,-0.02696259761611175,0.1887828309899806,-107.14279625466587,-80.95235241593807,bull,high,neutral,low,start_week,1
2026-07-28,739.1900024414062,742.7899780273438,735.97998046875,740.8599853515625,2026,7,28,1,0.002394780651586048,-0.009916132537019284,-0.004710064639625866,-0.0077559953359769285,-0.005366687609748233,-0.003619408624906395,-0.004172152144231722,-0.41271501747417005,1.0257121483588472,-1.4384271658330172,45.68929347158379,27.73669481216029,21.68211772367077,7.190708705357143,0.21681270985118828,0.02738821834801023,0.0061122135741762664,-10.97003173828125,-0.014591106352395466,-0.6500111890698794,0.028053229912916144,0.009192016971144934,-0.0006597303426811862,-0.024632386471613255,0.19162970511257327,-116.02624587337415,-72.2633051878397,bull,high,neutral,low,start_week,0
2026-07-29,739.969970703125,742.6799926757812,729.0999755859375,729.4600219726562,2026,7,29,2,-0.015387473482586067,-0.024016205050563233,-0.016676275037406763,-0.021890322447721045,-0.020416184240799273,-0.016082510728634647,-0.018077426776195726,-1.5062261906708727,0.5193244805529031,-2.025550671223776,30.735930735930737,1.359689661610376,16.048010685944195,7.691428048270089,-0.13817269399397564,0.03430156547551634,0.0067258225392859364,-25.3499755859375,-0.03358457846071339,-1.353018029885358,0.511126187347098,0.01861653371094927,-0.003803334658212254,-0.0396408297605545,0.17329353462409158,-185.87329608123207,-98.64031033838963,bull,high,neutral,normal,mid_week,1
2026-07-30,736.0499877929688,742.4500122070312,734.5900268554688,741.6900024414062,2026,7,30,3,0.01676579949601198,0.0047549510965501085,0.0010284393472856923,-0.005220088949098867,-0.004073992825798234,0.0003499914798776871,-0.0014952805078181086,-1.3701897654325421,0.14142163135581415,-1.5116113967883562,40.06591871001255,47.54534411742334,25.547242863731327,8.096426827566964,0.34939641574749286,0.03466112028480464,0.007827188521966708,-9.02996826171875,-0.012028410877708895,-0.656446605002137,0.3986047509140942,0.010597399622065745,-0.005097190022304465,-0.023539640468163592,0.1929647387755662,-85.52147747771231,-52.45465588257666,bull,high,neutral,normal,end_week,1
2026-07-31,744.6799926757812,748.9000244140625,737.6799926757812,747.030029296875,2026,7,31,4,0.007199809675054292,0.010961845778870494,0.007726973862178799,0.0017909780059990332,0.0027383261852340635,0.006383009094548253,0.005269780593931461,-0.8220087741067346,-0.0512644497366956,-0.7707443243700389,48.38615836554634,67.7115770694412,38.872203616158295,8.40142822265625,0.5516398214536529,0.03468211073515118,0.007995662933744745,3.74005126953125,0.005031752586597715,-0.029622321816822252,0.3004179311605799,0.015019519026352728,-0.004950396095705911,-0.016509311724299147,0.20155385784380142,-13.896062587220396,-32.28842293055879,bull,high,neutral,normal,end_week,1
2026-08-03,749.4400024414062,758.5800170898438,748.7999877929688,757.6699829101562,2026,8,3,0,0.01424300656734756,0.02513896193909937,0.01993643374934373,0.015624342603471009,0.016572218711920605,0.01747401554235206,0.018110615598937674,0.46561660732606924,0.05211176167585737,0.4135048456502119,53.93105352333028,96.91304986946197,70.72332368544217,8.892137799944196,0.9223532069363204,0.036993545560615855,0.008391278016993818,15.5799560546875,0.02099469807013299,0.5807090154479386,0.23606251977514403,0.012908033203731533,-0.0032984555959589823,-0.002501447392263212,0.2186675973320924,125.1068256118874,-3.086950130538032,bull,high,neutral,low,start_week,1
2026-08-04,760.6300048828125,773.4099731445312,760.52001953125,771.3300170898438,2026,8,4,1,0.018029002715958642,0.04112792206454796,0.035113048201018904,0.0323008219800438,0.034106091023150764,0.030141493168541755,0.0336739795028238,2.5588230759755106,0.5534540245357881,2.0053690514397227,59.722238186645825,95.30589896346292,86.64350863412203,9.632136753627233,1.175802693790887,0.04779623146935643,0.009158119666386052,23.04998779296875,0.030803959601364506,1.2645419849935358,0.3899276333104844,0.01671133409524738,-0.0009727992315603506,0.0,0.22829124492402308,242.09594020375775,-4.694101036537071,bull,high,neutral,normal,start_week,0
2026-08-05,775.8499755859375,776.8499755859375,769.510009765625,769.7899780273438,2026,8,5,2,-0.0019966020100066206,0.055287411016198496,0.0299530173278717,0.028561012672036146,0.03137352982664621,0.02366174997838999,0.02920027958735938,4.046787158097231,1.2521206512480767,2.794666506849155,61.570206005754684,85.21466479875654,92.47787121056047,9.661420549665179,1.021883002183108,0.05472684979691136,0.009131915419697715,22.3800048828125,0.02994341216595564,0.7746877046515678,-0.10263446045437852,0.009535023876410842,0.0013792012595486014,-0.0019966020100066206,0.22583883615553435,225.39317485614174,-14.785335201243456,bull,high,neutral,low,mid_week,0
2026-08-06,770.2100219726562,771.8200073242188,767.4600219726562,768.5599975585938,2026,8,6,3,-0.001597813044932006,0.03622806702091186,0.024144461800594597,0.02576285147459778,0.029229985206588704,0.01857455213015813,0.025462665190511657,5.0683356504791846,2.0153636510942983,3.0529719993848863,66.5792103948026,82.63878947153141,87.71978441125027,9.264277866908483,0.9318172533125475,0.05966146854245922,0.009013138768087922,30.3800048828125,0.04115528080446884,0.375005315675508,-0.22623153818126374,0.005672927768049887,0.004965630919931963,-0.003591224858201403,0.2161337297458923,164.91073993591792,-17.361210528468586,bull,high,neutral,low,end_week,1
2026-08-07,771.02001953125,773.9199829101562,769.6099853515625,773.260009765625,2026,8,7,4,0.006115348472417681,0.035112350829374694,0.025715178540222094,0.03077626697391489,0.0348921183079165,0.020907786378251414,0.029314173052814363,6.185865093784059,2.8494639396322508,3.3364011541518086,69.55211034871425,92.48174697316755,86.77840041448515,9.131421770368304,0.9672002058097531,0.06587383008655413,0.009055416573386987,34.33001708984375,0.046459092782970446,0.807862719022074,-0.12334439017483112,0.00557380118480472,0.008946869423103188,0.0,0.22357081129234957,160.31996838296868,-7.51825302683246,bull,high,neutral,low,end_week,0
2026-08-10,772.5999755859375,775.0499877929688,771.6199951171875,773.030029296875,2026,8,10,0,-0.00029741673673222557,0.020272739758967262,0.020814327046680292,0.028833538780678847,0.034074197639082815,0.017379192112850772,0.026801704261470105,6.972582140532495,3.6740875798122996,3.2984945607201954,66.77966101694915,92.00011248363874,89.0402163094459,8.879996163504464,0.9053043414372514,0.07114046367831198,0.008821497633471823,33.94000244140625,0.045921337331268575,0.40091745136888124,-0.20677048708045076,0.004437075593170771,0.012989502832277733,-0.00029741673673222557,0.22320690085449413,139.61675572402444,-7.999887516361256,bull,high,neutral,low,start_week,0
2026-08-11,774.530029296875,774.6099853515625,769.2000122070312,770.5599975585938,2026,8,11,1,-0.0031952597501651026,-0.0009983010050033103,0.013577315100400167,0.024269502883240257,0.030381923456831217,0.01192887252531638,0.02174064583631341,7.312456700708594,4.401761403991559,2.9106952967170354,65.3616668313712,86.82727114692409,90.43637686791011,9.005706787109375,0.8251827525628594,0.07463342594884023,0.008872040472888308,29.70001220703125,0.040088563013614076,0.03939630156830489,-0.25867187403842296,0.007020833110558498,0.016579503217045266,-0.003491726163169395,0.2192984370780695,109.28069534688818,-13.172728853075917,bull,high,neutral,low,start_week,1
